ISO-10303-21;
HEADER;
FILE_DESCRIPTION (( 'STEP AP214' ),
    '1' );
FILE_NAME ('FSMSM.STEP',
    '2024-04-09T12:50:45',
    ( '' ),
    ( '' ),
    'SwSTEP 2.0',
    'SolidWorks 2024',
    '' );
FILE_SCHEMA (( 'AUTOMOTIVE_DESIGN' ));
ENDSEC;

DATA;
#1 = LINE ( 'NONE', #46, #1480 ) ;
#2 = DIRECTION ( 'NONE',  ( 0.000000000000000000, -0.000000000000000000, 1.000000000000000000 ) ) ;
#3 = CARTESIAN_POINT ( 'NONE',  ( 0.5000000000000000000, 4.984500000000000597, -4.415000000000000924 ) ) ;
#4 = ORIENTED_EDGE ( 'NONE', *, *, #1296, .T. ) ;
#5 = CARTESIAN_POINT ( 'NONE',  ( -1.000000000000000888, 2.207106781137547991, -0.4489213562373094435 ) ) ;
#6 = ORIENTED_EDGE ( 'NONE', *, *, #3569, .F. ) ;
#7 = FACE_OUTER_BOUND ( 'NONE', #658, .T. ) ;
#8 = DIRECTION ( 'NONE',  ( -0.000000000000000000, -0.000000000000000000, 1.000000000000000000 ) ) ;
#9 = STYLED_ITEM ( 'NONE', ( #310 ), #1984 ) ;
#10 = MECHANICAL_DESIGN_GEOMETRIC_PRESENTATION_REPRESENTATION (  '', ( #2547 ), #2723 ) ;
#11 = DIRECTION ( 'NONE',  ( -1.000000000000000000, -0.000000000000000000, -0.000000000000000000 ) ) ;
#12 = ORIENTED_EDGE ( 'NONE', *, *, #3396, .T. ) ;
#13 = MECHANICAL_DESIGN_GEOMETRIC_PRESENTATION_REPRESENTATION (  '', ( #1825 ), #478 ) ;
#14 = ORIENTED_EDGE ( 'NONE', *, *, #977, .F. ) ;
#15 = LINE ( 'NONE', #1691, #2558 ) ;
#16 =( LENGTH_UNIT ( ) NAMED_UNIT ( * ) SI_UNIT ( .MILLI., .METRE. ) );
#17 = ADVANCED_FACE ( 'NONE', ( #1179 ), #2599, .F. ) ;
#18 = CARTESIAN_POINT ( 'NONE',  ( -0.5176071206474001096, 2.100000000000000089, -0.5074999999999999512 ) ) ;
#19 = ORIENTED_EDGE ( 'NONE', *, *, #2233, .F. ) ;
#20 = LINE ( 'NONE', #2591, #2662 ) ;
#21 = VECTOR ( 'NONE', #504, 1000.000000000000000 ) ;
#22 = FACE_OUTER_BOUND ( 'NONE', #1439, .T. ) ;
#23 = MECHANICAL_DESIGN_GEOMETRIC_PRESENTATION_REPRESENTATION (  '', ( #674 ), #959 ) ;
#24 = MECHANICAL_DESIGN_GEOMETRIC_PRESENTATION_REPRESENTATION (  '', ( #3332 ), #3626 ) ;
#25 = FACE_OUTER_BOUND ( 'NONE', #2967, .T. ) ;
#26 = VECTOR ( 'NONE', #3546, 1000.000000000000000 ) ;
#27 = VERTEX_POINT ( 'NONE', #1285 ) ;
#28 = PLANE ( 'NONE',  #1363 ) ;
#29 = CARTESIAN_POINT ( 'NONE',  ( 0.9999999999999997780, -3.000000000000000000, -0.8149999999999999467 ) ) ;
#30 = PRESENTATION_LAYER_ASSIGNMENT (  '', '', ( #2742 ) ) ;
#31 = DIRECTION ( 'NONE',  ( -1.000000000000000000, 0.000000000000000000, 0.000000000000000000 ) ) ;
#32 = ORIENTED_EDGE ( 'NONE', *, *, #2145, .F. ) ;
#33 = CARTESIAN_POINT ( 'NONE',  ( -0.9000000000000001332, -3.000000000000000000, -0.5074999999999999512 ) ) ;
#34 =( NAMED_UNIT ( * ) PLANE_ANGLE_UNIT ( ) SI_UNIT ( $, .RADIAN. ) );
#35 =( GEOMETRIC_REPRESENTATION_CONTEXT ( 3 ) GLOBAL_UNCERTAINTY_ASSIGNED_CONTEXT ( ( #215 ) ) GLOBAL_UNIT_ASSIGNED_CONTEXT ( ( #488, #2411, #2764 ) ) REPRESENTATION_CONTEXT ( 'NONE', 'WORKASPACE' ) );
#36 = CARTESIAN_POINT ( 'NONE',  ( 0.5000000000000000000, 2.100000000000000089, -0.4074999999999998623 ) ) ;
#37 = DIRECTION ( 'NONE',  ( 0.000000000000000000, 0.000000000000000000, 1.000000000000000000 ) ) ;
#38 = EDGE_CURVE ( 'NONE', #891, #864, #1846, .T. ) ;
#39 = DIRECTION ( 'NONE',  ( 0.000000000000000000, -1.000000000000000000, 0.000000000000000000 ) ) ;
#40 = VECTOR ( 'NONE', #1554, 1000.000000000000000 ) ;
#41 = ORIENTED_EDGE ( 'NONE', *, *, #399, .T. ) ;
#42 = CARTESIAN_POINT ( 'NONE',  ( -0.5000000000000000000, 4.984500000000000597, -4.415000000000000924 ) ) ;
#43 = MECHANICAL_DESIGN_GEOMETRIC_PRESENTATION_REPRESENTATION (  '', ( #1159 ), #748 ) ;
#44 = VECTOR ( 'NONE', #2528, 1000.000000000000000 ) ;
#45 = EDGE_CURVE ( 'NONE', #2174, #3583, #956, .T. ) ;
#46 = CARTESIAN_POINT ( 'NONE',  ( -1.750000000000000000, 1.500000000000000000, -4.065000000000001279 ) ) ;
#47 = CARTESIAN_POINT ( 'NONE',  ( 0.5000000000000000000, 3.720000000000000195, -3.165000000000000480 ) ) ;
#48 = DIRECTION ( 'NONE',  ( 1.000000000000000000, 0.000000000000000000, 0.000000000000000000 ) ) ;
#49 = MECHANICAL_DESIGN_GEOMETRIC_PRESENTATION_REPRESENTATION (  '', ( #2936 ), #2400 ) ;
#50 = CARTESIAN_POINT ( 'NONE',  ( -0.7928932187569545098, 1.999999999938200101, -0.5074999999999999512 ) ) ;
#51 = EDGE_CURVE ( 'NONE', #2368, #207, #730, .T. ) ;
#52 = ORIENTED_EDGE ( 'NONE', *, *, #2100, .F. ) ;
#53 = DIRECTION ( 'NONE',  ( 0.000000000000000000, -1.000000000000000000, -0.000000000000000000 ) ) ;
#54 = EDGE_CURVE ( 'NONE', #481, #227, #3324, .T. ) ;
#55 = LINE ( 'NONE', #2304, #627 ) ;
#56 = LINE ( 'NONE', #3642, #3472 ) ;
#57 = EDGE_LOOP ( 'NONE', ( #608, #3360, #2018, #2070, #1919 ) ) ;
#58 = DIRECTION ( 'NONE',  ( -1.000000000000000000, -0.000000000000000000, -0.000000000000000000 ) ) ;
#59 = CARTESIAN_POINT ( 'NONE',  ( 1.000000000000000000, 3.000000000000000444, -4.315000000000000391 ) ) ;
#60 = LINE ( 'NONE', #2309, #98 ) ;
#61 = CARTESIAN_POINT ( 'NONE',  ( 0.7600000000000000089, 1.399999999999999689, -0.8149999999999998357 ) ) ;
#62 = ORIENTED_EDGE ( 'NONE', *, *, #3668, .F. ) ;
#63 =( LENGTH_UNIT ( ) NAMED_UNIT ( * ) SI_UNIT ( .MILLI., .METRE. ) );
#64 = EDGE_CURVE ( 'NONE', #2109, #2999, #782, .T. ) ;
#65 = CARTESIAN_POINT ( 'NONE',  ( -1.000000000000000000, 3.000000000000000000, -0.8149999999999999467 ) ) ;
#66 = CARTESIAN_POINT ( 'NONE',  ( -0.5000000000000000000, 2.000000000000000000, -0.8149999999999999467 ) ) ;
#67 = LINE ( 'NONE', #2024, #2635 ) ;
#68 = CARTESIAN_POINT ( 'NONE',  ( -1.500000000000000000, -2.750000000000000000, -4.326499726692000003 ) ) ;
#69 = ORIENTED_EDGE ( 'NONE', *, *, #2486, .F. ) ;
#70 = LINE ( 'NONE', #1740, #2341 ) ;
#71 = CARTESIAN_POINT ( 'NONE',  ( -0.7600000000000000089, 3.000000000000000000, -0.8149999999999999467 ) ) ;
#72 = EDGE_CURVE ( 'NONE', #2567, #3283, #1000, .T. ) ;
#73 = DIRECTION ( 'NONE',  ( 0.000000000000000000, 0.000000000000000000, 1.000000000000000000 ) ) ;
#74 =( LENGTH_UNIT ( ) NAMED_UNIT ( * ) SI_UNIT ( .MILLI., .METRE. ) );
#75 = CARTESIAN_POINT ( 'NONE',  ( -0.7686291501015239946, -2.041421356237309137, -0.4074999999999998623 ) ) ;
#76 = AXIS2_PLACEMENT_3D ( 'NONE', #517, #2976, #2456 ) ;
#77 = AXIS2_PLACEMENT_3D ( 'NONE', #992, #670, #2628 ) ;
#78 = SURFACE_STYLE_FILL_AREA ( #1995 ) ;
#79 = COLOUR_RGB ( '',0.4274509803921568429, 0.4470588235294117307, 0.4274509803921568429 ) ;
#80 = SURFACE_STYLE_USAGE ( .BOTH. , #704 ) ;
#81 = PRESENTATION_LAYER_ASSIGNMENT (  '', '', ( #1887 ) ) ;
#82 = EDGE_LOOP ( 'NONE', ( #751, #2744, #3301, #1344 ) ) ;
#83 = PLANE ( 'NONE',  #2425 ) ;
#84 =( BOUNDED_CURVE ( )  B_SPLINE_CURVE ( 3, ( #1980, #3428, #3466, #36 ),
 .UNSPECIFIED., .F., .T. ) 
 B_SPLINE_CURVE_WITH_KNOTS ( ( 4, 4 ),
 ( 0.000000000000000000, 1.000000000000000000 ),
 .UNSPECIFIED. ) 
 CURVE ( )  GEOMETRIC_REPRESENTATION_ITEM ( )  RATIONAL_B_SPLINE_CURVE ( ( 1.000000000000000000, 0.8047378540743963526, 0.8047378540743963526, 1.000000000000000000 ) ) 
 REPRESENTATION_ITEM ( '' )  );
#85 = CARTESIAN_POINT ( 'NONE',  ( -1.000000000000000000, -2.499999999999999556, -0.5074999999999999512 ) ) ;
#86 = CLOSED_SHELL ( 'NONE', ( #1225, #1252, #205, #3285, #529, #3249, #3655, #1876, #314, #707, #3069, #1914, #2638, #3505, #2894, #3423, #2946, #743, #1984, #581, #889, #129, #1591, #2028, #1570, #797, #1831, #1353, #2837, #1937, #157, #3627, #1324, #350, #1531, #2526, #3316, #1309, #2078, #3433, #2462, #2058, #1346, #1733, #829, #2587, #2991, #3487, #2427, #1279, #2670, #2401, #1308, #3386, #2746, #2189, #1200, #1903, #1702, #2561, #804, #3001, #3194, #2176, #2629, #3299, #1033, #17, #3300, #2105, #1756, #2618, #2246, #872, #1408, #1319, #1873, #374, #233, #2853, #1836, #3255, #3051, #1485, #3273, #1217, #1240, #2316, #672, #1145, #2484 ) ) ;
#87 = DIRECTION ( 'NONE',  ( -0.000000000000000000, -1.000000000000000000, -0.000000000000000000 ) ) ;
#88 = ORIENTED_EDGE ( 'NONE', *, *, #2776, .F. ) ;
#89 = SURFACE_STYLE_USAGE ( .BOTH. , #1482 ) ;
#90 = AXIS2_PLACEMENT_3D ( 'NONE', #1027, #3297, #3592 ) ;
#91 = SURFACE_SIDE_STYLE ('',( #2385 ) ) ;
#92 =( GEOMETRIC_REPRESENTATION_CONTEXT ( 3 ) GLOBAL_UNCERTAINTY_ASSIGNED_CONTEXT ( ( #2569 ) ) GLOBAL_UNIT_ASSIGNED_CONTEXT ( ( #3478, #2082, #981 ) ) REPRESENTATION_CONTEXT ( 'NONE', 'WORKASPACE' ) );
#93 = EDGE_CURVE ( 'NONE', #1298, #2765, #181, .T. ) ;
#94 = CIRCLE ( 'NONE', #2198, 0.1000000000000000056 ) ;
#95 = DIRECTION ( 'NONE',  ( -0.000000000000000000, 1.000000000000000000, 0.000000000000000000 ) ) ;
#96 = DIRECTION ( 'NONE',  ( 1.000000000000000000, 0.000000000000000000, 0.000000000000000000 ) ) ;
#97 = PRESENTATION_STYLE_ASSIGNMENT (( #319 ) ) ;
#98 = VECTOR ( 'NONE', #1764, 1000.000000000000000 ) ;
#99 = DIRECTION ( 'NONE',  ( 0.000000000000000000, 4.336808689942017736E-14, 1.000000000000000000 ) ) ;
#100 = FILL_AREA_STYLE_COLOUR ( '', #103 ) ;
#101 = ORIENTED_EDGE ( 'NONE', *, *, #3550, .T. ) ;
#102 = PLANE ( 'NONE',  #950 ) ;
#103 = COLOUR_RGB ( '',0.4274509803921568429, 0.4470588235294117307, 0.4274509803921568429 ) ;
#104 = DIRECTION ( 'NONE',  ( -0.000000000000000000, -0.000000000000000000, -1.000000000000000000 ) ) ;
#105 = AXIS2_PLACEMENT_3D ( 'NONE', #1174, #2005, #271 ) ;
#106 = CIRCLE ( 'NONE', #451, 0.09999999999999999167 ) ;
#107 = CARTESIAN_POINT ( 'NONE',  ( -0.7600000000000000089, 1.399999999999999245, -0.1000000000000001305 ) ) ;
#108 = VERTEX_POINT ( 'NONE', #484 ) ;
#109 = VECTOR ( 'NONE', #2876, 1000.000000000000000 ) ;
#110 =( NAMED_UNIT ( * ) PLANE_ANGLE_UNIT ( ) SI_UNIT ( $, .RADIAN. ) );
#111 = EDGE_CURVE ( 'NONE', #2298, #1680, #1059, .T. ) ;
#112 = DIRECTION ( 'NONE',  ( -0.000000000000000000, -0.000000000000000000, -1.000000000000000000 ) ) ;
#113 = ORIENTED_EDGE ( 'NONE', *, *, #813, .F. ) ;
#114 = SURFACE_SIDE_STYLE ('',( #2066 ) ) ;
#115 = CYLINDRICAL_SURFACE ( 'NONE', #854, 0.1000000000000000056 ) ;
#116 = DIRECTION ( 'NONE',  ( -0.000000000000000000, 1.000000000000000000, -0.000000000000000000 ) ) ;
#117 = EDGE_LOOP ( 'NONE', ( #3267, #2356, #2637, #342, #3451, #824, #2137, #2159, #1349, #1052, #1394, #2711, #2205, #2579 ) ) ;
#118 = CARTESIAN_POINT ( 'NONE',  ( 0.9000000000000001332, -2.500000000000000444, -0.4074999999999999734 ) ) ;
#119 = LINE ( 'NONE', #155, #1274 ) ;
#120 = EDGE_CURVE ( 'NONE', #701, #3328, #547, .T. ) ;
#121 = CARTESIAN_POINT ( 'NONE',  ( 0.5000000000000000000, 0.000000000000000000, -4.115000000000000213 ) ) ;
#122 = CARTESIAN_POINT ( 'NONE',  ( -0.6600000000000000311, -1.500000000000000000, 5.755393999999999899 ) ) ;
#123 = COLOUR_RGB ( '',0.4274509803921568429, 0.4470588235294117307, 0.4274509803921568429 ) ;
#124 = EDGE_LOOP ( 'NONE', ( #2065, #2673, #1176, #3508 ) ) ;
#125 = DIRECTION ( 'NONE',  ( 0.000000000000000000, 0.000000000000000000, 1.000000000000000000 ) ) ;
#126 = DIRECTION ( 'NONE',  ( 0.000000000000000000, 0.000000000000000000, -1.000000000000000000 ) ) ;
#127 = CARTESIAN_POINT ( 'NONE',  ( -1.000000000000000000, -1.500000000000000222, -4.315000000000000391 ) ) ;
#128 = ORIENTED_EDGE ( 'NONE', *, *, #1607, .F. ) ;
#129 = ADVANCED_FACE ( 'NONE', ( #1571 ), #765, .T. ) ;
#130 = LINE ( 'NONE', #966, #691 ) ;
#131 = CARTESIAN_POINT ( 'NONE',  ( -0.6600000000000000311, 1.470710678118654968, -0.02928932188134519832 ) ) ;
#132 = DIRECTION ( 'NONE',  ( 1.000000000000000000, 0.000000000000000000, 0.000000000000000000 ) ) ;
#133 = ORIENTED_EDGE ( 'NONE', *, *, #2931, .T. ) ;
#134 = DIRECTION ( 'NONE',  ( 1.000000000000000000, 0.000000000000000000, 0.000000000000000000 ) ) ;
#135 = EDGE_CURVE ( 'NONE', #3151, #2008, #2175, .T. ) ;
#136 = VECTOR ( 'NONE', #2170, 1000.000000000000000 ) ;
#137 = MECHANICAL_DESIGN_GEOMETRIC_PRESENTATION_REPRESENTATION (  '', ( #1596 ), #2183 ) ;
#138 = CARTESIAN_POINT ( 'NONE',  ( 0.5000000000000001110, 3.000000000000000000, -3.165000000000000480 ) ) ;
#139 =( NAMED_UNIT ( * ) SI_UNIT ( $, .STERADIAN. ) SOLID_ANGLE_UNIT ( ) );
#140 = CARTESIAN_POINT ( 'NONE',  ( 0.9000000000000001332, -2.999999999999999112, -0.5074999999999999512 ) ) ;
#141 = ORIENTED_EDGE ( 'NONE', *, *, #1430, .F. ) ;
#142 = DIRECTION ( 'NONE',  ( 0.000000000000000000, 0.7071067811865482389, 0.7071067811865466846 ) ) ;
#143 = CARTESIAN_POINT ( 'NONE',  ( -1.750000000000000000, 0.000000000000000000, -4.315000000000000391 ) ) ;
#144 = CARTESIAN_POINT ( 'NONE',  ( 0.5000000000000000000, -2.000000000000000000, -0.8149999999999999467 ) ) ;
#145 = CARTESIAN_POINT ( 'NONE',  ( -0.6299624396807838034, -1.458901866519354051, 0.01216412468090354373 ) ) ;
#146 =( NAMED_UNIT ( * ) SI_UNIT ( $, .STERADIAN. ) SOLID_ANGLE_UNIT ( ) );
#147 = VECTOR ( 'NONE', #1912, 1000.000000000000000 ) ;
#148 = PRESENTATION_LAYER_ASSIGNMENT (  '', '', ( #1209 ) ) ;
#149 = SURFACE_SIDE_STYLE ('',( #2669 ) ) ;
#150 = PRESENTATION_STYLE_ASSIGNMENT (( #80 ) ) ;
#151 = ORIENTED_EDGE ( 'NONE', *, *, #699, .F. ) ;
#152 = VECTOR ( 'NONE', #401, 1000.000000000000000 ) ;
#153 = EDGE_CURVE ( 'NONE', #2518, #1862, #984, .T. ) ;
#154 = VECTOR ( 'NONE', #2354, 1000.000000000000000 ) ;
#155 = CARTESIAN_POINT ( 'NONE',  ( -0.5000000000000000000, -3.720000000000000195, -3.464999999999999858 ) ) ;
#156 = STYLED_ITEM ( 'NONE', ( #2162 ), #3386 ) ;
#157 = ADVANCED_FACE ( 'NONE', ( #2959 ), #2724, .T. ) ;
#158 = LINE ( 'NONE', #3502, #3078 ) ;
#159 = UNCERTAINTY_MEASURE_WITH_UNIT (LENGTH_MEASURE( 1.000000000000000082E-05 ), #1772, 'distance_accuracy_value', 'NONE');
#160 = VECTOR ( 'NONE', #723, 1000.000000000000000 ) ;
#161 = ORIENTED_EDGE ( 'NONE', *, *, #224, .T. ) ;
#162 = CYLINDRICAL_SURFACE ( 'NONE', #2073, 0.5500000000000001554 ) ;
#163 = CARTESIAN_POINT ( 'NONE',  ( 0.4999999998945006685, -2.000000000000000000, -0.4489213562373092770 ) ) ;
#164 = AXIS2_PLACEMENT_3D ( 'NONE', #2123, #3050, #2753 ) ;
#165 = EDGE_CURVE ( 'NONE', #774, #481, #166, .T. ) ;
#166 = LINE ( 'NONE', #3058, #427 ) ;
#167 = DIRECTION ( 'NONE',  ( 0.000000000000000000, 0.000000000000000000, -1.000000000000000000 ) ) ;
#168 = CARTESIAN_POINT ( 'NONE',  ( -0.7189018665193559476, 1.512164124680902999, -0.1300375603192160390 ) ) ;
#169 = AXIS2_PLACEMENT_3D ( 'NONE', #1698, #308, #3093 ) ;
#170 = CARTESIAN_POINT ( 'NONE',  ( -1.750000000000000000, 1.500000000000000222, -4.315000000000000391 ) ) ;
#171 = DIRECTION ( 'NONE',  ( 0.000000000000000000, 0.000000000000000000, -1.000000000000000000 ) ) ;
#172 = UNCERTAINTY_MEASURE_WITH_UNIT (LENGTH_MEASURE( 1.000000000000000082E-05 ), #2157, 'distance_accuracy_value', 'NONE');
#173 = ORIENTED_EDGE ( 'NONE', *, *, #2350, .F. ) ;
#174 = DIRECTION ( 'NONE',  ( -1.000000000000000000, 0.000000000000000000, 0.000000000000000000 ) ) ;
#175 = DIRECTION ( 'NONE',  ( -1.000000000000000000, 0.000000000000000000, -0.000000000000000000 ) ) ;
#176 = FILL_AREA_STYLE ('',( #1800 ) ) ;
#177 = ORIENTED_EDGE ( 'NONE', *, *, #536, .F. ) ;
#178 = CARTESIAN_POINT ( 'NONE',  ( -0.9000000000000003553, -2.448515874535527548, -0.4074999999999999734 ) ) ;
#179 = EDGE_LOOP ( 'NONE', ( #1870, #2864, #1373, #182 ) ) ;
#180 = EDGE_CURVE ( 'NONE', #1134, #1143, #1315, .T. ) ;
#181 = LINE ( 'NONE', #2408, #2121 ) ;
#182 = ORIENTED_EDGE ( 'NONE', *, *, #3229, .F. ) ;
#183 = CARTESIAN_POINT ( 'NONE',  ( -0.6889791199440341574, -1.399999999999998135, 0.01244223629327540631 ) ) ;
#184 =( NAMED_UNIT ( * ) PLANE_ANGLE_UNIT ( ) SI_UNIT ( $, .RADIAN. ) );
#185 = EDGE_CURVE ( 'NONE', #1407, #1314, #1630, .T. ) ;
#186 = CARTESIAN_POINT ( 'NONE',  ( -0.5000000000000000000, 4.519999999999999574, -3.865000000000000213 ) ) ;
#187 = EDGE_LOOP ( 'NONE', ( #1563, #3601, #3217 ) ) ;
#188 = DIRECTION ( 'NONE',  ( -0.000000000000000000, -0.000000000000000000, -1.000000000000000000 ) ) ;
#189 = CARTESIAN_POINT ( 'NONE',  ( 0.6600000000000000311, -1.399999999999998579, -0.1000000000000000056 ) ) ;
#190 = DIRECTION ( 'NONE',  ( 0.000000000000000000, 0.000000000000000000, -1.000000000000000000 ) ) ;
#191 = ORIENTED_EDGE ( 'NONE', *, *, #3607, .F. ) ;
#192 =( GEOMETRIC_REPRESENTATION_CONTEXT ( 3 ) GLOBAL_UNCERTAINTY_ASSIGNED_CONTEXT ( ( #1917 ) ) GLOBAL_UNIT_ASSIGNED_CONTEXT ( ( #777, #1909, #216 ) ) REPRESENTATION_CONTEXT ( 'NONE', 'WORKASPACE' ) );
#193 = PRESENTATION_LAYER_ASSIGNMENT (  '', '', ( #1941 ) ) ;
#194 = CIRCLE ( 'NONE', #2252, 0.1000000000000000056 ) ;
#195 = CIRCLE ( 'NONE', #1009, 0.5000000000000000000 ) ;
#196 = ORIENTED_EDGE ( 'NONE', *, *, #2277, .F. ) ;
#197 =( BOUNDED_SURFACE ( )  B_SPLINE_SURFACE ( 3, 3, ( 
 ( #2398, #2676, #1029, #3536 ),
 ( #2106, #3260, #3010, #1010 ),
 ( #722, #473, #210, #771 ),
 ( #1329, #2448, #492, #1855 ) ),
 .UNSPECIFIED., .F., .F., .F. ) 
 B_SPLINE_SURFACE_WITH_KNOTS ( ( 4, 4 ),
 ( 4, 4 ),
 ( 0.000000000000000000, 1.000000000000000000 ),
 ( 0.000000000000000000, 1.000000000000000000 ),
 .UNSPECIFIED. ) 
 GEOMETRIC_REPRESENTATION_ITEM ( )  RATIONAL_B_SPLINE_SURFACE ( (
 ( 1.000000000000000000, 0.8047378541243640493, 0.8047378541243640493, 1.000000000000000000),
 ( 0.8025111867385917863, 0.6458111303268111447, 0.6458111303268111447, 0.8025111867385917863),
 ( 0.8025111867385917863, 0.6458111303268111447, 0.6458111303268111447, 0.8025111867385917863),
 ( 1.000000000000000000, 0.8047378541243640493, 0.8047378541243640493, 1.000000000000000000) ) ) 
 REPRESENTATION_ITEM ( '' )  SURFACE ( )  );
#198 = VERTEX_POINT ( 'NONE', #2761 ) ;
#199 = CARTESIAN_POINT ( 'NONE',  ( -0.5000000000000000000, -4.984500000000000597, -4.115000000000000213 ) ) ;
#200 = EDGE_CURVE ( 'NONE', #2259, #2780, #2197, .T. ) ;
#201 = DIRECTION ( 'NONE',  ( 0.000000000000000000, -0.000000000000000000, -1.000000000000000000 ) ) ;
#202 = VECTOR ( 'NONE', #3527, 1000.000000000000000 ) ;
#203 = ORIENTED_EDGE ( 'NONE', *, *, #2380, .T. ) ;
#204 =( NAMED_UNIT ( * ) SI_UNIT ( $, .STERADIAN. ) SOLID_ANGLE_UNIT ( ) );
#205 = ADVANCED_FACE ( 'NONE', ( #2238 ), #2338, .T. ) ;
#206 = FILL_AREA_STYLE_COLOUR ( '', #2862 ) ;
#207 = VERTEX_POINT ( 'NONE', #2115 ) ;
#208 =( NAMED_UNIT ( * ) PLANE_ANGLE_UNIT ( ) SI_UNIT ( $, .RADIAN. ) );
#209 = AXIS2_PLACEMENT_3D ( 'NONE', #1434, #1144, #2830 ) ;
#210 = CARTESIAN_POINT ( 'NONE',  ( 0.7605517757597372031, -1.482713191421225041, -0.1005866270595379142 ) ) ;
#211 = DIRECTION ( 'NONE',  ( 0.000000000000000000, 0.000000000000000000, -1.000000000000000000 ) ) ;
#212 = COLOUR_RGB ( '',0.6901960784313725394, 0.6117647058823529882, 0.5294117647058823595 ) ;
#213 = FILL_AREA_STYLE_COLOUR ( '', #1131 ) ;
#214 = ORIENTED_EDGE ( 'NONE', *, *, #3414, .F. ) ;
#215 = UNCERTAINTY_MEASURE_WITH_UNIT (LENGTH_MEASURE( 1.000000000000000082E-05 ), #488, 'distance_accuracy_value', 'NONE');
#216 =( NAMED_UNIT ( * ) SI_UNIT ( $, .STERADIAN. ) SOLID_ANGLE_UNIT ( ) );
#217 = CARTESIAN_POINT ( 'NONE',  ( -0.5000000000000000000, -3.720000000000000195, -3.464999999999999858 ) ) ;
#218 = ORIENTED_EDGE ( 'NONE', *, *, #775, .T. ) ;
#219 = CARTESIAN_POINT ( 'NONE',  ( -6.312599999999999767, -1.399999999999999911, -0.1000000000000000056 ) ) ;
#220 = PRESENTATION_LAYER_ASSIGNMENT (  '', '', ( #3108 ) ) ;
#221 = CARTESIAN_POINT ( 'NONE',  ( 0.5000000000000000000, 0.000000000000000000, -3.464999999999999858 ) ) ;
#222 = ORIENTED_EDGE ( 'NONE', *, *, #449, .F. ) ;
#223 = SURFACE_STYLE_FILL_AREA ( #3326 ) ;
#224 = EDGE_CURVE ( 'NONE', #1026, #238, #1519, .T. ) ;
#225 = VECTOR ( 'NONE', #2594, 1000.000000000000000 ) ;
#226 = CARTESIAN_POINT ( 'NONE',  ( -0.7307106781186547551, -1.459017335549510852, -0.02928932188134476117 ) ) ;
#227 = VERTEX_POINT ( 'NONE', #1286 ) ;
#228 = LINE ( 'NONE', #3276, #3086 ) ;
#229 = PRESENTATION_LAYER_ASSIGNMENT (  '', '', ( #2936 ) ) ;
#230 = LINE ( 'NONE', #440, #3447 ) ;
#231 = SURFACE_STYLE_USAGE ( .BOTH. , #3012 ) ;
#232 = ORIENTED_EDGE ( 'NONE', *, *, #2931, .F. ) ;
#233 = ADVANCED_FACE ( 'NONE', ( #2639 ), #3545, .F. ) ;
#234 = CARTESIAN_POINT ( 'NONE',  ( -0.5000000000000000000, -2.100000000000000089, -0.4074999999999998623 ) ) ;
#235 = DIRECTION ( 'NONE',  ( 0.000000000000000000, 0.000000000000000000, 1.000000000000000000 ) ) ;
#236 = EDGE_LOOP ( 'NONE', ( #243, #1723, #1352, #1155, #1627, #3469, #564, #817, #2529, #2204, #2445, #2534, #2413, #3288, #1522, #62, #2047, #12, #675, #3363 ) ) ;
#237 = SURFACE_SIDE_STYLE ('',( #2492 ) ) ;
#238 = VERTEX_POINT ( 'NONE', #1248 ) ;
#239 =( LENGTH_UNIT ( ) NAMED_UNIT ( * ) SI_UNIT ( .MILLI., .METRE. ) );
#240 = UNCERTAINTY_MEASURE_WITH_UNIT (LENGTH_MEASURE( 1.000000000000000082E-05 ), #1542, 'distance_accuracy_value', 'NONE');
#241 = CARTESIAN_POINT ( 'NONE',  ( -0.7427131914212266039, -1.500551775759737305, -0.1005866270595390383 ) ) ;
#242 = EDGE_CURVE ( 'NONE', #1460, #1971, #754, .T. ) ;
#243 = ORIENTED_EDGE ( 'NONE', *, *, #3520, .T. ) ;
#244 = CARTESIAN_POINT ( 'NONE',  ( -1.750000000000000000, 3.000000000000000000, -0.8149999999999997247 ) ) ;
#245 = CARTESIAN_POINT ( 'NONE',  ( 0.7307106781186548661, 1.459017335549510852, -0.02928932188134529199 ) ) ;
#246 = EDGE_CURVE ( 'NONE', #520, #1233, #682, .T. ) ;
#247 = ORIENTED_EDGE ( 'NONE', *, *, #911, .F. ) ;
#248 = CARTESIAN_POINT ( 'NONE',  ( -0.5000000000000000000, 0.000000000000000000, -4.415000000000000924 ) ) ;
#249 = APPLICATION_PROTOCOL_DEFINITION ( 'draft international standard', 'automotive_design', 1998, #2729 ) ;
#250 =( GEOMETRIC_REPRESENTATION_CONTEXT ( 3 ) GLOBAL_UNCERTAINTY_ASSIGNED_CONTEXT ( ( #3604 ) ) GLOBAL_UNIT_ASSIGNED_CONTEXT ( ( #1303, #3568, #3006 ) ) REPRESENTATION_CONTEXT ( 'NONE', 'WORKASPACE' ) );
#251 = DIRECTION ( 'NONE',  ( -0.000000000000000000, -1.000000000000000000, -0.000000000000000000 ) ) ;
#252 = CARTESIAN_POINT ( 'NONE',  ( 0.5000000000000000000, -3.720000000000000195, -3.165000000000000480 ) ) ;
#253 = ORIENTED_EDGE ( 'NONE', *, *, #224, .F. ) ;
#254 = CIRCLE ( 'NONE', #836, 0.1000000000000000472 ) ;
#255 = ORIENTED_EDGE ( 'NONE', *, *, #2232, .F. ) ;
#256 = DIRECTION ( 'NONE',  ( 0.000000000000000000, 1.000000000000000000, 0.000000000000000000 ) ) ;
#257 = EDGE_CURVE ( 'NONE', #570, #2429, #2390, .T. ) ;
#258 = CARTESIAN_POINT ( 'NONE',  ( 0.5000000000000000000, 4.269999999999999574, 0.000000000000000000 ) ) ;
#259 = EDGE_LOOP ( 'NONE', ( #651, #1056, #1101, #762 ) ) ;
#260 = VECTOR ( 'NONE', #3254, 1000.000000000000000 ) ;
#261 = ORIENTED_EDGE ( 'NONE', *, *, #1686, .F. ) ;
#262 = FACE_OUTER_BOUND ( 'NONE', #3534, .T. ) ;
#263 = LINE ( 'NONE', #2247, #265 ) ;
#264 = CARTESIAN_POINT ( 'NONE',  ( 0.5000000000000000000, 4.519999999999999574, -3.865000000000000213 ) ) ;
#265 = VECTOR ( 'NONE', #3048, 1000.000000000000000 ) ;
#266 = EDGE_CURVE ( 'NONE', #2199, #2436, #945, .T. ) ;
#267 = COLOUR_RGB ( '',0.6901960784313725394, 0.6117647058823529882, 0.5294117647058823595 ) ;
#268 = SHAPE_DEFINITION_REPRESENTATION ( #1294, #926 ) ;
#269 = FACE_OUTER_BOUND ( 'NONE', #2806, .T. ) ;
#270 = ORIENTED_EDGE ( 'NONE', *, *, #2913, .T. ) ;
#271 = DIRECTION ( 'NONE',  ( 0.000000000000000000, -0.000000000000000000, -1.000000000000000000 ) ) ;
#272 = ORIENTED_EDGE ( 'NONE', *, *, #1607, .T. ) ;
#273 = DIRECTION ( 'NONE',  ( 0.000000000000000000, 0.000000000000000000, -1.000000000000000000 ) ) ;
#274 =( NAMED_UNIT ( * ) PLANE_ANGLE_UNIT ( ) SI_UNIT ( $, .RADIAN. ) );
#275 = ORIENTED_EDGE ( 'NONE', *, *, #2741, .F. ) ;
#276 = DIRECTION ( 'NONE',  ( 0.000000000000000000, 0.000000000000000000, -1.000000000000000000 ) ) ;
#277 =( NAMED_UNIT ( * ) PLANE_ANGLE_UNIT ( ) SI_UNIT ( $, .RADIAN. ) );
#278 = AXIS2_PLACEMENT_3D ( 'NONE', #1991, #890, #2011 ) ;
#279 = EDGE_CURVE ( 'NONE', #2957, #1204, #3200, .T. ) ;
#280 = ORIENTED_EDGE ( 'NONE', *, *, #2776, .T. ) ;
#281 = ORIENTED_EDGE ( 'NONE', *, *, #3082, .F. ) ;
#282 = AXIS2_PLACEMENT_3D ( 'NONE', #1893, #2758, #1657 ) ;
#283 = VECTOR ( 'NONE', #1719, 1000.000000000000000 ) ;
#284 = VECTOR ( 'NONE', #768, 1000.000000000000000 ) ;
#285 = FACE_OUTER_BOUND ( 'NONE', #2785, .T. ) ;
#286 = VECTOR ( 'NONE', #1727, 1000.000000000000000 ) ;
#287 = DIRECTION ( 'NONE',  ( 1.000000000000000000, -0.000000000000000000, -0.000000000000000000 ) ) ;
#288 = VERTEX_POINT ( 'NONE', #2934 ) ;
#289 = FILL_AREA_STYLE_COLOUR ( '', #2249 ) ;
#290 = SURFACE_STYLE_FILL_AREA ( #1153 ) ;
#291 = FACE_OUTER_BOUND ( 'NONE', #117, .T. ) ;
#292 = ORIENTED_EDGE ( 'NONE', *, *, #2124, .F. ) ;
#293 = CARTESIAN_POINT ( 'NONE',  ( -0.7928932187569547319, 1.999999999938199879, -0.4489213562373094435 ) ) ;
#294 = ORIENTED_EDGE ( 'NONE', *, *, #111, .F. ) ;
#295 = LINE ( 'NONE', #2240, #2033 ) ;
#296 = EDGE_CURVE ( 'NONE', #386, #1971, #130, .T. ) ;
#297 = CARTESIAN_POINT ( 'NONE',  ( 1.750000000000000000, -2.750000000000000000, 0.000000000000000000 ) ) ;
#298 = FACE_OUTER_BOUND ( 'NONE', #465, .T. ) ;
#299 = ORIENTED_EDGE ( 'NONE', *, *, #2925, .F. ) ;
#300 = ORIENTED_EDGE ( 'NONE', *, *, #649, .F. ) ;
#301 = DIRECTION ( 'NONE',  ( -1.000000000000000000, -0.000000000000000000, -0.000000000000000000 ) ) ;
#302 = CARTESIAN_POINT ( 'NONE',  ( -0.5000000000000000000, -3.720000000000000195, -3.714999999999999858 ) ) ;
#303 = CARTESIAN_POINT ( 'NONE',  ( 0.5000000000000000000, -4.269999999999999574, -3.714999999999999858 ) ) ;
#304 =( NAMED_UNIT ( * ) SI_UNIT ( $, .STERADIAN. ) SOLID_ANGLE_UNIT ( ) );
#305 = ORIENTED_EDGE ( 'NONE', *, *, #2149, .T. ) ;
#306 = CARTESIAN_POINT ( 'NONE',  ( 0.7307106781186547551, 1.400000000000000133, -0.02928932188134527465 ) ) ;
#307 =( NAMED_UNIT ( * ) PLANE_ANGLE_UNIT ( ) SI_UNIT ( $, .RADIAN. ) );
#308 = DIRECTION ( 'NONE',  ( 0.000000000000000000, -1.000000000000000000, 0.000000000000000000 ) ) ;
#309 = CARTESIAN_POINT ( 'NONE',  ( -1.750000000000000000, -1.500000000000000000, -4.065000000000001279 ) ) ;
#310 = PRESENTATION_STYLE_ASSIGNMENT (( #2838 ) ) ;
#311 = EDGE_LOOP ( 'NONE', ( #3463, #2523, #3410, #2762 ) ) ;
#312 = CARTESIAN_POINT ( 'NONE',  ( 0.5000000000000000000, -2.000000000000000000, -0.8149999999999999467 ) ) ;
#313 = CARTESIAN_POINT ( 'NONE',  ( 1.000000000062093441, 2.207106781243314497, -0.4489213562373092770 ) ) ;
#314 = ADVANCED_FACE ( 'NONE', ( #3239, #1809 ), #1899, .T. ) ;
#315 = FACE_OUTER_BOUND ( 'NONE', #2807, .T. ) ;
#316 = VERTEX_POINT ( 'NONE', #487 ) ;
#317 = DIRECTION ( 'NONE',  ( -0.000000000000000000, -0.000000000000000000, 1.000000000000000000 ) ) ;
#318 = AXIS2_PLACEMENT_3D ( 'NONE', #387, #2940, #2624 ) ;
#319 = SURFACE_STYLE_USAGE ( .BOTH. , #358 ) ;
#320 = EDGE_CURVE ( 'NONE', #428, #3296, #3076, .T. ) ;
#321 = SURFACE_SIDE_STYLE ('',( #633 ) ) ;
#322 =( BOUNDED_SURFACE ( )  B_SPLINE_SURFACE ( 3, 3, ( 
 ( #436, #2328, #949, #1536 ),
 ( #3223, #2902, #2393, #1490 ),
 ( #2036, #385, #3468, #2920 ),
 ( #403, #369, #3188, #917 ) ),
 .UNSPECIFIED., .F., .F., .F. ) 
 B_SPLINE_SURFACE_WITH_KNOTS ( ( 4, 4 ),
 ( 4, 4 ),
 ( 0.000000000000000000, 1.000000000000000000 ),
 ( 0.000000000000000000, 1.000000000000000000 ),
 .UNSPECIFIED. ) 
 GEOMETRIC_REPRESENTATION_ITEM ( )  RATIONAL_B_SPLINE_SURFACE ( (
 ( 1.000000000000000000, 0.8047378541243649375, 0.8047378541243649375, 1.000000000000000000),
 ( 0.8025111867385922304, 0.6458111303268122549, 0.6458111303268122549, 0.8025111867385922304),
 ( 0.8025111867385922304, 0.6458111303268122549, 0.6458111303268122549, 0.8025111867385922304),
 ( 1.000000000000000000, 0.8047378541243649375, 0.8047378541243649375, 1.000000000000000000) ) ) 
 REPRESENTATION_ITEM ( '' )  SURFACE ( )  );
#323 = SURFACE_SIDE_STYLE ('',( #2809 ) ) ;
#324 = ORIENTED_EDGE ( 'NONE', *, *, #3082, .T. ) ;
#325 =( NAMED_UNIT ( * ) PLANE_ANGLE_UNIT ( ) SI_UNIT ( $, .RADIAN. ) );
#326 = UNCERTAINTY_MEASURE_WITH_UNIT (LENGTH_MEASURE( 1.000000000000000082E-05 ), #2763, 'distance_accuracy_value', 'NONE');
#327 = MECHANICAL_DESIGN_GEOMETRIC_PRESENTATION_REPRESENTATION (  '', ( #2194 ), #2378 ) ;
#328 = CARTESIAN_POINT ( 'NONE',  ( 0.8817390193593380721, -2.377908038226101972, -0.4074999999999999734 ) ) ;
#329 = LINE ( 'NONE', #2234, #1109 ) ;
#330 = STYLED_ITEM ( 'NONE', ( #1473 ), #1733 ) ;
#331 = CARTESIAN_POINT ( 'NONE',  ( -0.5000000000000000000, 4.519999999999999574, -4.415000000000000924 ) ) ;
#332 = ORIENTED_EDGE ( 'NONE', *, *, #2718, .F. ) ;
#333 = LINE ( 'NONE', #909, #2110 ) ;
#334 = PLANE ( 'NONE',  #2279 ) ;
#335 = ORIENTED_EDGE ( 'NONE', *, *, #1046, .T. ) ;
#336 = DIRECTION ( 'NONE',  ( 0.000000000000000000, 1.000000000000000000, 0.000000000000000000 ) ) ;
#337 = EDGE_CURVE ( 'NONE', #2008, #1065, #2817, .T. ) ;
#338 = DIRECTION ( 'NONE',  ( -0.000000000000000000, 1.000000000000000000, 0.000000000000000000 ) ) ;
#339 = VECTOR ( 'NONE', #11, 1000.000000000000000 ) ;
#340 = DIRECTION ( 'NONE',  ( -1.000000000000000000, 0.000000000000000000, -0.000000000000000000 ) ) ;
#341 = CARTESIAN_POINT ( 'NONE',  ( -1.000000000000000000, -1.500000000000000000, -4.315000000000000391 ) ) ;
#342 = ORIENTED_EDGE ( 'NONE', *, *, #848, .F. ) ;
#343 = DIRECTION ( 'NONE',  ( -0.000000000000000000, -1.000000000000000000, -0.000000000000000000 ) ) ;
#344 = CIRCLE ( 'NONE', #2392, 0.1000000000000000056 ) ;
#345 = VECTOR ( 'NONE', #1117, 1000.000000000000000 ) ;
#346 = AXIS2_PLACEMENT_3D ( 'NONE', #2209, #3298, #3594 ) ;
#347 = CARTESIAN_POINT ( 'NONE',  ( 0.8018427069886662206, -2.236337570631809601, -0.4074999999999999734 ) ) ;
#348 = FACE_OUTER_BOUND ( 'NONE', #2719, .T. ) ;
#349 = CARTESIAN_POINT ( 'NONE',  ( -1.750000000000000000, -3.000000000000000000, -4.315000000000000391 ) ) ;
#350 = ADVANCED_FACE ( 'NONE', ( #801 ), #2222, .T. ) ;
#351 = CIRCLE ( 'NONE', #3116, 0.1000000000000000056 ) ;
#352 = LINE ( 'NONE', #1464, #1130 ) ;
#353 = ORIENTED_EDGE ( 'NONE', *, *, #3091, .T. ) ;
#354 = CARTESIAN_POINT ( 'NONE',  ( 0.5000000000000000000, 2.100000000000000089, -0.5074999999999999512 ) ) ;
#355 = FACE_OUTER_BOUND ( 'NONE', #1781, .T. ) ;
#356 = LINE ( 'NONE', #144, #637 ) ;
#357 = EDGE_LOOP ( 'NONE', ( #1076, #270, #3591, #1594 ) ) ;
#358 = SURFACE_SIDE_STYLE ('',( #3141 ) ) ;
#359 = CARTESIAN_POINT ( 'NONE',  ( -0.6600000000000000311, -1.500000000000000222, -0.8149999999999997247 ) ) ;
#360 = EDGE_LOOP ( 'NONE', ( #1118, #1544, #222, #705 ) ) ;
#361 = PLANE ( 'NONE',  #77 ) ;
#362 = LINE ( 'NONE', #122, #2606 ) ;
#363 = ORIENTED_EDGE ( 'NONE', *, *, #2165, .T. ) ;
#364 = CARTESIAN_POINT ( 'NONE',  ( -0.6600000000000000311, 1.399999999999999911, -0.1000000000000000056 ) ) ;
#365 = DIRECTION ( 'NONE',  ( 0.000000000000000000, -1.000000000000000000, -0.000000000000000000 ) ) ;
#366 =( NAMED_UNIT ( * ) SI_UNIT ( $, .STERADIAN. ) SOLID_ANGLE_UNIT ( ) );
#367 = LINE ( 'NONE', #1454, #1753 ) ;
#368 = PRESENTATION_STYLE_ASSIGNMENT (( #3445 ) ) ;
#369 = CARTESIAN_POINT ( 'NONE',  ( 0.7599955587108948585, -1.357914060830240910, -0.05924690597950333509 ) ) ;
#370 = AXIS2_PLACEMENT_3D ( 'NONE', #3225, #1475, #134 ) ;
#371 = ORIENTED_EDGE ( 'NONE', *, *, #426, .F. ) ;
#372 = FACE_OUTER_BOUND ( 'NONE', #2458, .T. ) ;
#373 = DIRECTION ( 'NONE',  ( 0.000000000000000000, 0.000000000000000000, -1.000000000000000000 ) ) ;
#374 = ADVANCED_FACE ( 'NONE', ( #2495 ), #3602, .T. ) ;
#375 = DIRECTION ( 'NONE',  ( 0.000000000000000000, 0.000000000000000000, -1.000000000000000000 ) ) ;
#376 = VERTEX_POINT ( 'NONE', #3639 ) ;
#377 = PRESENTATION_LAYER_ASSIGNMENT (  '', '', ( #2194 ) ) ;
#378 = DIRECTION ( 'NONE',  ( -0.000000000000000000, -0.000000000000000000, -1.000000000000000000 ) ) ;
#379 = EDGE_LOOP ( 'NONE', ( #519, #1757, #827, #2501 ) ) ;
#380 = DIRECTION ( 'NONE',  ( 1.000000000000000000, 0.000000000000000000, 0.000000000000000000 ) ) ;
#381 = COLOUR_RGB ( '',0.6901960784313725394, 0.6117647058823529882, 0.5294117647058823595 ) ;
#382 = EDGE_CURVE ( 'NONE', #1460, #1898, #3060, .T. ) ;
#383 = EDGE_CURVE ( 'NONE', #1407, #1415, #507, .T. ) ;
#384 = CARTESIAN_POINT ( 'NONE',  ( 1.750000000000000000, -2.750000000000000000, -4.315000000000000391 ) ) ;
#385 = CARTESIAN_POINT ( 'NONE',  ( 0.7605517757597369810, -1.399413372940462086, -0.01728680857877539292 ) ) ;
#386 = VERTEX_POINT ( 'NONE', #1396 ) ;
#387 = CARTESIAN_POINT ( 'NONE',  ( 1.750000000000000000, -1.500000000000000000, -4.315000000000000391 ) ) ;
#388 = DIRECTION ( 'NONE',  ( -1.000000000000000000, -0.000000000000000000, -0.000000000000000000 ) ) ;
#389 = CARTESIAN_POINT ( 'NONE',  ( -0.5000000000000000000, 3.000000000000000000, -3.165000000000000480 ) ) ;
#390 = CIRCLE ( 'NONE', #2449, 0.2500000000000000000 ) ;
#391 = EDGE_CURVE ( 'NONE', #2008, #701, #2683, .T. ) ;
#392 =( LENGTH_UNIT ( ) NAMED_UNIT ( * ) SI_UNIT ( .MILLI., .METRE. ) );
#393 = EDGE_LOOP ( 'NONE', ( #1271, #1083, #280 ) ) ;
#394 = SURFACE_SIDE_STYLE ('',( #2406 ) ) ;
#395 = AXIS2_PLACEMENT_3D ( 'NONE', #1417, #1435, #1763 ) ;
#396 = DIRECTION ( 'NONE',  ( 0.000000000000000000, 0.000000000000000000, 1.000000000000000000 ) ) ;
#397 = LINE ( 'NONE', #1486, #1391 ) ;
#398 = ORIENTED_EDGE ( 'NONE', *, *, #938, .F. ) ;
#399 = EDGE_CURVE ( 'NONE', #1293, #3661, #295, .T. ) ;
#400 = CARTESIAN_POINT ( 'NONE',  ( -0.7307106781186548661, -1.459017335549510852, -0.02928932188134529199 ) ) ;
#401 = DIRECTION ( 'NONE',  ( 0.000000000000000000, -1.000000000000000000, -0.000000000000000000 ) ) ;
#402 = SURFACE_SIDE_STYLE ('',( #948 ) ) ;
#403 = CARTESIAN_POINT ( 'NONE',  ( 0.7599955587108949695, -1.399333577425368791, -0.1006664225746311397 ) ) ;
#404 = ORIENTED_EDGE ( 'NONE', *, *, #556, .F. ) ;
#405 = CARTESIAN_POINT ( 'NONE',  ( -0.5000000000000000000, -4.984500000000000597, -4.415000000000000924 ) ) ;
#406 = DIRECTION ( 'NONE',  ( -1.000000000000000000, 0.000000000000000000, 0.000000000000000000 ) ) ;
#407 = CARTESIAN_POINT ( 'NONE',  ( 0.6600000000000000311, -1.399999999999999911, -0.1000000000000000056 ) ) ;
#408 = ORIENTED_EDGE ( 'NONE', *, *, #625, .T. ) ;
#409 = LINE ( 'NONE', #2613, #3334 ) ;
#410 = CARTESIAN_POINT ( 'NONE',  ( 1.000000000000000444, -2.207106781137547546, -0.4489213562373093325 ) ) ;
#411 = DIRECTION ( 'NONE',  ( 1.000000000000000000, 0.000000000000000000, 0.000000000000000000 ) ) ;
#412 = VERTEX_POINT ( 'NONE', #3659 ) ;
#413 = CARTESIAN_POINT ( 'NONE',  ( -1.750000000000000000, 3.000000000000000000, -3.165000000000000480 ) ) ;
#414 = EDGE_CURVE ( 'NONE', #3578, #1204, #2260, .T. ) ;
#415 = SURFACE_SIDE_STYLE ('',( #2950 ) ) ;
#416 = DIRECTION ( 'NONE',  ( 0.000000000000000000, 1.000000000000000000, 0.000000000000000000 ) ) ;
#417 = CARTESIAN_POINT ( 'NONE',  ( 0.5176071206474001096, -2.100000000000000089, -0.5074999999999999512 ) ) ;
#418 = UNCERTAINTY_MEASURE_WITH_UNIT (LENGTH_MEASURE( 1.000000000000000082E-05 ), #2634, 'distance_accuracy_value', 'NONE');
#419 = ORIENTED_EDGE ( 'NONE', *, *, #1703, .T. ) ;
#420 = FILL_AREA_STYLE ('',( #3204 ) ) ;
#421 = EDGE_CURVE ( 'NONE', #2554, #1407, #1429, .T. ) ;
#422 = PRESENTATION_LAYER_ASSIGNMENT (  '', '', ( #2003 ) ) ;
#423 = DIRECTION ( 'NONE',  ( 1.000000000000000000, 0.000000000000000000, -0.000000000000000000 ) ) ;
#424 = DIRECTION ( 'NONE',  ( 0.000000000000000000, 0.000000000000000000, -1.000000000000000000 ) ) ;
#425 =( BOUNDED_SURFACE ( )  B_SPLINE_SURFACE ( 3, 3, ( 
 ( #1717, #1969, #2515, #1987 ),
 ( #2301, #858, #2535, #1445 ),
 ( #2797, #5, #293, #3135 ),
 ( #1116, #2576, #50, #906 ) ),
 .UNSPECIFIED., .F., .F., .F. ) 
 B_SPLINE_SURFACE_WITH_KNOTS ( ( 4, 4 ),
 ( 4, 4 ),
 ( 0.000000000000000000, 1.000000000000000000 ),
 ( 0.000000000000000000, 1.000000000000000000 ),
 .UNSPECIFIED. ) 
 GEOMETRIC_REPRESENTATION_ITEM ( )  RATIONAL_B_SPLINE_SURFACE ( (
 ( 1.000000000000000000, 0.8047378540746317199, 0.8047378540746317199, 1.000000000000000000),
 ( 0.8047378541243646044, 0.6476030138206652076, 0.6476030138206652076, 0.8047378541243646044),
 ( 0.8047378541243646044, 0.6476030138206652076, 0.6476030138206652076, 0.8047378541243646044),
 ( 1.000000000000000000, 0.8047378540746317199, 0.8047378540746317199, 1.000000000000000000) ) ) 
 REPRESENTATION_ITEM ( '' )  SURFACE ( )  );
#426 = EDGE_CURVE ( 'NONE', #2780, #1254, #2009, .T. ) ;
#427 = VECTOR ( 'NONE', #2799, 1000.000000000000000 ) ;
#428 = VERTEX_POINT ( 'NONE', #1411 ) ;
#429 = LINE ( 'NONE', #2384, #2738 ) ;
#430 = FILL_AREA_STYLE ('',( #3270 ) ) ;
#431 = VECTOR ( 'NONE', #513, 1000.000000000000000 ) ;
#432 = CARTESIAN_POINT ( 'NONE',  ( -0.7307106781186549771, -1.399999999999999911, -0.02928932188134540995 ) ) ;
#433 = CARTESIAN_POINT ( 'NONE',  ( -0.6599999999999998090, 1.512164124680902555, -0.1300375603192159280 ) ) ;
#434 = MECHANICAL_DESIGN_GEOMETRIC_PRESENTATION_REPRESENTATION (  '', ( #2376 ), #92 ) ;
#435 = CARTESIAN_POINT ( 'NONE',  ( 1.750000000000000000, 2.750000000000000000, 0.000000000000000000 ) ) ;
#436 = CARTESIAN_POINT ( 'NONE',  ( 0.6600000000000000311, -1.470710678118654746, -0.02928932188134530587 ) ) ;
#437 = ORIENTED_EDGE ( 'NONE', *, *, #449, .T. ) ;
#438 = FILL_AREA_STYLE_COLOUR ( '', #3153 ) ;
#439 = CIRCLE ( 'NONE', #753, 0.5499999999999997113 ) ;
#440 = CARTESIAN_POINT ( 'NONE',  ( 0.9999999999999997780, -3.000000000000000000, -0.8149999999999999467 ) ) ;
#441 = FILL_AREA_STYLE ('',( #2972 ) ) ;
#442 = VERTEX_POINT ( 'NONE', #1990 ) ;
#443 = COLOUR_RGB ( '',0.4274509803921568429, 0.4470588235294117307, 0.4274509803921568429 ) ;
#444 = CARTESIAN_POINT ( 'NONE',  ( 0.6600000000000000311, 1.500000000000000000, 5.755393999999999899 ) ) ;
#445 = VECTOR ( 'NONE', #1791, 1000.000000000000000 ) ;
#446 = UNCERTAINTY_MEASURE_WITH_UNIT (LENGTH_MEASURE( 1.000000000000000082E-05 ), #1313, 'distance_accuracy_value', 'NONE');
#447 = ORIENTED_EDGE ( 'NONE', *, *, #537, .F. ) ;
#448 = DIRECTION ( 'NONE',  ( 0.000000000000000000, 0.000000000000000000, -1.000000000000000000 ) ) ;
#449 = EDGE_CURVE ( 'NONE', #1680, #1335, #106, .T. ) ;
#450 = FILL_AREA_STYLE ('',( #2740 ) ) ;
#451 = AXIS2_PLACEMENT_3D ( 'NONE', #1972, #840, #1953 ) ;
#452 =( GEOMETRIC_REPRESENTATION_CONTEXT ( 3 ) GLOBAL_UNCERTAINTY_ASSIGNED_CONTEXT ( ( #3357 ) ) GLOBAL_UNIT_ASSIGNED_CONTEXT ( ( #1532, #1505, #702 ) ) REPRESENTATION_CONTEXT ( 'NONE', 'WORKASPACE' ) );
#453 = VECTOR ( 'NONE', #3011, 1000.000000000000000 ) ;
#454 = CARTESIAN_POINT ( 'NONE',  ( -0.5000000000000000000, -4.269999999999999574, -3.865000000000000213 ) ) ;
#455 = EDGE_LOOP ( 'NONE', ( #1112, #767, #247, #272 ) ) ;
#456 = CARTESIAN_POINT ( 'NONE',  ( 0.5000000000000000000, -3.970000000000000639, -3.865000000000000213 ) ) ;
#457 = VECTOR ( 'NONE', #2562, 1000.000000000000000 ) ;
#458 = FACE_OUTER_BOUND ( 'NONE', #1015, .T. ) ;
#459 = EDGE_LOOP ( 'NONE', ( #2590, #710, #471, #1414, #551 ) ) ;
#460 = DIRECTION ( 'NONE',  ( 0.000000000000000000, -0.000000000000000000, 1.000000000000000000 ) ) ;
#461 = CARTESIAN_POINT ( 'NONE',  ( 0.6600000000000000311, 1.399999999999998579, -0.1000000000000000056 ) ) ;
#462 = CARTESIAN_POINT ( 'NONE',  ( 1.000000000000000000, 2.500000000106000542, -0.8149999999999999467 ) ) ;
#463 = ORIENTED_EDGE ( 'NONE', *, *, #1837, .T. ) ;
#464 = CARTESIAN_POINT ( 'NONE',  ( -0.6220919617738970286, -2.118260980640659596, -0.4074999999999999734 ) ) ;
#465 = EDGE_LOOP ( 'NONE', ( #3382, #1711, #141, #3195 ) ) ;
#466 = EDGE_CURVE ( 'NONE', #2340, #3458, #3099, .T. ) ;
#467 =( NAMED_UNIT ( * ) SI_UNIT ( $, .STERADIAN. ) SOLID_ANGLE_UNIT ( ) );
#468 = DIRECTION ( 'NONE',  ( 0.000000000000000000, -1.000000000000000000, 0.000000000000000000 ) ) ;
#469 = ORIENTED_EDGE ( 'NONE', *, *, #2653, .F. ) ;
#470 = DIRECTION ( 'NONE',  ( 1.000000000000000000, 0.000000000000000000, 0.000000000000000000 ) ) ;
#471 = ORIENTED_EDGE ( 'NONE', *, *, #2909, .F. ) ;
#472 = FACE_OUTER_BOUND ( 'NONE', #2796, .T. ) ;
#473 = CARTESIAN_POINT ( 'NONE',  ( 0.7189018665193559476, -1.512164124680902999, -0.1300375603192160390 ) ) ;
#474 = ORIENTED_EDGE ( 'NONE', *, *, #45, .T. ) ;
#475 = CIRCLE ( 'NONE', #1305, 0.1000000000000000472 ) ;
#476 = VECTOR ( 'NONE', #1257, 1000.000000000000000 ) ;
#477 = SURFACE_STYLE_USAGE ( .BOTH. , #2190 ) ;
#478 =( GEOMETRIC_REPRESENTATION_CONTEXT ( 3 ) GLOBAL_UNCERTAINTY_ASSIGNED_CONTEXT ( ( #2476 ) ) GLOBAL_UNIT_ASSIGNED_CONTEXT ( ( #16, #3164, #2270 ) ) REPRESENTATION_CONTEXT ( 'NONE', 'WORKASPACE' ) );
#479 = EDGE_CURVE ( 'NONE', #749, #2999, #2537, .T. ) ;
#480 = PRESENTATION_LAYER_ASSIGNMENT (  '', '', ( #1136 ) ) ;
#481 = VERTEX_POINT ( 'NONE', #587 ) ;
#482 = ORIENTED_EDGE ( 'NONE', *, *, #38, .T. ) ;
#483 = CARTESIAN_POINT ( 'NONE',  ( -0.5000000000000000000, -3.970000000000000639, 0.000000000000000000 ) ) ;
#484 = CARTESIAN_POINT ( 'NONE',  ( -0.6600000000000000311, -1.500000000000000000, -0.1000000000000001305 ) ) ;
#485 = VECTOR ( 'NONE', #1588, 1000.000000000000000 ) ;
#486 = VERTEX_POINT ( 'NONE', #312 ) ;
#487 = CARTESIAN_POINT ( 'NONE',  ( 0.6600000000000000311, 1.500000000000000000, -0.1000000000000001305 ) ) ;
#488 =( LENGTH_UNIT ( ) NAMED_UNIT ( * ) SI_UNIT ( .MILLI., .METRE. ) );
#489 = VERTEX_POINT ( 'NONE', #3137 ) ;
#490 = LINE ( 'NONE', #1048, #1310 ) ;
#491 = EDGE_CURVE ( 'NONE', #1419, #2760, #3400, .T. ) ;
#492 = CARTESIAN_POINT ( 'NONE',  ( 0.7599955587108951915, -1.440753094020496894, -0.1420859391697589513 ) ) ;
#493 = DIRECTION ( 'NONE',  ( -1.000000000000000000, 0.000000000000000000, -0.000000000000000000 ) ) ;
#494 = CARTESIAN_POINT ( 'NONE',  ( 0.7010632821808437942, 1.500551775759737083, -0.05893671781915656854 ) ) ;
#495 = ORIENTED_EDGE ( 'NONE', *, *, #185, .T. ) ;
#496 = AXIS2_PLACEMENT_3D ( 'NONE', #3000, #1628, #235 ) ;
#497 = CARTESIAN_POINT ( 'NONE',  ( -0.5251163193537150553, -2.100000000000000533, -0.4074999999999999734 ) ) ;
#498 = DIRECTION ( 'NONE',  ( -1.000000000000000000, 0.000000000000000000, 0.000000000000000000 ) ) ;
#499 =( NAMED_UNIT ( * ) SI_UNIT ( $, .STERADIAN. ) SOLID_ANGLE_UNIT ( ) );
#500 = EDGE_CURVE ( 'NONE', #2793, #543, #3152, .T. ) ;
#501 = VERTEX_POINT ( 'NONE', #624 ) ;
#502 = VECTOR ( 'NONE', #95, 1000.000000000000000 ) ;
#503 = AXIS2_PLACEMENT_3D ( 'NONE', #1679, #3359, #856 ) ;
#504 = DIRECTION ( 'NONE',  ( 1.000000000000000000, 0.000000000000000000, 0.000000000000000000 ) ) ;
#505 = ORIENTED_EDGE ( 'NONE', *, *, #3210, .T. ) ;
#506 = SURFACE_STYLE_FILL_AREA ( #3307 ) ;
#507 = CIRCLE ( 'NONE', #3354, 0.1000000000000000472 ) ;
#508 = AXIS2_PLACEMENT_3D ( 'NONE', #811, #2185, #3331 ) ;
#509 = EDGE_CURVE ( 'NONE', #1789, #603, #70, .T. ) ;
#510 = CARTESIAN_POINT ( 'NONE',  ( 0.5000000000000000000, 2.000000000000000000, -0.5074999999999999512 ) ) ;
#511 = VERTEX_POINT ( 'NONE', #1701 ) ;
#512 = VECTOR ( 'NONE', #3125, 1000.000000000000000 ) ;
#513 = DIRECTION ( 'NONE',  ( -1.000000000000000000, -0.000000000000000000, -0.000000000000000000 ) ) ;
#514 = CARTESIAN_POINT ( 'NONE',  ( -0.5000000000000000000, 4.519999999999999574, -4.415000000000000924 ) ) ;
#515 =( NAMED_UNIT ( * ) SI_UNIT ( $, .STERADIAN. ) SOLID_ANGLE_UNIT ( ) );
#516 = ORIENTED_EDGE ( 'NONE', *, *, #257, .T. ) ;
#517 = CARTESIAN_POINT ( 'NONE',  ( 0.5000000000000000000, 0.000000000000000000, 0.000000000000000000 ) ) ;
#518 = CYLINDRICAL_SURFACE ( 'NONE', #2330, 0.2500000000000000000 ) ;
#519 = ORIENTED_EDGE ( 'NONE', *, *, #479, .T. ) ;
#520 = VERTEX_POINT ( 'NONE', #1683 ) ;
#521 = CARTESIAN_POINT ( 'NONE',  ( -0.5000000000000000000, -4.519999999999999574, -4.115000000000000213 ) ) ;
#522 = SURFACE_SIDE_STYLE ('',( #506 ) ) ;
#523 = UNCERTAINTY_MEASURE_WITH_UNIT (LENGTH_MEASURE( 1.000000000000000082E-05 ), #1598, 'distance_accuracy_value', 'NONE');
#524 = ORIENTED_EDGE ( 'NONE', *, *, #1538, .T. ) ;
#525 = ORIENTED_EDGE ( 'NONE', *, *, #2245, .T. ) ;
#526 = CARTESIAN_POINT ( 'NONE',  ( -1.000000000000000000, 0.000000000000000000, -4.065000000000001279 ) ) ;
#527 = EDGE_CURVE ( 'NONE', #1419, #718, #439, .T. ) ;
#528 = CARTESIAN_POINT ( 'NONE',  ( 0.5000000000000002220, 3.000000000000000000, -4.315000000000000391 ) ) ;
#529 = ADVANCED_FACE ( 'NONE', ( #7 ), #28, .F. ) ;
#530 = CARTESIAN_POINT ( 'NONE',  ( 1.750000000000000000, 1.500000000000000222, -4.315000000000000391 ) ) ;
#531 = PLANE ( 'NONE',  #1484 ) ;
#532 = AXIS2_PLACEMENT_3D ( 'NONE', #2595, #3656, #3398 ) ;
#533 = PRESENTATION_LAYER_ASSIGNMENT (  '', '', ( #2113 ) ) ;
#534 =( NAMED_UNIT ( * ) PLANE_ANGLE_UNIT ( ) SI_UNIT ( $, .RADIAN. ) );
#535 = VERTEX_POINT ( 'NONE', #875 ) ;
#536 = EDGE_CURVE ( 'NONE', #2536, #2737, #1758, .T. ) ;
#537 = EDGE_CURVE ( 'NONE', #2126, #2340, #333, .T. ) ;
#538 = ORIENTED_EDGE ( 'NONE', *, *, #1516, .F. ) ;
#539 = AXIS2_PLACEMENT_3D ( 'NONE', #3009, #808, #1345 ) ;
#540 = CARTESIAN_POINT ( 'NONE',  ( 0.5000000000000000000, -3.970000000000000639, -3.714999999999999858 ) ) ;
#541 =( LENGTH_UNIT ( ) NAMED_UNIT ( * ) SI_UNIT ( .MILLI., .METRE. ) );
#542 = B_SPLINE_CURVE_WITH_KNOTS ( 'NONE', 3,
 ( #234, #497, #2128, #3302, #464, #1295, #1350, #2469, #1090, #1565, #3030, #1874, #2717, #1623, #2701, #178, #2419 ),
 .UNSPECIFIED., .F., .F.,
 ( 4, 2, 2, 2, 2, 1, 2, 2, 4 ),
 ( 0.000000000000000000, 0.1249999999999995004, 0.2499999999999990008, 0.3749999999999985012, 0.4999999999999980016, 0.6249999999999975575, 0.6874999999999978906, 0.7499999999999983347, 1.000000000000000000 ),
 .UNSPECIFIED. ) ;
#543 = VERTEX_POINT ( 'NONE', #888 ) ;
#544 = CARTESIAN_POINT ( 'NONE',  ( -1.000000000000000000, -2.500000000000000000, -0.8149999999999999467 ) ) ;
#545 = FACE_OUTER_BOUND ( 'NONE', #1161, .T. ) ;
#546 = ORIENTED_EDGE ( 'NONE', *, *, #2245, .F. ) ;
#547 = CIRCLE ( 'NONE', #2321, 0.1000000000000000056 ) ;
#548 = ORIENTED_EDGE ( 'NONE', *, *, #391, .T. ) ;
#549 = CARTESIAN_POINT ( 'NONE',  ( 1.000000000000000000, 1.500000000000000000, -4.315000000000000391 ) ) ;
#550 = DIRECTION ( 'NONE',  ( 0.000000000000000000, 0.000000000000000000, 1.000000000000000000 ) ) ;
#551 = ORIENTED_EDGE ( 'NONE', *, *, #2610, .T. ) ;
#552 = AXIS2_PLACEMENT_3D ( 'NONE', #18, #594, #1709 ) ;
#553 = EDGE_LOOP ( 'NONE', ( #2188, #3081, #3043, #1390, #783, #2911, #1605, #2559 ) ) ;
#554 = MECHANICAL_DESIGN_GEOMETRIC_PRESENTATION_REPRESENTATION (  '', ( #2130 ), #2861 ) ;
#555 = VECTOR ( 'NONE', #2919, 1000.000000000000000 ) ;
#556 = EDGE_CURVE ( 'NONE', #3346, #1474, #1477, .T. ) ;
#557 = DIRECTION ( 'NONE',  ( 1.000000000000000000, 0.000000000000000000, 0.000000000000000000 ) ) ;
#558 = VECTOR ( 'NONE', #757, 1000.000000000000000 ) ;
#559 = PRESENTATION_STYLE_ASSIGNMENT (( #1173 ) ) ;
#560 = PLANE ( 'NONE',  #105 ) ;
#561 = ORIENTED_EDGE ( 'NONE', *, *, #1795, .T. ) ;
#562 = CYLINDRICAL_SURFACE ( 'NONE', #1069, 0.1000000000000000472 ) ;
#563 = EDGE_CURVE ( 'NONE', #3425, #1851, #2320, .T. ) ;
#564 = ORIENTED_EDGE ( 'NONE', *, *, #2455, .T. ) ;
#565 = CARTESIAN_POINT ( 'NONE',  ( -6.312599999999999767, -1.399999999999999911, 0.000000000000000000 ) ) ;
#566 = PLANE ( 'NONE',  #2382 ) ;
#567 = VECTOR ( 'NONE', #3605, 1000.000000000000000 ) ;
#568 = FACE_OUTER_BOUND ( 'NONE', #455, .T. ) ;
#569 = VERTEX_POINT ( 'NONE', #3234 ) ;
#570 = VERTEX_POINT ( 'NONE', #942 ) ;
#571 = CARTESIAN_POINT ( 'NONE',  ( 0.5000000000000001110, 3.000000000000000444, -3.464999999999999858 ) ) ;
#572 = AXIS2_PLACEMENT_3D ( 'NONE', #2235, #2282, #1986 ) ;
#573 = DIRECTION ( 'NONE',  ( 1.000000000000000000, -2.602085213965210642E-15, 0.000000000000000000 ) ) ;
#574 =( BOUNDED_SURFACE ( )  B_SPLINE_SURFACE ( 3, 3, ( 
 ( #1828, #3219, #1794, #131 ),
 ( #1810, #2917, #1507, #2963 ),
 ( #433, #168, #1002, #734 ),
 ( #2118, #3274, #1848, #2641 ) ),
 .UNSPECIFIED., .F., .F., .F. ) 
 B_SPLINE_SURFACE_WITH_KNOTS ( ( 4, 4 ),
 ( 4, 4 ),
 ( 0.000000000000000000, 1.000000000000000000 ),
 ( 0.000000000000000000, 1.000000000000000000 ),
 .UNSPECIFIED. ) 
 GEOMETRIC_REPRESENTATION_ITEM ( )  RATIONAL_B_SPLINE_SURFACE ( (
 ( 1.000000000000000000, 0.8047378541243640493, 0.8047378541243640493, 1.000000000000000000),
 ( 0.8025111867385917863, 0.6458111303268111447, 0.6458111303268111447, 0.8025111867385917863),
 ( 0.8025111867385917863, 0.6458111303268111447, 0.6458111303268111447, 0.8025111867385917863),
 ( 1.000000000000000000, 0.8047378541243640493, 0.8047378541243640493, 1.000000000000000000) ) ) 
 REPRESENTATION_ITEM ( '' )  SURFACE ( )  );
#575 = DIRECTION ( 'NONE',  ( -0.000000000000000000, 1.000000000000000000, -0.000000000000000000 ) ) ;
#576 = CARTESIAN_POINT ( 'NONE',  ( 0.6600000000000000311, 1.399999999999999911, -0.1000000000000000056 ) ) ;
#577 = ORIENTED_EDGE ( 'NONE', *, *, #383, .T. ) ;
#578 = FILL_AREA_STYLE ('',( #3393 ) ) ;
#579 = STYLED_ITEM ( 'NONE', ( #559 ), #872 ) ;
#580 = CARTESIAN_POINT ( 'NONE',  ( -0.6600000000000000311, 1.399999999999999245, 0.000000000000000000 ) ) ;
#581 = ADVANCED_FACE ( 'NONE', ( #1790 ), #1261, .T. ) ;
#582 = FACE_OUTER_BOUND ( 'NONE', #2362, .T. ) ;
#583 = SURFACE_SIDE_STYLE ('',( #1406 ) ) ;
#584 = FACE_OUTER_BOUND ( 'NONE', #2226, .T. ) ;
#585 = EDGE_CURVE ( 'NONE', #1643, #2793, #997, .T. ) ;
#586 = ORIENTED_EDGE ( 'NONE', *, *, #1364, .T. ) ;
#587 = CARTESIAN_POINT ( 'NONE',  ( -1.000000000000000000, 3.000000000000000444, -4.065000000000001279 ) ) ;
#588 = CARTESIAN_POINT ( 'NONE',  ( -0.5000000000000000000, -4.269999999999999574, -3.865000000000000213 ) ) ;
#589 = CARTESIAN_POINT ( 'NONE',  ( -0.5000000000000000000, -3.000000000000000000, -3.165000000000000480 ) ) ;
#590 = ORIENTED_EDGE ( 'NONE', *, *, #3295, .T. ) ;
#591 = CARTESIAN_POINT ( 'NONE',  ( 0.9000000000000000222, 3.000000000000000000, -0.4074999999999998623 ) ) ;
#592 = CARTESIAN_POINT ( 'NONE',  ( -1.000000000000000000, -2.499999999999999556, -0.4489213562373093880 ) ) ;
#593 =( NAMED_UNIT ( * ) SI_UNIT ( $, .STERADIAN. ) SOLID_ANGLE_UNIT ( ) );
#594 = DIRECTION ( 'NONE',  ( 1.000000000000000000, 0.000000000000000000, 0.000000000000000000 ) ) ;
#595 = PLANE ( 'NONE',  #978 ) ;
#596 = ORIENTED_EDGE ( 'NONE', *, *, #3138, .T. ) ;
#597 = CARTESIAN_POINT ( 'NONE',  ( -0.6945715547497794962, 1.428979119944034037, 0.01244223629327588683 ) ) ;
#598 = CARTESIAN_POINT ( 'NONE',  ( 0.8976596100354143903, -2.450055697317373937, -0.4075000000000000289 ) ) ;
#599 = CARTESIAN_POINT ( 'NONE',  ( 0.9000000000000001332, 2.482392879353000126, -0.5074999999999999512 ) ) ;
#600 = PLANE ( 'NONE',  #1099 ) ;
#601 = EDGE_CURVE ( 'NONE', #1293, #2604, #2798, .T. ) ;
#602 = CYLINDRICAL_SURFACE ( 'NONE', #1006, 0.2500000000000000000 ) ;
#603 = VERTEX_POINT ( 'NONE', #3523 ) ;
#604 = DIRECTION ( 'NONE',  ( -0.000000000000000000, -0.000000000000000000, 1.000000000000000000 ) ) ;
#605 = LINE ( 'NONE', #71, #2497 ) ;
#606 = MECHANICAL_DESIGN_GEOMETRIC_PRESENTATION_REPRESENTATION (  '', ( #1941 ), #776 ) ;
#607 = DIRECTION ( 'NONE',  ( -0.000000000000000000, -1.000000000000000000, 0.000000000000000000 ) ) ;
#608 = ORIENTED_EDGE ( 'NONE', *, *, #2741, .T. ) ;
#609 = DIRECTION ( 'NONE',  ( -0.000000000000000000, -1.000000000000000000, -0.000000000000000000 ) ) ;
#610 = CARTESIAN_POINT ( 'NONE',  ( -0.5000000000000000000, 4.519999999999999574, -4.415000000000000924 ) ) ;
#611 = CARTESIAN_POINT ( 'NONE',  ( -0.5000000000000000000, -3.000000000000000000, -3.165000000000000480 ) ) ;
#612 = PRESENTATION_STYLE_ASSIGNMENT (( #3409 ) ) ;
#613 = ORIENTED_EDGE ( 'NONE', *, *, #383, .F. ) ;
#614 = CARTESIAN_POINT ( 'NONE',  ( 0.7551564589183870080, 1.459017335549510186, -0.05373510268107761084 ) ) ;
#615 = EDGE_CURVE ( 'NONE', #1611, #1331, #409, .T. ) ;
#616 = VECTOR ( 'NONE', #2885, 1000.000000000000000 ) ;
#617 = LINE ( 'NONE', #47, #1568 ) ;
#618 = VECTOR ( 'NONE', #2060, 1000.000000000000000 ) ;
#619 = DIRECTION ( 'NONE',  ( -1.000000000000000000, 0.000000000000000000, -0.000000000000000000 ) ) ;
#620 = VECTOR ( 'NONE', #3257, 1000.000000000000000 ) ;
#621 = LINE ( 'NONE', #838, #2722 ) ;
#622 = STYLED_ITEM ( 'NONE', ( #1916 ), #2427 ) ;
#623 = EDGE_LOOP ( 'NONE', ( #2647, #3377, #2012, #655 ) ) ;
#624 = CARTESIAN_POINT ( 'NONE',  ( 1.750000000000000000, -2.750000000000000000, -0.8149999999999999467 ) ) ;
#625 = EDGE_CURVE ( 'NONE', #1415, #1460, #429, .T. ) ;
#626 =( NAMED_UNIT ( * ) SI_UNIT ( $, .STERADIAN. ) SOLID_ANGLE_UNIT ( ) );
#627 = VECTOR ( 'NONE', #8, 1000.000000000000000 ) ;
#628 = CARTESIAN_POINT ( 'NONE',  ( -1.000000000000000000, -2.500000000026500135, -0.5074999999999999512 ) ) ;
#629 = SURFACE_STYLE_USAGE ( .BOTH. , #3494 ) ;
#630 = CARTESIAN_POINT ( 'NONE',  ( -0.5000000000000000000, 3.970000000000000639, 0.000000000000000000 ) ) ;
#631 = CARTESIAN_POINT ( 'NONE',  ( -0.7343145750507622527, -2.100000000000000089, -0.4074999999999998068 ) ) ;
#632 = CIRCLE ( 'NONE', #1092, 0.2499999999999997780 ) ;
#633 = SURFACE_STYLE_FILL_AREA ( #1311 ) ;
#634 = EDGE_CURVE ( 'NONE', #2383, #376, #1500, .T. ) ;
#635 = DIRECTION ( 'NONE',  ( -0.000000000000000000, 0.000000000000000000, 1.000000000000000000 ) ) ;
#636 = CARTESIAN_POINT ( 'NONE',  ( 1.750000000000000000, -1.500000000000000222, -4.065000000000001279 ) ) ;
#637 = VECTOR ( 'NONE', #3237, 1000.000000000000000 ) ;
#638 = ORIENTED_EDGE ( 'NONE', *, *, #72, .F. ) ;
#639 = PRESENTATION_LAYER_ASSIGNMENT (  '', '', ( #867 ) ) ;
#640 =( GEOMETRIC_REPRESENTATION_CONTEXT ( 3 ) GLOBAL_UNCERTAINTY_ASSIGNED_CONTEXT ( ( #1925 ) ) GLOBAL_UNIT_ASSIGNED_CONTEXT ( ( #541, #274, #1100 ) ) REPRESENTATION_CONTEXT ( 'NONE', 'WORKASPACE' ) );
#641 = FACE_OUTER_BOUND ( 'NONE', #3654, .T. ) ;
#642 = CARTESIAN_POINT ( 'NONE',  ( 0.5000000000000000000, -3.720000000000000195, -3.464999999999999858 ) ) ;
#643 = CARTESIAN_POINT ( 'NONE',  ( 0.6600000000000000311, -1.399999999999999911, -0.1000000000000000056 ) ) ;
#644 = FACE_OUTER_BOUND ( 'NONE', #124, .T. ) ;
#645 = ORIENTED_EDGE ( 'NONE', *, *, #3336, .T. ) ;
#646 = CARTESIAN_POINT ( 'NONE',  ( -0.5000000000000000000, -3.720000000000000195, -3.165000000000000480 ) ) ;
#647 =( LENGTH_UNIT ( ) NAMED_UNIT ( * ) SI_UNIT ( .MILLI., .METRE. ) );
#648 = DIRECTION ( 'NONE',  ( 0.000000000000000000, 0.000000000000000000, -1.000000000000000000 ) ) ;
#649 = EDGE_CURVE ( 'NONE', #1247, #2383, #1545, .T. ) ;
#650 = SURFACE_STYLE_FILL_AREA ( #3243 ) ;
#651 = ORIENTED_EDGE ( 'NONE', *, *, #2969, .T. ) ;
#652 = CARTESIAN_POINT ( 'NONE',  ( -0.6600000000000000311, 17.36269006203999865, -0.1000000000000000056 ) ) ;
#653 =( LENGTH_UNIT ( ) NAMED_UNIT ( * ) SI_UNIT ( .MILLI., .METRE. ) );
#654 = EDGE_CURVE ( 'NONE', #3328, #2008, #1382, .T. ) ;
#655 = ORIENTED_EDGE ( 'NONE', *, *, #1746, .F. ) ;
#656 = FILL_AREA_STYLE ('',( #3197 ) ) ;
#657 = CARTESIAN_POINT ( 'NONE',  ( -1.750000000000000000, -3.000000000000000000, -4.315000000000000391 ) ) ;
#658 = EDGE_LOOP ( 'NONE', ( #3497, #1989, #1142, #2778, #2829, #1982, #2502, #2472 ) ) ;
#659 = DIRECTION ( 'NONE',  ( -1.000000000000000000, -0.000000000000000000, 0.000000000000000000 ) ) ;
#660 = AXIS2_PLACEMENT_3D ( 'NONE', #2856, #1175, #2007 ) ;
#661 =( GEOMETRIC_REPRESENTATION_CONTEXT ( 3 ) GLOBAL_UNCERTAINTY_ASSIGNED_CONTEXT ( ( #995 ) ) GLOBAL_UNIT_ASSIGNED_CONTEXT ( ( #1242, #1818, #1276 ) ) REPRESENTATION_CONTEXT ( 'NONE', 'WORKASPACE' ) );
#662 =( LENGTH_UNIT ( ) NAMED_UNIT ( * ) SI_UNIT ( .MILLI., .METRE. ) );
#663 = PRESENTATION_LAYER_ASSIGNMENT (  '', '', ( #2727 ) ) ;
#664 = FILL_AREA_STYLE_COLOUR ( '', #3513 ) ;
#665 = DIRECTION ( 'NONE',  ( -1.000000000000000000, 0.000000000000000000, 0.000000000000000000 ) ) ;
#666 = ORIENTED_EDGE ( 'NONE', *, *, #2253, .F. ) ;
#667 = CARTESIAN_POINT ( 'NONE',  ( -1.000000000000000000, 3.000000000000000444, -0.8149999999999998357 ) ) ;
#668 = EDGE_CURVE ( 'NONE', #2737, #3325, #2685, .T. ) ;
#669 = CARTESIAN_POINT ( 'NONE',  ( -0.9000000000000001332, -2.500000000000000000, -0.5074999999999999512 ) ) ;
#670 = DIRECTION ( 'NONE',  ( 0.000000000000000000, -1.000000000000000000, 0.000000000000000000 ) ) ;
#671 =( GEOMETRIC_REPRESENTATION_CONTEXT ( 3 ) GLOBAL_UNCERTAINTY_ASSIGNED_CONTEXT ( ( #2487 ) ) GLOBAL_UNIT_ASSIGNED_CONTEXT ( ( #74, #2324, #366 ) ) REPRESENTATION_CONTEXT ( 'NONE', 'WORKASPACE' ) );
#672 = ADVANCED_FACE ( 'NONE', ( #3268 ), #162, .T. ) ;
#673 = PLANE ( 'NONE',  #3555 ) ;
#674 = STYLED_ITEM ( 'NONE', ( #2335 ), #672 ) ;
#675 = ORIENTED_EDGE ( 'NONE', *, *, #180, .T. ) ;
#676 = CARTESIAN_POINT ( 'NONE',  ( -1.750000000000000000, 3.000000000000000000, -4.315000000000000391 ) ) ;
#677 = VECTOR ( 'NONE', #3663, 1000.000000000000000 ) ;
#678 = LINE ( 'NONE', #3506, #154 ) ;
#679 =( GEOMETRIC_REPRESENTATION_CONTEXT ( 3 ) GLOBAL_UNCERTAINTY_ASSIGNED_CONTEXT ( ( #2412 ) ) GLOBAL_UNIT_ASSIGNED_CONTEXT ( ( #647, #277, #626 ) ) REPRESENTATION_CONTEXT ( 'NONE', 'WORKASPACE' ) );
#680 = CARTESIAN_POINT ( 'NONE',  ( -1.750000000000000000, 1.500000000000000444, -4.315000000000000391 ) ) ;
#681 = ORIENTED_EDGE ( 'NONE', *, *, #935, .F. ) ;
#682 = LINE ( 'NONE', #2690, #2284 ) ;
#683 = VECTOR ( 'NONE', #1760, 1000.000000000000000 ) ;
#684 = CARTESIAN_POINT ( 'NONE',  ( -1.750000000000000000, -1.500000000000000444, -0.8149999999999999467 ) ) ;
#685 = ORIENTED_EDGE ( 'NONE', *, *, #1538, .F. ) ;
#686 = DIRECTION ( 'NONE',  ( 0.000000000000000000, -1.000000000000000000, 0.000000000000000000 ) ) ;
#687 = AXIS2_PLACEMENT_3D ( 'NONE', #2500, #1160, #1688 ) ;
#688 = AXIS2_PLACEMENT_3D ( 'NONE', #3094, #834, #1425 ) ;
#689 = CARTESIAN_POINT ( 'NONE',  ( 0.5000000000000001110, -3.000000000000000444, -3.165000000000000036 ) ) ;
#690 = SURFACE_STYLE_USAGE ( .BOTH. , #3537 ) ;
#691 = VECTOR ( 'NONE', #2086, 1000.000000000000000 ) ;
#692 =( GEOMETRIC_REPRESENTATION_CONTEXT ( 3 ) GLOBAL_UNCERTAINTY_ASSIGNED_CONTEXT ( ( #1813 ) ) GLOBAL_UNIT_ASSIGNED_CONTEXT ( ( #653, #1241, #3518 ) ) REPRESENTATION_CONTEXT ( 'NONE', 'WORKASPACE' ) );
#693 = FACE_OUTER_BOUND ( 'NONE', #1260, .T. ) ;
#694 = EDGE_CURVE ( 'NONE', #1233, #2230, #1567, .T. ) ;
#695 = ORIENTED_EDGE ( 'NONE', *, *, #3163, .F. ) ;
#696 = PRESENTATION_STYLE_ASSIGNMENT (( #2353 ) ) ;
#697 = AXIS2_PLACEMENT_3D ( 'NONE', #599, #1188, #2835 ) ;
#698 = CARTESIAN_POINT ( 'NONE',  ( 0.9000000000000003553, -2.265685424910037771, -0.4074999999999999734 ) ) ;
#699 = EDGE_CURVE ( 'NONE', #3296, #2554, #1608, .T. ) ;
#700 = DIRECTION ( 'NONE',  ( -0.7071067811865475727, 0.000000000000000000, 0.7071067811865475727 ) ) ;
#701 = VERTEX_POINT ( 'NONE', #750 ) ;
#702 =( NAMED_UNIT ( * ) SI_UNIT ( $, .STERADIAN. ) SOLID_ANGLE_UNIT ( ) );
#703 = DIRECTION ( 'NONE',  ( 0.000000000000000000, 0.7071067811865475727, 0.7071067811865475727 ) ) ;
#704 = SURFACE_SIDE_STYLE ('',( #650 ) ) ;
#705 = ORIENTED_EDGE ( 'NONE', *, *, #1374, .F. ) ;
#706 = FACE_OUTER_BOUND ( 'NONE', #3565, .T. ) ;
#707 = ADVANCED_FACE ( 'NONE', ( #1299 ), #518, .T. ) ;
#708 = PRODUCT_DEFINITION ( 'UNKNOWN', '', #1854, #1892 ) ;
#709 = FACE_OUTER_BOUND ( 'NONE', #3596, .T. ) ;
#710 = ORIENTED_EDGE ( 'NONE', *, *, #1525, .T. ) ;
#711 = DIRECTION ( 'NONE',  ( 1.000000000000000000, 0.000000000000000000, -0.000000000000000000 ) ) ;
#712 = EDGE_CURVE ( 'NONE', #1447, #1739, #1440, .T. ) ;
#713 = CARTESIAN_POINT ( 'NONE',  ( -1.500000000000000000, 3.000000000000000000, -4.315000000000000391 ) ) ;
#714 = CARTESIAN_POINT ( 'NONE',  ( 1.000000000000000000, -1.500000000000000000, -4.315000000000000391 ) ) ;
#715 =( NAMED_UNIT ( * ) PLANE_ANGLE_UNIT ( ) SI_UNIT ( $, .RADIAN. ) );
#716 = UNCERTAINTY_MEASURE_WITH_UNIT (LENGTH_MEASURE( 1.000000000000000082E-05 ), #2871, 'distance_accuracy_value', 'NONE');
#717 = CIRCLE ( 'NONE', #2545, 0.09999999999999999167 ) ;
#718 = VERTEX_POINT ( 'NONE', #3631 ) ;
#719 = FACE_OUTER_BOUND ( 'NONE', #2479, .T. ) ;
#720 = PRESENTATION_LAYER_ASSIGNMENT (  '', '', ( #2547 ) ) ;
#721 = AXIS2_PLACEMENT_3D ( 'NONE', #1620, #1923, #2736 ) ;
#722 = CARTESIAN_POINT ( 'NONE',  ( 0.6599999999999998090, -1.512164124680902555, -0.1300375603192159280 ) ) ;
#723 = DIRECTION ( 'NONE',  ( -0.000000000000000000, 1.000000000000000000, -0.000000000000000000 ) ) ;
#724 = EDGE_CURVE ( 'NONE', #227, #1530, #3561, .T. ) ;
#725 = CARTESIAN_POINT ( 'NONE',  ( -1.500000000000000000, -2.750000000000000000, -0.8149999999999997247 ) ) ;
#726 = ORIENTED_EDGE ( 'NONE', *, *, #64, .T. ) ;
#727 = MECHANICAL_DESIGN_GEOMETRIC_PRESENTATION_REPRESENTATION (  '', ( #2068 ), #3090 ) ;
#728 = ORIENTED_EDGE ( 'NONE', *, *, #1387, .T. ) ;
#729 = SURFACE_STYLE_FILL_AREA ( #1282 ) ;
#730 = LINE ( 'NONE', #1897, #260 ) ;
#731 = CIRCLE ( 'NONE', #2795, 0.2500000000000002220 ) ;
#732 = EDGE_CURVE ( 'NONE', #3283, #2126, #3156, .T. ) ;
#733 = CARTESIAN_POINT ( 'NONE',  ( -1.500000000000000000, -3.000000000000000000, -4.326499726692000003 ) ) ;
#734 = CARTESIAN_POINT ( 'NONE',  ( -0.7605517757597372031, 1.441063282180843563, -0.05893671781915642977 ) ) ;
#735 = AXIS2_PLACEMENT_3D ( 'NONE', #611, #635, #1508 ) ;
#736 = DIRECTION ( 'NONE',  ( 1.000000000000000000, 0.000000000000000000, 0.000000000000000000 ) ) ;
#737 = CARTESIAN_POINT ( 'NONE',  ( 1.750000000000000000, 2.750000000000000000, -0.8149999999999998357 ) ) ;
#738 = ORIENTED_EDGE ( 'NONE', *, *, #2297, .F. ) ;
#739 = FILL_AREA_STYLE ('',( #1205 ) ) ;
#740 = COLOUR_RGB ( '',0.4274509803921568429, 0.4470588235294117307, 0.4274509803921568429 ) ;
#741 = DIRECTION ( 'NONE',  ( 2.109998373939218363E-10, -1.000000000000000000, 0.000000000000000000 ) ) ;
#742 = CARTESIAN_POINT ( 'NONE',  ( -0.5000000000000000000, 3.969999999999999751, -3.865000000000000213 ) ) ;
#743 = ADVANCED_FACE ( 'NONE', ( #2739 ), #1016, .T. ) ;
#744 = CARTESIAN_POINT ( 'NONE',  ( 0.6299624396807850246, 1.399999999999997025, 0.01216412468090237453 ) ) ;
#745 = EDGE_LOOP ( 'NONE', ( #3104, #3541, #3599, #2542, #1864 ) ) ;
#746 = LINE ( 'NONE', #3355, #2424 ) ;
#747 = UNCERTAINTY_MEASURE_WITH_UNIT (LENGTH_MEASURE( 1.000000000000000082E-05 ), #2834, 'distance_accuracy_value', 'NONE');
#748 =( GEOMETRIC_REPRESENTATION_CONTEXT ( 3 ) GLOBAL_UNCERTAINTY_ASSIGNED_CONTEXT ( ( #1005 ) ) GLOBAL_UNIT_ASSIGNED_CONTEXT ( ( #1133, #3072, #2794 ) ) REPRESENTATION_CONTEXT ( 'NONE', 'WORKASPACE' ) );
#749 = VERTEX_POINT ( 'NONE', #217 ) ;
#750 = CARTESIAN_POINT ( 'NONE',  ( -0.6600000000000000311, 1.500000000000000000, -0.1000000000000001305 ) ) ;
#751 = ORIENTED_EDGE ( 'NONE', *, *, #320, .T. ) ;
#752 = CARTESIAN_POINT ( 'NONE',  ( -1.000000000000000000, -3.000000000000000000, -4.315000000000000391 ) ) ;
#753 = AXIS2_PLACEMENT_3D ( 'NONE', #3439, #2825, #276 ) ;
#754 = CIRCLE ( 'NONE', #3047, 0.09999999999999999167 ) ;
#755 = VERTEX_POINT ( 'NONE', #2457 ) ;
#756 = DIRECTION ( 'NONE',  ( -0.000000000000000000, 0.000000000000000000, 1.000000000000000000 ) ) ;
#757 = DIRECTION ( 'NONE',  ( 1.000000000000000000, 0.000000000000000000, 0.000000000000000000 ) ) ;
#758 = CARTESIAN_POINT ( 'NONE',  ( -0.5000000000000000000, 3.720000000000000195, -3.165000000000000480 ) ) ;
#759 = VERTEX_POINT ( 'NONE', #1055 ) ;
#760 = EDGE_CURVE ( 'NONE', #2199, #759, #2623, .T. ) ;
#761 = ORIENTED_EDGE ( 'NONE', *, *, #1355, .T. ) ;
#762 = ORIENTED_EDGE ( 'NONE', *, *, #1587, .T. ) ;
#763 = DIRECTION ( 'NONE',  ( -0.000000000000000000, -0.000000000000000000, -1.000000000000000000 ) ) ;
#764 = EDGE_CURVE ( 'NONE', #774, #755, #1895, .T. ) ;
#765 = PLANE ( 'NONE',  #2430 ) ;
#766 = EDGE_CURVE ( 'NONE', #1663, #3283, #2255, .T. ) ;
#767 = ORIENTED_EDGE ( 'NONE', *, *, #1960, .T. ) ;
#768 = DIRECTION ( 'NONE',  ( 0.000000000000000000, 0.000000000000000000, 1.000000000000000000 ) ) ;
#769 = DIRECTION ( 'NONE',  ( -1.000000000000000000, -0.000000000000000000, -0.000000000000000000 ) ) ;
#770 = ORIENTED_EDGE ( 'NONE', *, *, #2767, .F. ) ;
#771 = CARTESIAN_POINT ( 'NONE',  ( 0.7605517757597372031, -1.441063282180843563, -0.05893671781915642977 ) ) ;
#772 = CARTESIAN_POINT ( 'NONE',  ( -0.5000000000000000000, -3.000000000000000000, -0.8149999999999999467 ) ) ;
#773 = SURFACE_STYLE_FILL_AREA ( #1031 ) ;
#774 = VERTEX_POINT ( 'NONE', #1658 ) ;
#775 = EDGE_CURVE ( 'NONE', #2436, #3578, #2883, .T. ) ;
#776 =( GEOMETRIC_REPRESENTATION_CONTEXT ( 3 ) GLOBAL_UNCERTAINTY_ASSIGNED_CONTEXT ( ( #747 ) ) GLOBAL_UNIT_ASSIGNED_CONTEXT ( ( #2834, #307, #2608 ) ) REPRESENTATION_CONTEXT ( 'NONE', 'WORKASPACE' ) );
#777 =( LENGTH_UNIT ( ) NAMED_UNIT ( * ) SI_UNIT ( .MILLI., .METRE. ) );
#778 = DIRECTION ( 'NONE',  ( 0.000000000000000000, 0.000000000000000000, -1.000000000000000000 ) ) ;
#779 = VERTEX_POINT ( 'NONE', #1114 ) ;
#780 = SURFACE_STYLE_USAGE ( .BOTH. , #1569 ) ;
#781 = EDGE_CURVE ( 'NONE', #1674, #1643, #351, .T. ) ;
#782 = LINE ( 'NONE', #2980, #3147 ) ;
#783 = ORIENTED_EDGE ( 'NONE', *, *, #2049, .T. ) ;
#784 = UNCERTAINTY_MEASURE_WITH_UNIT (LENGTH_MEASURE( 1.000000000000000082E-05 ), #1997, 'distance_accuracy_value', 'NONE');
#785 = DIRECTION ( 'NONE',  ( 1.000000000000000000, 0.000000000000000000, 0.000000000000000000 ) ) ;
#786 = ORIENTED_EDGE ( 'NONE', *, *, #3668, .T. ) ;
#787 =( NAMED_UNIT ( * ) SI_UNIT ( $, .STERADIAN. ) SOLID_ANGLE_UNIT ( ) );
#788 = PRESENTATION_LAYER_ASSIGNMENT (  '', '', ( #2130 ) ) ;
#789 = FILL_AREA_STYLE_COLOUR ( '', #2327 ) ;
#790 = LINE ( 'NONE', #528, #3648 ) ;
#791 = CIRCLE ( 'NONE', #3162, 0.1000000000000000472 ) ;
#792 = VERTEX_POINT ( 'NONE', #3114 ) ;
#793 = DIRECTION ( 'NONE',  ( 1.000000000000000000, 0.000000000000000000, 0.000000000000000000 ) ) ;
#794 = ORIENTED_EDGE ( 'NONE', *, *, #2539, .T. ) ;
#795 = DIRECTION ( 'NONE',  ( -0.000000000000000000, -0.000000000000000000, 1.000000000000000000 ) ) ;
#796 = EDGE_LOOP ( 'NONE', ( #1306, #2707, #3189, #3438 ) ) ;
#797 = ADVANCED_FACE ( 'NONE', ( #582 ), #3652, .T. ) ;
#798 = MECHANICAL_DESIGN_GEOMETRIC_PRESENTATION_REPRESENTATION (  '', ( #3521 ), #692 ) ;
#799 = CARTESIAN_POINT ( 'NONE',  ( -1.000000000000000000, 3.000000000000000000, -0.8149999999999999467 ) ) ;
#800 = ORIENTED_EDGE ( 'NONE', *, *, #1572, .T. ) ;
#801 = FACE_OUTER_BOUND ( 'NONE', #2995, .T. ) ;
#802 = VECTOR ( 'NONE', #1824, 1000.000000000000000 ) ;
#803 = CIRCLE ( 'NONE', #508, 0.2500000000000000000 ) ;
#804 = ADVANCED_FACE ( 'NONE', ( #22 ), #3133, .T. ) ;
#805 = CARTESIAN_POINT ( 'NONE',  ( -0.7007530940204986791, -1.499995558710895516, -0.1420859391697601726 ) ) ;
#806 = ORIENTED_EDGE ( 'NONE', *, *, #2467, .T. ) ;
#807 = ORIENTED_EDGE ( 'NONE', *, *, #1091, .T. ) ;
#808 = DIRECTION ( 'NONE',  ( 1.000000000000000000, 0.000000000000000000, 0.000000000000000000 ) ) ;
#809 = CIRCLE ( 'NONE', #3418, 0.09999999999999999167 ) ;
#810 = SURFACE_STYLE_USAGE ( .BOTH. , #323 ) ;
#811 = CARTESIAN_POINT ( 'NONE',  ( -1.500000000000000000, -2.750000000000000000, -4.315000000000000391 ) ) ;
#812 = CARTESIAN_POINT ( 'NONE',  ( 0.7307106781186547551, 1.399999999999999911, -0.02928932188134525383 ) ) ;
#813 = EDGE_CURVE ( 'NONE', #1433, #2174, #329, .T. ) ;
#814 = EDGE_CURVE ( 'NONE', #2957, #759, #617, .T. ) ;
#815 = CARTESIAN_POINT ( 'NONE',  ( -0.5000000000000000000, -4.519999999999999574, -4.415000000000000924 ) ) ;
#816 = CARTESIAN_POINT ( 'NONE',  ( -1.750000000000000000, -3.000000000000000000, -0.8149999999999999467 ) ) ;
#817 = ORIENTED_EDGE ( 'NONE', *, *, #1072, .T. ) ;
#818 = CARTESIAN_POINT ( 'NONE',  ( 0.5000000000000000000, 0.000000000000000000, -4.415000000000000924 ) ) ;
#819 = VERTEX_POINT ( 'NONE', #3395 ) ;
#820 = DIRECTION ( 'NONE',  ( -0.000000000000000000, -1.000000000000000000, -0.000000000000000000 ) ) ;
#821 = CARTESIAN_POINT ( 'NONE',  ( -1.750000000000000000, -3.000000000000000000, -0.8149999999999999467 ) ) ;
#822 = CARTESIAN_POINT ( 'NONE',  ( 0.5000000000000000000, -3.720000000000000195, -3.714999999999999858 ) ) ;
#823 = ORIENTED_EDGE ( 'NONE', *, *, #1687, .T. ) ;
#824 = ORIENTED_EDGE ( 'NONE', *, *, #2800, .F. ) ;
#825 = CARTESIAN_POINT ( 'NONE',  ( 0.6600000000000000311, -1.399999999999999911, -0.8149999999999997247 ) ) ;
#826 = CARTESIAN_POINT ( 'NONE',  ( -0.6600000000000000311, 1.500000000000000000, -0.8149999999999998357 ) ) ;
#827 = ORIENTED_EDGE ( 'NONE', *, *, #885, .T. ) ;
#828 = CARTESIAN_POINT ( 'NONE',  ( 0.7307106781186547551, 1.399999999999999911, -0.02928932188134527811 ) ) ;
#829 = ADVANCED_FACE ( 'NONE', ( #348 ), #2792, .T. ) ;
#830 = DIRECTION ( 'NONE',  ( 0.000000000000000000, 1.000000000000000000, 0.000000000000000000 ) ) ;
#831 = AXIS2_PLACEMENT_3D ( 'NONE', #3457, #1392, #1951 ) ;
#832 =( GEOMETRIC_REPRESENTATION_CONTEXT ( 3 ) GLOBAL_UNCERTAINTY_ASSIGNED_CONTEXT ( ( #2404 ) ) GLOBAL_UNIT_ASSIGNED_CONTEXT ( ( #63, #325, #1170 ) ) REPRESENTATION_CONTEXT ( 'NONE', 'WORKASPACE' ) );
#833 = DIRECTION ( 'NONE',  ( 0.000000000000000000, 0.000000000000000000, -1.000000000000000000 ) ) ;
#834 = DIRECTION ( 'NONE',  ( -0.000000000000000000, -0.000000000000000000, -1.000000000000000000 ) ) ;
#835 = ORIENTED_EDGE ( 'NONE', *, *, #2718, .T. ) ;
#836 = AXIS2_PLACEMENT_3D ( 'NONE', #2122, #1617, #174 ) ;
#837 = MECHANICAL_DESIGN_GEOMETRIC_PRESENTATION_REPRESENTATION (  '', ( #1887 ), #2117 ) ;
#838 = CARTESIAN_POINT ( 'NONE',  ( -1.000000000000000000, 2.500000000000000000, -0.8149999999999999467 ) ) ;
#839 = VERTEX_POINT ( 'NONE', #1715 ) ;
#840 = DIRECTION ( 'NONE',  ( -0.000000000000000000, -1.000000000000000000, -0.000000000000000000 ) ) ;
#841 = DIRECTION ( 'NONE',  ( 0.000000000000000000, 0.000000000000000000, -1.000000000000000000 ) ) ;
#842 = CARTESIAN_POINT ( 'NONE',  ( 0.5000000000000002220, -3.000000000000000000, -0.8149999999999999467 ) ) ;
#843 = ORIENTED_EDGE ( 'NONE', *, *, #382, .T. ) ;
#844 = VECTOR ( 'NONE', #2667, 1000.000000000000000 ) ;
#845 = ORIENTED_EDGE ( 'NONE', *, *, #1296, .F. ) ;
#846 = PLANE ( 'NONE',  #209 ) ;
#847 =( LENGTH_UNIT ( ) NAMED_UNIT ( * ) SI_UNIT ( .MILLI., .METRE. ) );
#848 = EDGE_CURVE ( 'NONE', #3397, #535, #1444, .T. ) ;
#849 = DIRECTION ( 'NONE',  ( 0.000000000000000000, -0.000000000000000000, -1.000000000000000000 ) ) ;
#850 = ORIENTED_EDGE ( 'NONE', *, *, #2380, .F. ) ;
#851 = CARTESIAN_POINT ( 'NONE',  ( -1.000000000000000000, -2.499999999999999556, -0.8149999999999999467 ) ) ;
#852 = CIRCLE ( 'NONE', #2859, 0.1000000000000000472 ) ;
#853 = DIRECTION ( 'NONE',  ( -0.000000000000000000, 0.000000000000000000, -1.000000000000000000 ) ) ;
#854 = AXIS2_PLACEMENT_3D ( 'NONE', #3022, #256, #2745 ) ;
#855 = DIRECTION ( 'NONE',  ( 0.000000000000000000, 1.000000000000000000, -0.000000000000000000 ) ) ;
#856 = DIRECTION ( 'NONE',  ( 0.000000000000000000, 0.000000000000000000, -1.000000000000000000 ) ) ;
#857 = ORIENTED_EDGE ( 'NONE', *, *, #1863, .F. ) ;
#858 = CARTESIAN_POINT ( 'NONE',  ( -0.9585786437626911960, 2.231370849853535177, -0.4074999999999998068 ) ) ;
#859 = ORIENTED_EDGE ( 'NONE', *, *, #2100, .T. ) ;
#860 = CARTESIAN_POINT ( 'NONE',  ( -0.5000000000000000000, 0.000000000000000000, -3.464999999999999858 ) ) ;
#861 = DIRECTION ( 'NONE',  ( -1.000000000000000000, 0.000000000000000000, 0.000000000000000000 ) ) ;
#862 = MECHANICAL_DESIGN_GEOMETRIC_PRESENTATION_REPRESENTATION (  '', ( #2570 ), #3231 ) ;
#863 =( NAMED_UNIT ( * ) PLANE_ANGLE_UNIT ( ) SI_UNIT ( $, .RADIAN. ) );
#864 = VERTEX_POINT ( 'NONE', #1926 ) ;
#865 = LINE ( 'NONE', #2525, #677 ) ;
#866 = CARTESIAN_POINT ( 'NONE',  ( -0.5000000000000000000, -2.100000000000000089, -0.5074999999999999512 ) ) ;
#867 = STYLED_ITEM ( 'NONE', ( #3280 ), #3051 ) ;
#868 = COLOUR_RGB ( '',0.6901960784313725394, 0.6117647058823529882, 0.5294117647058823595 ) ;
#869 = CARTESIAN_POINT ( 'NONE',  ( 0.7600000000000000089, -1.400000000000000133, -0.8149999999999998357 ) ) ;
#870 = VERTEX_POINT ( 'NONE', #1678 ) ;
#871 = VECTOR ( 'NONE', #3455, 1000.000000000000000 ) ;
#872 = ADVANCED_FACE ( 'NONE', ( #269 ), #2532, .T. ) ;
#873 = CARTESIAN_POINT ( 'NONE',  ( 0.7326421184938027853, -2.172457716095338220, -0.4074999999999999178 ) ) ;
#874 = ORIENTED_EDGE ( 'NONE', *, *, #2544, .F. ) ;
#875 = CARTESIAN_POINT ( 'NONE',  ( 1.000000000000000000, -3.000000000000000444, -4.315000000000000391 ) ) ;
#876 = PLANE ( 'NONE',  #2872 ) ;
#877 = PLANE ( 'NONE',  #278 ) ;
#878 = ORIENTED_EDGE ( 'NONE', *, *, #1436, .T. ) ;
#879 = FACE_BOUND ( 'NONE', #311, .T. ) ;
#880 = DIRECTION ( 'NONE',  ( -0.000000000000000000, 0.000000000000000000, 1.000000000000000000 ) ) ;
#881 = FACE_OUTER_BOUND ( 'NONE', #2026, .T. ) ;
#882 = ORIENTED_EDGE ( 'NONE', *, *, #615, .T. ) ;
#883 = CARTESIAN_POINT ( 'NONE',  ( -0.6599999999999998090, 1.470710678118654746, -0.02928932188134530587 ) ) ;
#884 = CARTESIAN_POINT ( 'NONE',  ( -1.000000000000000000, 3.000000000000000000, -4.315000000000000391 ) ) ;
#885 = EDGE_CURVE ( 'NONE', #2109, #1301, #3416, .T. ) ;
#886 = LINE ( 'NONE', #3149, #920 ) ;
#887 = ORIENTED_EDGE ( 'NONE', *, *, #45, .F. ) ;
#888 = CARTESIAN_POINT ( 'NONE',  ( -0.6600000000000000311, -1.399999999999999245, 0.000000000000000000 ) ) ;
#889 = ADVANCED_FACE ( 'NONE', ( #3175 ), #902, .T. ) ;
#890 = DIRECTION ( 'NONE',  ( -1.000000000000000000, 0.000000000000000000, 0.000000000000000000 ) ) ;
#891 = VERTEX_POINT ( 'NONE', #571 ) ;
#892 = LINE ( 'NONE', #630, #3572 ) ;
#893 = CARTESIAN_POINT ( 'NONE',  ( -0.5000000000000000000, -2.100000000000000089, -0.4074999999999998623 ) ) ;
#894 = DIRECTION ( 'NONE',  ( 0.000000000000000000, 1.000000000000000000, -0.000000000000000000 ) ) ;
#895 = COLOUR_RGB ( '',0.6901960784313725394, 0.6117647058823529882, 0.5294117647058823595 ) ;
#896 = LINE ( 'NONE', #2888, #1495 ) ;
#897 = LINE ( 'NONE', #1418, #286 ) ;
#898 = ORIENTED_EDGE ( 'NONE', *, *, #2969, .F. ) ;
#899 = CARTESIAN_POINT ( 'NONE',  ( -0.7189018665193553925, 1.369962439680784350, 0.01216412468090242310 ) ) ;
#900 = PRESENTATION_LAYER_ASSIGNMENT (  '', '', ( #2263 ) ) ;
#901 = CARTESIAN_POINT ( 'NONE',  ( 0.9000000000000001332, -2.500000000000000444, -0.4074999999999999734 ) ) ;
#902 = CYLINDRICAL_SURFACE ( 'NONE', #395, 0.1000000000000000472 ) ;
#903 = AXIS2_PLACEMENT_3D ( 'NONE', #3196, #2648, #125 ) ;
#904 = CARTESIAN_POINT ( 'NONE',  ( -1.750000000000000000, -2.750000000000000000, -4.315000000000000391 ) ) ;
#905 =( GEOMETRIC_REPRESENTATION_CONTEXT ( 3 ) GLOBAL_UNCERTAINTY_ASSIGNED_CONTEXT ( ( #2784 ) ) GLOBAL_UNIT_ASSIGNED_CONTEXT ( ( #1202, #3484, #916 ) ) REPRESENTATION_CONTEXT ( 'NONE', 'WORKASPACE' ) );
#906 = CARTESIAN_POINT ( 'NONE',  ( -0.4999999998945006130, 2.000000000000000000, -0.5074999999999999512 ) ) ;
#907 = CIRCLE ( 'NONE', #912, 0.1000000000000000472 ) ;
#908 = ORIENTED_EDGE ( 'NONE', *, *, #938, .T. ) ;
#909 = CARTESIAN_POINT ( 'NONE',  ( 0.5000000000000000000, 0.000000000000000000, -4.115000000000000213 ) ) ;
#910 = CARTESIAN_POINT ( 'NONE',  ( 0.4999999999999999445, 2.041421356237309581, -0.4074999999999995848 ) ) ;
#911 = EDGE_CURVE ( 'NONE', #1739, #1682, #1198, .T. ) ;
#912 = AXIS2_PLACEMENT_3D ( 'NONE', #1720, #3379, #1741 ) ;
#913 =( LENGTH_UNIT ( ) NAMED_UNIT ( * ) SI_UNIT ( .MILLI., .METRE. ) );
#914 = CARTESIAN_POINT ( 'NONE',  ( -0.9585786437626905299, -2.231370849898475228, -0.4074999999999998623 ) ) ;
#915 = AXIS2_PLACEMENT_3D ( 'NONE', #3122, #3441, #31 ) ;
#916 =( NAMED_UNIT ( * ) SI_UNIT ( $, .STERADIAN. ) SOLID_ANGLE_UNIT ( ) );
#917 = CARTESIAN_POINT ( 'NONE',  ( 0.6599999999999996980, -1.328626039772357714, -0.02995888492161977168 ) ) ;
#918 = VERTEX_POINT ( 'NONE', #1994 ) ;
#919 = SURFACE_SIDE_STYLE ('',( #2658 ) ) ;
#920 = VECTOR ( 'NONE', #619, 1000.000000000000000 ) ;
#921 = PRESENTATION_LAYER_ASSIGNMENT (  '', '', ( #3590 ) ) ;
#922 = AXIS2_PLACEMENT_3D ( 'NONE', #576, #287, #1111 ) ;
#923 = EDGE_CURVE ( 'NONE', #3458, #960, #2325, .T. ) ;
#924 = PRESENTATION_STYLE_ASSIGNMENT (( #690 ) ) ;
#925 = ORIENTED_EDGE ( 'NONE', *, *, #2823, .F. ) ;
#926 = ADVANCED_BREP_SHAPE_REPRESENTATION ( 'FSMSM', ( #2607, #282 ), #2983 ) ;
#927 = FACE_OUTER_BOUND ( 'NONE', #3303, .T. ) ;
#928 = DIRECTION ( 'NONE',  ( -0.000000000000000000, 0.000000000000000000, -1.000000000000000000 ) ) ;
#929 = EDGE_LOOP ( 'NONE', ( #2433, #2921, #887, #113, #1361, #1105, #1647, #3503, #3199, #1879, #1660, #1566 ) ) ;
#930 = FILL_AREA_STYLE ('',( #2342 ) ) ;
#931 = CARTESIAN_POINT ( 'NONE',  ( -0.5000000000000000000, 0.000000000000000000, -3.165000000000000480 ) ) ;
#932 = CARTESIAN_POINT ( 'NONE',  ( 0.9000000000000002442, 2.500000000084799723, -0.5074999999999999512 ) ) ;
#933 = ORIENTED_EDGE ( 'NONE', *, *, #242, .F. ) ;
#934 = CARTESIAN_POINT ( 'NONE',  ( -0.9000000000000002442, -2.500000000000000000, -0.4074999999999999178 ) ) ;
#935 = EDGE_CURVE ( 'NONE', #569, #2748, #809, .T. ) ;
#936 = DIRECTION ( 'NONE',  ( -0.000000000000000000, -0.000000000000000000, 1.000000000000000000 ) ) ;
#937 = DIRECTION ( 'NONE',  ( -0.000000000000000000, -1.000000000000000000, -0.000000000000000000 ) ) ;
#938 = EDGE_CURVE ( 'NONE', #412, #2436, #1163, .T. ) ;
#939 =( BOUNDED_CURVE ( )  B_SPLINE_CURVE ( 3, ( #2459, #1586, #1075, #2979 ),
 .UNSPECIFIED., .F., .T. ) 
 B_SPLINE_CURVE_WITH_KNOTS ( ( 4, 4 ),
 ( 0.000000000000000000, 1.000000000000000000 ),
 .UNSPECIFIED. ) 
 CURVE ( )  GEOMETRIC_REPRESENTATION_ITEM ( )  RATIONAL_B_SPLINE_CURVE ( ( 1.000000000000000000, 0.8047378540746318309, 0.8047378540746318309, 1.000000000000000000 ) ) 
 REPRESENTATION_ITEM ( '' )  );
#940 = SURFACE_STYLE_FILL_AREA ( #1229 ) ;
#941 = ORIENTED_EDGE ( 'NONE', *, *, #180, .F. ) ;
#942 = CARTESIAN_POINT ( 'NONE',  ( -1.500000000000000000, -3.000000000000000000, -4.315000000000000391 ) ) ;
#943 = CARTESIAN_POINT ( 'NONE',  ( 0.4999999998945006130, -2.000000000000000000, -0.5074999999999999512 ) ) ;
#944 = CARTESIAN_POINT ( 'NONE',  ( -0.5000000000000000000, 2.500000000000000000, -0.8149999999999999467 ) ) ;
#945 = LINE ( 'NONE', #1792, #1277 ) ;
#946 = AXIS2_PLACEMENT_3D ( 'NONE', #407, #3230, #2681 ) ;
#947 = CARTESIAN_POINT ( 'NONE',  ( -0.5000000000000000000, 3.970000000000000639, -3.714999999999999858 ) ) ;
#948 = SURFACE_STYLE_FILL_AREA ( #2655 ) ;
#949 = CARTESIAN_POINT ( 'NONE',  ( 0.6599999999999998090, -1.470710678118654968, -0.02928932188134545853 ) ) ;
#950 = AXIS2_PLACEMENT_3D ( 'NONE', #405, #2071, #2348 ) ;
#951 = VERTEX_POINT ( 'NONE', #1146 ) ;
#952 =( LENGTH_UNIT ( ) NAMED_UNIT ( * ) SI_UNIT ( .MILLI., .METRE. ) );
#953 = EDGE_CURVE ( 'NONE', #1963, #108, #3651, .T. ) ;
#954 = CARTESIAN_POINT ( 'NONE',  ( 0.6600000000000000311, 1.399999999999999911, 5.755393999999999899 ) ) ;
#955 = SURFACE_STYLE_USAGE ( .BOTH. , #1541 ) ;
#956 = CIRCLE ( 'NONE', #3214, 0.5500000000000001554 ) ;
#957 = EDGE_CURVE ( 'NONE', #1143, #428, #367, .T. ) ;
#958 = SURFACE_SIDE_STYLE ('',( #940 ) ) ;
#959 =( GEOMETRIC_REPRESENTATION_CONTEXT ( 3 ) GLOBAL_UNCERTAINTY_ASSIGNED_CONTEXT ( ( #159 ) ) GLOBAL_UNIT_ASSIGNED_CONTEXT ( ( #1772, #3337, #2759 ) ) REPRESENTATION_CONTEXT ( 'NONE', 'WORKASPACE' ) );
#960 = VERTEX_POINT ( 'NONE', #3427 ) ;
#961 = DIRECTION ( 'NONE',  ( 0.000000000000000000, 0.000000000000000000, -1.000000000000000000 ) ) ;
#962 = CIRCLE ( 'NONE', #1018, 0.2500000000000002220 ) ;
#963 = CARTESIAN_POINT ( 'NONE',  ( -0.5000000000000000000, -2.000000000000000000, -0.8149999999999999467 ) ) ;
#964 = CARTESIAN_POINT ( 'NONE',  ( -1.500000000000000000, 2.750000000000000000, -4.315000000000000391 ) ) ;
#965 = ORIENTED_EDGE ( 'NONE', *, *, #694, .F. ) ;
#966 = CARTESIAN_POINT ( 'NONE',  ( 1.000000000000000000, 3.000000000000000000, -0.8149999999999999467 ) ) ;
#967 = VECTOR ( 'NONE', #3584, 1000.000000000000000 ) ;
#968 = SURFACE_SIDE_STYLE ('',( #1576 ) ) ;
#969 = FACE_OUTER_BOUND ( 'NONE', #2622, .T. ) ;
#970 = VERTEX_POINT ( 'NONE', #59 ) ;
#971 = SURFACE_STYLE_USAGE ( .BOTH. , #1782 ) ;
#972 = AXIS2_PLACEMENT_3D ( 'NONE', #2621, #1237, #1253 ) ;
#973 = VECTOR ( 'NONE', #365, 1000.000000000000000 ) ;
#974 = CIRCLE ( 'NONE', #572, 0.1000000000000000472 ) ;
#975 = CARTESIAN_POINT ( 'NONE',  ( 0.9000000000000001332, -17.98008839999999964, -0.5074999999999999512 ) ) ;
#976 = FILL_AREA_STYLE ('',( #1292 ) ) ;
#977 = EDGE_CURVE ( 'NONE', #3397, #3477, #1747, .T. ) ;
#978 = AXIS2_PLACEMENT_3D ( 'NONE', #341, #39, #849 ) ;
#979 = PLANE ( 'NONE',  #1249 ) ;
#980 = ORIENTED_EDGE ( 'NONE', *, *, #615, .F. ) ;
#981 =( NAMED_UNIT ( * ) SI_UNIT ( $, .STERADIAN. ) SOLID_ANGLE_UNIT ( ) );
#982 = PLANE ( 'NONE',  #2080 ) ;
#983 = CARTESIAN_POINT ( 'NONE',  ( 1.500000000000000222, 3.000000000000000000, -4.315000000000000391 ) ) ;
#984 = LINE ( 'NONE', #1823, #485 ) ;
#985 = CARTESIAN_POINT ( 'NONE',  ( -0.5886260397723581672, -1.399999999999997247, -0.02995888492161955657 ) ) ;
#986 = FILL_AREA_STYLE_COLOUR ( '', #2563 ) ;
#987 = DIRECTION ( 'NONE',  ( -0.000000000000000000, -0.000000000000000000, 1.000000000000000000 ) ) ;
#988 = ORIENTED_EDGE ( 'NONE', *, *, #296, .F. ) ;
#989 =( NAMED_UNIT ( * ) SI_UNIT ( $, .STERADIAN. ) SOLID_ANGLE_UNIT ( ) );
#990 = DIRECTION ( 'NONE',  ( -1.000000000000000000, 0.000000000000000000, -0.000000000000000000 ) ) ;
#991 = DIRECTION ( 'NONE',  ( 1.000000000000000000, -0.000000000000000000, 0.000000000000000000 ) ) ;
#992 = CARTESIAN_POINT ( 'NONE',  ( -0.5000000000000000000, 3.970000000000000639, -3.714999999999999858 ) ) ;
#993 = EDGE_LOOP ( 'NONE', ( #3212, #3144, #1339, #1632 ) ) ;
#994 = CARTESIAN_POINT ( 'NONE',  ( -0.6600000000000000311, -1.399999999999999911, -0.8149999999999997247 ) ) ;
#995 = UNCERTAINTY_MEASURE_WITH_UNIT (LENGTH_MEASURE( 1.000000000000000082E-05 ), #1242, 'distance_accuracy_value', 'NONE');
#996 = ORIENTED_EDGE ( 'NONE', *, *, #135, .T. ) ;
#997 = LINE ( 'NONE', #1804, #618 ) ;
#998 = CARTESIAN_POINT ( 'NONE',  ( 1.000000000000000000, 2.500000000000000000, -0.5074999999999999512 ) ) ;
#999 = APPLICATION_CONTEXT ( 'automotive_design' ) ;
#1000 = LINE ( 'NONE', #454, #21 ) ;
#1001 = PRESENTATION_STYLE_ASSIGNMENT (( #2358 ) ) ;
#1002 = CARTESIAN_POINT ( 'NONE',  ( -0.7605517757597372031, 1.482713191421225041, -0.1005866270595379142 ) ) ;
#1003 = VECTOR ( 'NONE', #604, 1000.000000000000000 ) ;
#1004 = DIRECTION ( 'NONE',  ( 0.000000000000000000, 0.000000000000000000, 1.000000000000000000 ) ) ;
#1005 = UNCERTAINTY_MEASURE_WITH_UNIT (LENGTH_MEASURE( 1.000000000000000082E-05 ), #1133, 'distance_accuracy_value', 'NONE');
#1006 = AXIS2_PLACEMENT_3D ( 'NONE', #68, #1154, #2283 ) ;
#1007 = ORIENTED_EDGE ( 'NONE', *, *, #775, .F. ) ;
#1008 = VECTOR ( 'NONE', #1316, 1000.000000000000000 ) ;
#1009 = AXIS2_PLACEMENT_3D ( 'NONE', #2749, #188, #1557 ) ;
#1010 = CARTESIAN_POINT ( 'NONE',  ( 0.7190173355495111940, -1.470710678118654746, -0.02928932188134519832 ) ) ;
#1011 = DIRECTION ( 'NONE',  ( -2.109998373939218363E-10, 1.000000000000000000, 0.000000000000000000 ) ) ;
#1012 = PLANE ( 'NONE',  #721 ) ;
#1013 = ORIENTED_EDGE ( 'NONE', *, *, #3437, .T. ) ;
#1014 = LINE ( 'NONE', #444, #1944 ) ;
#1015 = EDGE_LOOP ( 'NONE', ( #2374, #2720, #3549, #538 ) ) ;
#1016 = PLANE ( 'NONE',  #1259 ) ;
#1017 = ORIENTED_EDGE ( 'NONE', *, *, #1808, .T. ) ;
#1018 = AXIS2_PLACEMENT_3D ( 'NONE', #2847, #1437, #2310 ) ;
#1019 = ORIENTED_EDGE ( 'NONE', *, *, #1051, .F. ) ;
#1020 = EDGE_CURVE ( 'NONE', #960, #2402, #1801, .T. ) ;
#1021 = CARTESIAN_POINT ( 'NONE',  ( -0.5000000000000000000, 0.000000000000000000, 0.000000000000000000 ) ) ;
#1022 = VECTOR ( 'NONE', #1245, 1000.000000000000000 ) ;
#1023 = STYLED_ITEM ( 'NONE', ( #3242 ), #1836 ) ;
#1024 = CARTESIAN_POINT ( 'NONE',  ( 0.7600000000000000089, 1.399999999999999245, -0.1000000000000001305 ) ) ;
#1025 = CARTESIAN_POINT ( 'NONE',  ( 0.9999999999999997780, -3.000000000000000444, -4.065000000000001279 ) ) ;
#1026 = VERTEX_POINT ( 'NONE', #2308 ) ;
#1027 = CARTESIAN_POINT ( 'NONE',  ( -0.5000000000000000000, -4.519999999999999574, -3.865000000000000213 ) ) ;
#1028 = MECHANICAL_DESIGN_GEOMETRIC_PRESENTATION_REPRESENTATION (  '', ( #1672 ), #3579 ) ;
#1029 = CARTESIAN_POINT ( 'NONE',  ( 0.6599999999999998090, -1.470710678118654968, -0.02928932188134519485 ) ) ;
#1030 = CARTESIAN_POINT ( 'NONE',  ( 1.500000000000000000, 2.750000000000000000, -4.326499726692000003 ) ) ;
#1031 = FILL_AREA_STYLE ('',( #213 ) ) ;
#1032 = ORIENTED_EDGE ( 'NONE', *, *, #399, .F. ) ;
#1033 = ADVANCED_FACE ( 'NONE', ( #2616 ), #1788, .T. ) ;
#1034 = DIRECTION ( 'NONE',  ( 1.000000000000000000, 0.000000000000000000, 0.000000000000000000 ) ) ;
#1035 = AXIS2_PLACEMENT_3D ( 'NONE', #669, #2645, #424 ) ;
#1036 = ORIENTED_EDGE ( 'NONE', *, *, #2149, .F. ) ;
#1037 = DIRECTION ( 'NONE',  ( 0.000000000000000000, 0.000000000000000000, -1.000000000000000000 ) ) ;
#1038 = EDGE_LOOP ( 'NONE', ( #1695, #4, #1289, #1138, #1019 ) ) ;
#1039 = DIRECTION ( 'NONE',  ( 0.000000000000000000, 0.000000000000000000, -1.000000000000000000 ) ) ;
#1040 = CARTESIAN_POINT ( 'NONE',  ( -0.5000000000000000000, -4.519999999999999574, -3.865000000000000213 ) ) ;
#1041 = AXIS2_PLACEMENT_3D ( 'NONE', #1967, #2004, #2 ) ;
#1042 = EDGE_LOOP ( 'NONE', ( #1230, #770, #3103, #3136 ) ) ;
#1043 = DIRECTION ( 'NONE',  ( -0.000000000000000000, 0.000000000000000000, 1.000000000000000000 ) ) ;
#1044 = FACE_OUTER_BOUND ( 'NONE', #929, .T. ) ;
#1045 = SURFACE_STYLE_USAGE ( .BOTH. , #1304 ) ;
#1046 = EDGE_CURVE ( 'NONE', #481, #376, #1676, .T. ) ;
#1047 = ORIENTED_EDGE ( 'NONE', *, *, #2498, .F. ) ;
#1048 = CARTESIAN_POINT ( 'NONE',  ( 0.9999999999999997780, 3.000000000000000000, -4.315000000000000391 ) ) ;
#1049 = DIRECTION ( 'NONE',  ( 0.000000000000000000, 1.000000000000000000, 0.000000000000000000 ) ) ;
#1050 = PLANE ( 'NONE',  #1278 ) ;
#1051 = EDGE_CURVE ( 'NONE', #1233, #2275, #2315, .T. ) ;
#1052 = ORIENTED_EDGE ( 'NONE', *, *, #1462, .T. ) ;
#1053 = UNCERTAINTY_MEASURE_WITH_UNIT (LENGTH_MEASURE( 1.000000000000000082E-05 ), #913, 'distance_accuracy_value', 'NONE');
#1054 = FACE_OUTER_BOUND ( 'NONE', #3485, .T. ) ;
#1055 = CARTESIAN_POINT ( 'NONE',  ( 0.5000000000000000000, 3.720000000000000195, -3.165000000000000480 ) ) ;
#1056 = ORIENTED_EDGE ( 'NONE', *, *, #1996, .F. ) ;
#1057 =( NAMED_UNIT ( * ) SI_UNIT ( $, .STERADIAN. ) SOLID_ANGLE_UNIT ( ) );
#1058 = VERTEX_POINT ( 'NONE', #1151 ) ;
#1059 = LINE ( 'NONE', #2422, #844 ) ;
#1060 = ORIENTED_EDGE ( 'NONE', *, *, #3540, .F. ) ;
#1061 = CARTESIAN_POINT ( 'NONE',  ( -0.6600000000000000311, 1.399999999999998579, -0.1000000000000000056 ) ) ;
#1062 = FILL_AREA_STYLE_COLOUR ( '', #381 ) ;
#1063 =( BOUNDED_SURFACE ( )  B_SPLINE_SURFACE ( 3, 3, ( 
 ( #828, #306, #3452, #1943 ),
 ( #2019, #2874, #614, #1752 ),
 ( #1461, #1386, #1404, #3431 ),
 ( #1185, #2530, #2000, #3667 ) ),
 .UNSPECIFIED., .F., .F., .T. ) 
 B_SPLINE_SURFACE_WITH_KNOTS ( ( 4, 4 ),
 ( 4, 4 ),
 ( 0.000000000000000000, 1.000000000000000000 ),
 ( 0.000000000000000000, 1.000000000000000000 ),
 .UNSPECIFIED. ) 
 GEOMETRIC_REPRESENTATION_ITEM ( )  RATIONAL_B_SPLINE_SURFACE ( (
 ( 1.000000000000000000, 0.8047378541243518368, 0.8047378541243518368, 1.000000000000000000),
 ( 0.8025111867385934517, 0.6458111303268027070, 0.6458111303268027070, 0.8025111867385934517),
 ( 0.8025111867385934517, 0.6458111303268027070, 0.6458111303268027070, 0.8025111867385934517),
 ( 1.000000000000000000, 0.8047378541243518368, 0.8047378541243518368, 1.000000000000000000) ) ) 
 REPRESENTATION_ITEM ( '' )  SURFACE ( )  );
#1064 = LINE ( 'NONE', #1325, #40 ) ;
#1065 = VERTEX_POINT ( 'NONE', #580 ) ;
#1066 = SURFACE_STYLE_USAGE ( .BOTH. , #3025 ) ;
#1067 = FACE_OUTER_BOUND ( 'NONE', #57, .T. ) ;
#1068 = ORIENTED_EDGE ( 'NONE', *, *, #421, .T. ) ;
#1069 = AXIS2_PLACEMENT_3D ( 'NONE', #2365, #375, #2942 ) ;
#1070 = EDGE_CURVE ( 'NONE', #2903, #489, #2852, .T. ) ;
#1071 = COLOUR_RGB ( '',0.4274509803921568429, 0.4470588235294117307, 0.4274509803921568429 ) ;
#1072 = EDGE_CURVE ( 'NONE', #870, #1293, #2001, .T. ) ;
#1073 = CARTESIAN_POINT ( 'NONE',  ( 1.000000000000000000, 1.500000000000000000, -4.315000000000000391 ) ) ;
#1074 = EDGE_LOOP ( 'NONE', ( #2195, #1690, #1957, #447 ) ) ;
#1075 = CARTESIAN_POINT ( 'NONE',  ( -0.9000000000000000222, 2.265685424910037771, -0.4074999999999999178 ) ) ;
#1076 = ORIENTED_EDGE ( 'NONE', *, *, #51, .T. ) ;
#1077 = ORIENTED_EDGE ( 'NONE', *, *, #2897, .T. ) ;
#1078 = CARTESIAN_POINT ( 'NONE',  ( -1.500000000000000000, -3.000000000000000000, -0.8149999999999997247 ) ) ;
#1079 = UNCERTAINTY_MEASURE_WITH_UNIT (LENGTH_MEASURE( 1.000000000000000082E-05 ), #847, 'distance_accuracy_value', 'NONE');
#1080 = EDGE_CURVE ( 'NONE', #1963, #543, #3241, .T. ) ;
#1081 = COLOUR_RGB ( '',0.6901960784313725394, 0.6117647058823529882, 0.5294117647058823595 ) ;
#1082 = CARTESIAN_POINT ( 'NONE',  ( -0.7010632821808435722, -1.500551775759737305, -0.05893671781915599261 ) ) ;
#1083 = ORIENTED_EDGE ( 'NONE', *, *, #953, .T. ) ;
#1084 = ORIENTED_EDGE ( 'NONE', *, *, #2096, .F. ) ;
#1085 = SURFACE_STYLE_USAGE ( .BOTH. , #1885 ) ;
#1086 = CARTESIAN_POINT ( 'NONE',  ( 0.7600000000000000089, 1.399999999999999689, -0.8149999999999999467 ) ) ;
#1087 = COLOUR_RGB ( '',0.6901960784313725394, 0.6117647058823529882, 0.5294117647058823595 ) ;
#1088 =( NAMED_UNIT ( * ) SI_UNIT ( $, .STERADIAN. ) SOLID_ANGLE_UNIT ( ) );
#1089 = VECTOR ( 'NONE', #1704, 1000.000000000000000 ) ;
#1090 = CARTESIAN_POINT ( 'NONE',  ( -0.7636624293681930631, -2.198157293011338886, -0.4074999999999999734 ) ) ;
#1091 = EDGE_CURVE ( 'NONE', #1335, #198, #2819, .T. ) ;
#1092 = AXIS2_PLACEMENT_3D ( 'NONE', #822, #1413, #1705 ) ;
#1093 = UNCERTAINTY_MEASURE_WITH_UNIT (LENGTH_MEASURE( 1.000000000000000082E-05 ), #3563, 'distance_accuracy_value', 'NONE');
#1094 = DIRECTION ( 'NONE',  ( 0.000000000000000000, 0.000000000000000000, -1.000000000000000000 ) ) ;
#1095 = CARTESIAN_POINT ( 'NONE',  ( -1.000000000000000000, -1.500000000000000000, -4.315000000000000391 ) ) ;
#1096 = ORIENTED_EDGE ( 'NONE', *, *, #2219, .F. ) ;
#1097 = VECTOR ( 'NONE', #928, 1000.000000000000000 ) ;
#1098 =( LENGTH_UNIT ( ) NAMED_UNIT ( * ) SI_UNIT ( .MILLI., .METRE. ) );
#1099 = AXIS2_PLACEMENT_3D ( 'NONE', #1968, #2552, #2300 ) ;
#1100 =( NAMED_UNIT ( * ) SI_UNIT ( $, .STERADIAN. ) SOLID_ANGLE_UNIT ( ) );
#1101 = ORIENTED_EDGE ( 'NONE', *, *, #1802, .F. ) ;
#1102 = SURFACE_SIDE_STYLE ('',( #1612 ) ) ;
#1103 = VECTOR ( 'NONE', #1857, 1000.000000000000000 ) ;
#1104 = DIRECTION ( 'NONE',  ( -1.000000000000000000, -0.000000000000000000, -0.000000000000000000 ) ) ;
#1105 = ORIENTED_EDGE ( 'NONE', *, *, #1166, .F. ) ;
#1106 = ORIENTED_EDGE ( 'NONE', *, *, #3318, .F. ) ;
#1107 = FILL_AREA_STYLE_COLOUR ( '', #1081 ) ;
#1108 = EDGE_CURVE ( 'NONE', #442, #3643, #1946, .T. ) ;
#1109 = VECTOR ( 'NONE', #1424, 1000.000000000000000 ) ;
#1110 = LINE ( 'NONE', #2481, #431 ) ;
#1111 = DIRECTION ( 'NONE',  ( 0.000000000000000000, 1.734723475976807094E-14, 1.000000000000000000 ) ) ;
#1112 = ORIENTED_EDGE ( 'NONE', *, *, #1234, .T. ) ;
#1113 = CARTESIAN_POINT ( 'NONE',  ( -0.7190173355495108609, 1.470710678118654968, -0.02928932188134529199 ) ) ;
#1114 = CARTESIAN_POINT ( 'NONE',  ( -0.5000000000000000000, -4.519999999999999574, -4.115000000000000213 ) ) ;
#1115 = VERTEX_POINT ( 'NONE', #1697 ) ;
#1116 = CARTESIAN_POINT ( 'NONE',  ( -1.000000000000000000, 2.500000000000000888, -0.5074999999999999512 ) ) ;
#1117 = DIRECTION ( 'NONE',  ( -0.000000000000000000, 1.000000000000000000, 0.000000000000000000 ) ) ;
#1118 = ORIENTED_EDGE ( 'NONE', *, *, #3155, .T. ) ;
#1119 = CARTESIAN_POINT ( 'NONE',  ( -0.5000000000000000000, 4.984500000000000597, -4.415000000000000924 ) ) ;
#1120 = DIRECTION ( 'NONE',  ( 0.000000000000000000, 0.000000000000000000, -1.000000000000000000 ) ) ;
#1121 = DIRECTION ( 'NONE',  ( 0.000000000000000000, 0.000000000000000000, -1.000000000000000000 ) ) ;
#1122 = EDGE_LOOP ( 'NONE', ( #2051, #786, #3034, #3055 ) ) ;
#1123 = ORIENTED_EDGE ( 'NONE', *, *, #1458, .F. ) ;
#1124 = DIRECTION ( 'NONE',  ( 0.000000000000000000, -1.000000000000000000, 0.000000000000000000 ) ) ;
#1125 = EDGE_CURVE ( 'NONE', #2518, #774, #1, .T. ) ;
#1126 = DIRECTION ( 'NONE',  ( -0.000000000000000000, -0.000000000000000000, 1.000000000000000000 ) ) ;
#1127 = ORIENTED_EDGE ( 'NONE', *, *, #3471, .F. ) ;
#1128 = CARTESIAN_POINT ( 'NONE',  ( -0.7190173355495108609, 1.446264897318923603, -0.004843541081614082498 ) ) ;
#1129 = DIRECTION ( 'NONE',  ( 0.000000000000000000, 0.000000000000000000, -1.000000000000000000 ) ) ;
#1130 = VECTOR ( 'NONE', #273, 1000.000000000000000 ) ;
#1131 = COLOUR_RGB ( '',0.6901960784313725394, 0.6117647058823529882, 0.5294117647058823595 ) ;
#1132 = DIRECTION ( 'NONE',  ( -1.084202172485504434E-15, 0.000000000000000000, 1.000000000000000000 ) ) ;
#1133 =( LENGTH_UNIT ( ) NAMED_UNIT ( * ) SI_UNIT ( .MILLI., .METRE. ) );
#1134 = VERTEX_POINT ( 'NONE', #1172 ) ;
#1135 =( GEOMETRIC_REPRESENTATION_CONTEXT ( 3 ) GLOBAL_UNCERTAINTY_ASSIGNED_CONTEXT ( ( #523 ) ) GLOBAL_UNIT_ASSIGNED_CONTEXT ( ( #1598, #2735, #3573 ) ) REPRESENTATION_CONTEXT ( 'NONE', 'WORKASPACE' ) );
#1136 = STYLED_ITEM ( 'NONE', ( #1255 ), #1319 ) ;
#1137 = FILL_AREA_STYLE_COLOUR ( '', #1714 ) ;
#1138 = ORIENTED_EDGE ( 'NONE', *, *, #2869, .F. ) ;
#1139 = CARTESIAN_POINT ( 'NONE',  ( -1.000000000000000000, 3.000000000000000000, -0.5074999999999999512 ) ) ;
#1140 = CARTESIAN_POINT ( 'NONE',  ( 0.7686291501466785414, 2.041421356237309137, -0.4074999999999995848 ) ) ;
#1141 = SURFACE_STYLE_FILL_AREA ( #1722 ) ;
#1142 = ORIENTED_EDGE ( 'NONE', *, *, #1273, .F. ) ;
#1143 = VERTEX_POINT ( 'NONE', #2299 ) ;
#1144 = DIRECTION ( 'NONE',  ( 0.000000000000000000, 1.000000000000000000, 0.000000000000000000 ) ) ;
#1145 = ADVANCED_FACE ( 'NONE', ( #641 ), #361, .T. ) ;
#1146 = CARTESIAN_POINT ( 'NONE',  ( 0.4999999999472500845, -2.000000000000000000, -0.5074999999999999512 ) ) ;
#1147 = DIRECTION ( 'NONE',  ( -1.000000000000000000, -0.000000000000000000, -0.000000000000000000 ) ) ;
#1148 = FILL_AREA_STYLE ('',( #2589 ) ) ;
#1149 = ORIENTED_EDGE ( 'NONE', *, *, #3138, .F. ) ;
#1150 = CARTESIAN_POINT ( 'NONE',  ( 1.000000000000000000, 3.000000000000000000, -4.315000000000000391 ) ) ;
#1151 = CARTESIAN_POINT ( 'NONE',  ( 0.6600000000000000311, -1.500000000000000000, -0.8149999999999998357 ) ) ;
#1152 = COLOUR_RGB ( '',0.5372549019607842924, 0.3490196078431372362, 0.3372549019607843368 ) ;
#1153 = FILL_AREA_STYLE ('',( #2551 ) ) ;
#1154 = DIRECTION ( 'NONE',  ( 0.000000000000000000, 0.000000000000000000, 1.000000000000000000 ) ) ;
#1155 = ORIENTED_EDGE ( 'NONE', *, *, #1894, .T. ) ;
#1156 = CARTESIAN_POINT ( 'NONE',  ( -1.750000000000000000, 0.000000000000000000, 0.000000000000000000 ) ) ;
#1157 = CARTESIAN_POINT ( 'NONE',  ( 0.000000000000000000, 0.000000000000000000, -0.4074999999999999734 ) ) ;
#1158 = PRESENTATION_LAYER_ASSIGNMENT (  '', '', ( #2570 ) ) ;
#1159 = STYLED_ITEM ( 'NONE', ( #1716 ), #2853 ) ;
#1160 = DIRECTION ( 'NONE',  ( 1.000000000000000000, 0.000000000000000000, 0.000000000000000000 ) ) ;
#1161 = EDGE_LOOP ( 'NONE', ( #14, #3399, #1047, #1776 ) ) ;
#1162 = CARTESIAN_POINT ( 'NONE',  ( 1.000000000000000000, 1.500000000000000222, -4.065000000000001279 ) ) ;
#1163 = LINE ( 'NONE', #3388, #512 ) ;
#1164 =( GEOMETRIC_REPRESENTATION_CONTEXT ( 3 ) GLOBAL_UNCERTAINTY_ASSIGNED_CONTEXT ( ( #716 ) ) GLOBAL_UNIT_ASSIGNED_CONTEXT ( ( #2871, #3088, #304 ) ) REPRESENTATION_CONTEXT ( 'NONE', 'WORKASPACE' ) );
#1165 = CARTESIAN_POINT ( 'NONE',  ( 1.750000000000000000, 2.750000000000000000, -4.315000000000000391 ) ) ;
#1166 = EDGE_CURVE ( 'NONE', #779, #3233, #2953, .T. ) ;
#1167 = CARTESIAN_POINT ( 'NONE',  ( 0.5000000000000000000, 3.720000000000000195, -3.714999999999999858 ) ) ;
#1168 = FACE_OUTER_BOUND ( 'NONE', #1797, .T. ) ;
#1169 = ORIENTED_EDGE ( 'NONE', *, *, #3396, .F. ) ;
#1170 =( NAMED_UNIT ( * ) SI_UNIT ( $, .STERADIAN. ) SOLID_ANGLE_UNIT ( ) );
#1171 = VECTOR ( 'NONE', #2816, 1000.000000000000000 ) ;
#1172 = CARTESIAN_POINT ( 'NONE',  ( 1.000000000000000000, 2.500000000053000271, -0.8149999999999999467 ) ) ;
#1173 = SURFACE_STYLE_USAGE ( .BOTH. , #1947 ) ;
#1174 = CARTESIAN_POINT ( 'NONE',  ( -0.5000000000000000000, -4.269999999999999574, -3.714999999999999858 ) ) ;
#1175 = DIRECTION ( 'NONE',  ( -0.000000000000000000, 1.000000000000000000, 0.000000000000000000 ) ) ;
#1176 = ORIENTED_EDGE ( 'NONE', *, *, #153, .T. ) ;
#1177 = DIRECTION ( 'NONE',  ( 0.000000000000000000, 0.000000000000000000, -1.000000000000000000 ) ) ;
#1178 = CARTESIAN_POINT ( 'NONE',  ( 0.9999999999999997780, 3.000000000000000000, -0.8149999999999999467 ) ) ;
#1179 = FACE_OUTER_BOUND ( 'NONE', #2787, .T. ) ;
#1180 = PLANE ( 'NONE',  #3095 ) ;
#1181 = DIRECTION ( 'NONE',  ( 0.000000000000000000, 0.000000000000000000, -1.000000000000000000 ) ) ;
#1182 = CARTESIAN_POINT ( 'NONE',  ( 0.9999999999999997780, -3.000000000000000444, -0.8150000000000000577 ) ) ;
#1183 =( LENGTH_UNIT ( ) NAMED_UNIT ( * ) SI_UNIT ( .MILLI., .METRE. ) );
#1184 = ORIENTED_EDGE ( 'NONE', *, *, #1687, .F. ) ;
#1185 = CARTESIAN_POINT ( 'NONE',  ( 0.7300411150783805425, 1.399999999999994360, -0.1713739602276423135 ) ) ;
#1186 = CARTESIAN_POINT ( 'NONE',  ( -0.7928932188134525383, -2.000000000000000000, -0.5074999999999999512 ) ) ;
#1187 = EDGE_CURVE ( 'NONE', #2429, #1934, #3616, .T. ) ;
#1188 = DIRECTION ( 'NONE',  ( 0.000000000000000000, 1.000000000000000000, 0.000000000000000000 ) ) ;
#1189 = DIRECTION ( 'NONE',  ( 1.000000000000000000, 0.000000000000000000, 0.000000000000000000 ) ) ;
#1190 = DIRECTION ( 'NONE',  ( 1.000000000000000000, 0.000000000000000000, 0.000000000000000000 ) ) ;
#1191 = PRESENTATION_LAYER_ASSIGNMENT (  '', '', ( #1596 ) ) ;
#1192 = EDGE_CURVE ( 'NONE', #2368, #489, #2679, .T. ) ;
#1193 = ORIENTED_EDGE ( 'NONE', *, *, #2272, .T. ) ;
#1194 = DIRECTION ( 'NONE',  ( 0.000000000000000000, 0.000000000000000000, -1.000000000000000000 ) ) ;
#1195 = CARTESIAN_POINT ( 'NONE',  ( 0.4999999999999998890, 2.100000000000000089, -0.4074999999999998623 ) ) ;
#1196 = MECHANICAL_DESIGN_GEOMETRIC_PRESENTATION_REPRESENTATION (  '', ( #1136 ), #3387 ) ;
#1197 = CARTESIAN_POINT ( 'NONE',  ( 6.312599999999999767, 1.399999999999999911, 0.000000000000000000 ) ) ;
#1198 = LINE ( 'NONE', #2586, #457 ) ;
#1199 = SURFACE_SIDE_STYLE ('',( #78 ) ) ;
#1200 = ADVANCED_FACE ( 'NONE', ( #2093 ), #2364, .T. ) ;
#1201 = EDGE_CURVE ( 'NONE', #520, #3258, #2924, .T. ) ;
#1202 =( LENGTH_UNIT ( ) NAMED_UNIT ( * ) SI_UNIT ( .MILLI., .METRE. ) );
#1203 = SURFACE_SIDE_STYLE ('',( #1222 ) ) ;
#1204 = VERTEX_POINT ( 'NONE', #389 ) ;
#1205 = FILL_AREA_STYLE_COLOUR ( '', #3209 ) ;
#1206 = VECTOR ( 'NONE', #1383, 1000.000000000000000 ) ;
#1207 = CARTESIAN_POINT ( 'NONE',  ( 0.8620916214906066966, -2.327616194124399573, -0.4075000000000000289 ) ) ;
#1208 = AXIS2_PLACEMENT_3D ( 'NONE', #3582, #1334, #2774 ) ;
#1209 = STYLED_ITEM ( 'NONE', ( #3222 ), #1756 ) ;
#1210 = FILL_AREA_STYLE_COLOUR ( '', #3142 ) ;
#1211 = AXIS2_PLACEMENT_3D ( 'NONE', #3588, #769, #2201 ) ;
#1212 = ORIENTED_EDGE ( 'NONE', *, *, #2686, .F. ) ;
#1213 = DIRECTION ( 'NONE',  ( 1.000000000000000000, 0.000000000000000000, 0.000000000000000000 ) ) ;
#1214 = PRESENTATION_STYLE_ASSIGNMENT (( #1501 ) ) ;
#1215 = DIRECTION ( 'NONE',  ( 0.000000000000000000, 0.000000000000000000, -1.000000000000000000 ) ) ;
#1216 = DIRECTION ( 'NONE',  ( 0.000000000000000000, 0.000000000000000000, -1.000000000000000000 ) ) ;
#1217 = ADVANCED_FACE ( 'NONE', ( #1562 ), #2076, .T. ) ;
#1218 = CARTESIAN_POINT ( 'NONE',  ( -0.9585786437626905299, -2.499999999999999556, -0.4074999999999998068 ) ) ;
#1219 =( GEOMETRIC_REPRESENTATION_CONTEXT ( 3 ) GLOBAL_UNCERTAINTY_ASSIGNED_CONTEXT ( ( #3315 ) ) GLOBAL_UNIT_ASSIGNED_CONTEXT ( ( #3403, #863, #2842 ) ) REPRESENTATION_CONTEXT ( 'NONE', 'WORKASPACE' ) );
#1220 = FACE_OUTER_BOUND ( 'NONE', #745, .T. ) ;
#1221 = LINE ( 'NONE', #2345, #555 ) ;
#1222 = SURFACE_STYLE_FILL_AREA ( #1812 ) ;
#1223 = ORIENTED_EDGE ( 'NONE', *, *, #135, .F. ) ;
#1224 = PRESENTATION_LAYER_ASSIGNMENT (  '', '', ( #1159 ) ) ;
#1225 = ADVANCED_FACE ( 'NONE', ( #709 ), #2715, .T. ) ;
#1226 = AXIS2_PLACEMENT_3D ( 'NONE', #544, #1868, #2160 ) ;
#1227 = FILL_AREA_STYLE_COLOUR ( '', #1908 ) ;
#1228 = DIRECTION ( 'NONE',  ( 0.000000000000000000, -1.000000000000000000, -0.000000000000000000 ) ) ;
#1229 = FILL_AREA_STYLE ('',( #1210 ) ) ;
#1230 = ORIENTED_EDGE ( 'NONE', *, *, #1108, .T. ) ;
#1231 = DIRECTION ( 'NONE',  ( -0.000000000000000000, -1.000000000000000000, -0.000000000000000000 ) ) ;
#1232 =( NAMED_UNIT ( * ) SI_UNIT ( $, .STERADIAN. ) SOLID_ANGLE_UNIT ( ) );
#1233 = VERTEX_POINT ( 'NONE', #530 ) ;
#1234 = EDGE_CURVE ( 'NONE', #1842, #1281, #2451, .T. ) ;
#1235 = PRESENTATION_STYLE_ASSIGNMENT (( #2067 ) ) ;
#1236 = DIRECTION ( 'NONE',  ( 1.084202172485504434E-15, 0.000000000000000000, -1.000000000000000000 ) ) ;
#1237 = DIRECTION ( 'NONE',  ( 1.000000000000000000, 0.000000000000000000, 0.000000000000000000 ) ) ;
#1238 = ORIENTED_EDGE ( 'NONE', *, *, #732, .T. ) ;
#1239 = CYLINDRICAL_SURFACE ( 'NONE', #1945, 0.1000000000000000056 ) ;
#1240 = ADVANCED_FACE ( 'NONE', ( #2771 ), #1012, .T. ) ;
#1241 =( NAMED_UNIT ( * ) PLANE_ANGLE_UNIT ( ) SI_UNIT ( $, .RADIAN. ) );
#1242 =( LENGTH_UNIT ( ) NAMED_UNIT ( * ) SI_UNIT ( .MILLI., .METRE. ) );
#1243 = DIRECTION ( 'NONE',  ( 0.000000000000000000, 0.000000000000000000, 1.000000000000000000 ) ) ;
#1244 = ORIENTED_EDGE ( 'NONE', *, *, #781, .F. ) ;
#1245 = DIRECTION ( 'NONE',  ( 1.000000000000000000, -0.000000000000000000, 0.000000000000000000 ) ) ;
#1246 = FACE_OUTER_BOUND ( 'NONE', #459, .T. ) ;
#1247 = VERTEX_POINT ( 'NONE', #2994 ) ;
#1248 = CARTESIAN_POINT ( 'NONE',  ( -0.5000000000000000000, 3.720000000000000195, -3.464999999999999858 ) ) ;
#1249 = AXIS2_PLACEMENT_3D ( 'NONE', #3250, #1819, #2955 ) ;
#1250 = COLOUR_RGB ( '',0.6901960784313725394, 0.6117647058823529882, 0.5294117647058823595 ) ;
#1251 = CARTESIAN_POINT ( 'NONE',  ( -1.750000000000000000, 3.000000000000000000, -3.464999999999999858 ) ) ;
#1252 = ADVANCED_FACE ( 'NONE', ( #1906 ), #3467, .T. ) ;
#1253 = DIRECTION ( 'NONE',  ( 0.000000000000000000, 0.000000000000000000, -1.000000000000000000 ) ) ;
#1254 = VERTEX_POINT ( 'NONE', #42 ) ;
#1255 = PRESENTATION_STYLE_ASSIGNMENT (( #3246 ) ) ;
#1256 = CARTESIAN_POINT ( 'NONE',  ( -0.6600000000000000311, 17.36269006203999865, 0.000000000000000000 ) ) ;
#1257 = DIRECTION ( 'NONE',  ( 0.000000000000000000, -1.000000000000000000, -0.000000000000000000 ) ) ;
#1258 = VECTOR ( 'NONE', #609, 1000.000000000000000 ) ;
#1259 = AXIS2_PLACEMENT_3D ( 'NONE', #1318, #2437, #1604 ) ;
#1260 = EDGE_LOOP ( 'NONE', ( #3515, #1068, #495, #196 ) ) ;
#1261 = PLANE ( 'NONE',  #903 ) ;
#1262 = CARTESIAN_POINT ( 'NONE',  ( 1.000000000000000444, -2.207106781137547546, -0.5074999999999999512 ) ) ;
#1263 = PRESENTATION_LAYER_ASSIGNMENT (  '', '', ( #622 ) ) ;
#1264 = CARTESIAN_POINT ( 'NONE',  ( -0.5000000000000000000, 3.720000000000000195, -3.165000000000000480 ) ) ;
#1265 = DIRECTION ( 'NONE',  ( 1.000000000000000000, 0.000000000000000000, 0.000000000000000000 ) ) ;
#1266 = CARTESIAN_POINT ( 'NONE',  ( -0.6179140608302404747, -1.499995558710895072, -0.05924690597950211385 ) ) ;
#1267 =( GEOMETRIC_REPRESENTATION_CONTEXT ( 3 ) GLOBAL_UNCERTAINTY_ASSIGNED_CONTEXT ( ( #418 ) ) GLOBAL_UNIT_ASSIGNED_CONTEXT ( ( #2634, #110, #1232 ) ) REPRESENTATION_CONTEXT ( 'NONE', 'WORKASPACE' ) );
#1268 = FILL_AREA_STYLE ('',( #986 ) ) ;
#1269 = CARTESIAN_POINT ( 'NONE',  ( -0.5000000000000000000, -3.720000000000000195, -3.714999999999999858 ) ) ;
#1270 = UNCERTAINTY_MEASURE_WITH_UNIT (LENGTH_MEASURE( 1.000000000000000082E-05 ), #662, 'distance_accuracy_value', 'NONE');
#1271 = ORIENTED_EDGE ( 'NONE', *, *, #1080, .F. ) ;
#1272 = CIRCLE ( 'NONE', #3040, 0.1000000000000000472 ) ;
#1273 = EDGE_CURVE ( 'NONE', #2821, #1934, #20, .T. ) ;
#1274 = VECTOR ( 'NONE', #175, 1000.000000000000000 ) ;
#1275 = CARTESIAN_POINT ( 'NONE',  ( -0.5000000000000000000, 3.969999999999999751, -3.865000000000000213 ) ) ;
#1276 =( NAMED_UNIT ( * ) SI_UNIT ( $, .STERADIAN. ) SOLID_ANGLE_UNIT ( ) );
#1277 = VECTOR ( 'NONE', #2982, 1000.000000000000000 ) ;
#1278 = AXIS2_PLACEMENT_3D ( 'NONE', #3352, #211, #493 ) ;
#1279 = ADVANCED_FACE ( 'NONE', ( #1441 ), #1063, .T. ) ;
#1280 = DIRECTION ( 'NONE',  ( 0.000000000000000000, 0.000000000000000000, -1.000000000000000000 ) ) ;
#1281 = VERTEX_POINT ( 'NONE', #2507 ) ;
#1282 = FILL_AREA_STYLE ('',( #3542 ) ) ;
#1283 = AXIS2_PLACEMENT_3D ( 'NONE', #1471, #1487, #2900 ) ;
#1284 = FACE_OUTER_BOUND ( 'NONE', #3333, .T. ) ;
#1285 = CARTESIAN_POINT ( 'NONE',  ( 1.000000000000000000, -2.999999999999999556, -0.5074999999999999512 ) ) ;
#1286 = CARTESIAN_POINT ( 'NONE',  ( 0.9999999999999997780, 3.000000000000000444, -4.065000000000001279 ) ) ;
#1287 = FACE_OUTER_BOUND ( 'NONE', #2172, .T. ) ;
#1288 = CARTESIAN_POINT ( 'NONE',  ( -0.7300411150783806535, -1.399999999999995026, -0.1713739602276423413 ) ) ;
#1289 = ORIENTED_EDGE ( 'NONE', *, *, #3210, .F. ) ;
#1290 = CARTESIAN_POINT ( 'NONE',  ( -1.000000000000000000, -3.000000000000000000, -0.5074999999999999512 ) ) ;
#1291 = DIRECTION ( 'NONE',  ( 0.000000000000000000, 0.000000000000000000, 1.000000000000000000 ) ) ;
#1292 = FILL_AREA_STYLE_COLOUR ( '', #1250 ) ;
#1293 = VERTEX_POINT ( 'NONE', #851 ) ;
#1294 = PRODUCT_DEFINITION_SHAPE ( 'NONE', 'NONE',  #708 ) ;
#1295 = CARTESIAN_POINT ( 'NONE',  ( -0.6723838058756014258, -2.137908378509396634, -0.4074999999999999178 ) ) ;
#1296 = EDGE_CURVE ( 'NONE', #2230, #970, #1964, .T. ) ;
#1297 = UNCERTAINTY_MEASURE_WITH_UNIT (LENGTH_MEASURE( 1.000000000000000082E-05 ), #2989, 'distance_accuracy_value', 'NONE');
#1298 = VERTEX_POINT ( 'NONE', #2313 ) ;
#1299 = FACE_OUTER_BOUND ( 'NONE', #1452, .T. ) ;
#1300 = DIRECTION ( 'NONE',  ( -1.000000000000000000, -0.000000000000000000, -0.000000000000000000 ) ) ;
#1301 = VERTEX_POINT ( 'NONE', #3190 ) ;
#1302 = LINE ( 'NONE', #821, #558 ) ;
#1303 =( LENGTH_UNIT ( ) NAMED_UNIT ( * ) SI_UNIT ( .MILLI., .METRE. ) );
#1304 = SURFACE_SIDE_STYLE ('',( #3023 ) ) ;
#1305 = AXIS2_PLACEMENT_3D ( 'NONE', #994, #2095, #1786 ) ;
#1306 = ORIENTED_EDGE ( 'NONE', *, *, #426, .T. ) ;
#1307 = SURFACE_STYLE_USAGE ( .BOTH. , #2712 ) ;
#1308 = ADVANCED_FACE ( 'NONE', ( #2605 ), #1239, .T. ) ;
#1309 = ADVANCED_FACE ( 'NONE', ( #372 ), #1492, .F. ) ;
#1310 = VECTOR ( 'NONE', #460, 1000.000000000000000 ) ;
#1311 = FILL_AREA_STYLE ('',( #1579 ) ) ;
#1312 = DIRECTION ( 'NONE',  ( 1.000000000000000000, 0.000000000000000000, -0.000000000000000000 ) ) ;
#1313 =( LENGTH_UNIT ( ) NAMED_UNIT ( * ) SI_UNIT ( .MILLI., .METRE. ) );
#1314 = VERTEX_POINT ( 'NONE', #667 ) ;
#1315 = CIRCLE ( 'NONE', #1778, 0.5000000000000000000 ) ;
#1316 = DIRECTION ( 'NONE',  ( -0.000000000000000000, 1.000000000000000000, 0.000000000000000000 ) ) ;
#1317 = ORIENTED_EDGE ( 'NONE', *, *, #885, .F. ) ;
#1318 = CARTESIAN_POINT ( 'NONE',  ( 0.7600000000000000089, 1.500000000000000000, -0.8149999999999999467 ) ) ;
#1319 = ADVANCED_FACE ( 'NONE', ( #706 ), #102, .T. ) ;
#1320 = PRESENTATION_LAYER_ASSIGNMENT (  '', '', ( #3332 ) ) ;
#1321 = ORIENTED_EDGE ( 'NONE', *, *, #509, .F. ) ;
#1322 = CARTESIAN_POINT ( 'NONE',  ( -0.9000000000000001332, 2.999999999999999112, -0.5074999999999999512 ) ) ;
#1323 = FILL_AREA_STYLE ('',( #206 ) ) ;
#1324 = ADVANCED_FACE ( 'NONE', ( #1815 ), #3486, .T. ) ;
#1325 = CARTESIAN_POINT ( 'NONE',  ( -1.750000000000000000, -3.000000000000000000, -3.165000000000000480 ) ) ;
#1326 = VERTEX_POINT ( 'NONE', #3259 ) ;
#1327 = DIRECTION ( 'NONE',  ( 1.000000000000000000, 0.000000000000000000, 0.000000000000000000 ) ) ;
#1328 = PRESENTATION_LAYER_ASSIGNMENT (  '', '', ( #2922 ) ) ;
#1329 = CARTESIAN_POINT ( 'NONE',  ( 0.6599999999999998090, -1.470041115078380534, -0.1713739602276426743 ) ) ;
#1330 = LINE ( 'NONE', #2993, #453 ) ;
#1331 = VERTEX_POINT ( 'NONE', #934 ) ;
#1332 = COLOUR_RGB ( '',0.6901960784313725394, 0.6117647058823529882, 0.5294117647058823595 ) ;
#1333 = AXIS2_PLACEMENT_3D ( 'NONE', #219, #2173, #1039 ) ;
#1334 = DIRECTION ( 'NONE',  ( 0.000000000000000000, 0.000000000000000000, -1.000000000000000000 ) ) ;
#1335 = VERTEX_POINT ( 'NONE', #118 ) ;
#1336 = CARTESIAN_POINT ( 'NONE',  ( -0.5000000000000000000, -2.100000000000000089, -0.4074999999999998623 ) ) ;
#1337 =( NAMED_UNIT ( * ) SI_UNIT ( $, .STERADIAN. ) SOLID_ANGLE_UNIT ( ) );
#1338 = VECTOR ( 'NONE', #833, 1000.000000000000000 ) ;
#1339 = ORIENTED_EDGE ( 'NONE', *, *, #3205, .F. ) ;
#1340 = FILL_AREA_STYLE ('',( #1590 ) ) ;
#1341 = DIRECTION ( 'NONE',  ( 0.000000000000000000, 0.000000000000000000, -1.000000000000000000 ) ) ;
#1342 = UNCERTAINTY_MEASURE_WITH_UNIT (LENGTH_MEASURE( 1.000000000000000082E-05 ), #392, 'distance_accuracy_value', 'NONE');
#1343 = CARTESIAN_POINT ( 'NONE',  ( -0.7721641246809027859, -1.399999999999994804, -0.1300375603192155671 ) ) ;
#1344 = ORIENTED_EDGE ( 'NONE', *, *, #3520, .F. ) ;
#1345 = DIRECTION ( 'NONE',  ( 0.000000000000000000, 0.000000000000000000, -1.000000000000000000 ) ) ;
#1346 = ADVANCED_FACE ( 'NONE', ( #719 ), #83, .T. ) ;
#1347 = LINE ( 'NONE', #1832, #2907 ) ;
#1348 =( NAMED_UNIT ( * ) PLANE_ANGLE_UNIT ( ) SI_UNIT ( $, .RADIAN. ) );
#1349 = ORIENTED_EDGE ( 'NONE', *, *, #1421, .T. ) ;
#1350 = CARTESIAN_POINT ( 'NONE',  ( -0.6962571692885167751, -2.150242945305777198, -0.4074999999999999734 ) ) ;
#1351 = CARTESIAN_POINT ( 'NONE',  ( 0.5000000000000000000, -4.519999999999999574, -3.865000000000000213 ) ) ;
#1352 = ORIENTED_EDGE ( 'NONE', *, *, #3191, .F. ) ;
#1353 = ADVANCED_FACE ( 'NONE', ( #1639 ), #2766, .T. ) ;
#1354 = LINE ( 'NONE', #2471, #1443 ) ;
#1355 = EDGE_CURVE ( 'NONE', #970, #227, #490, .T. ) ;
#1356 = ORIENTED_EDGE ( 'NONE', *, *, #2925, .T. ) ;
#1357 = ORIENTED_EDGE ( 'NONE', *, *, #2734, .T. ) ;
#1358 = SURFACE_SIDE_STYLE ('',( #223 ) ) ;
#1359 = SURFACE_SIDE_STYLE ('',( #1665 ) ) ;
#1360 = FACE_OUTER_BOUND ( 'NONE', #187, .T. ) ;
#1361 = ORIENTED_EDGE ( 'NONE', *, *, #2337, .F. ) ;
#1362 = FILL_AREA_STYLE ('',( #438 ) ) ;
#1363 = AXIS2_PLACEMENT_3D ( 'NONE', #1156, #2880, #3421 ) ;
#1364 = EDGE_CURVE ( 'NONE', #792, #3346, #2063, .T. ) ;
#1365 = PRESENTATION_LAYER_ASSIGNMENT (  '', '', ( #3615 ) ) ;
#1366 = CARTESIAN_POINT ( 'NONE',  ( 0.5000000000000000000, 3.970000000000000639, -3.714999999999999858 ) ) ;
#1367 = CARTESIAN_POINT ( 'NONE',  ( 0.6299624396807838034, 1.458901866519354051, 0.01216412468090354373 ) ) ;
#1368 = AXIS2_PLACEMENT_3D ( 'NONE', #2415, #3551, #741 ) ;
#1369 = COLOUR_RGB ( '',0.4274509803921568429, 0.4470588235294117307, 0.4274509803921568429 ) ;
#1370 = LINE ( 'NONE', #3557, #3380 ) ;
#1371 = SURFACE_SIDE_STYLE ('',( #2156 ) ) ;
#1372 = CARTESIAN_POINT ( 'NONE',  ( -1.750000000000000000, -1.500000000000000222, -4.065000000000001279 ) ) ;
#1373 = ORIENTED_EDGE ( 'NONE', *, *, #2193, .F. ) ;
#1374 = EDGE_CURVE ( 'NONE', #951, #1680, #195, .T. ) ;
#1375 = ORIENTED_EDGE ( 'NONE', *, *, #654, .T. ) ;
#1376 = CARTESIAN_POINT ( 'NONE',  ( -1.750000000000000000, 3.000000000000000000, -0.8149999999999999467 ) ) ;
#1377 = LINE ( 'NONE', #3327, #1962 ) ;
#1378 = LINE ( 'NONE', #1178, #1388 ) ;
#1379 = ORIENTED_EDGE ( 'NONE', *, *, #1746, .T. ) ;
#1380 = ORIENTED_EDGE ( 'NONE', *, *, #1516, .T. ) ;
#1381 =( LENGTH_UNIT ( ) NAMED_UNIT ( * ) SI_UNIT ( .MILLI., .METRE. ) );
#1382 = CIRCLE ( 'NONE', #2557, 0.1000000000000000333 ) ;
#1383 = DIRECTION ( 'NONE',  ( 0.000000000000000000, -0.000000000000000000, 1.000000000000000000 ) ) ;
#1384 = DIRECTION ( 'NONE',  ( -1.000000000000000000, -0.000000000000000000, -0.000000000000000000 ) ) ;
#1385 = VECTOR ( 'NONE', #2391, 1000.000000000000000 ) ;
#1386 = CARTESIAN_POINT ( 'NONE',  ( 0.7721641246809048953, 1.458901866519352719, -0.1300375603192178153 ) ) ;
#1387 = EDGE_CURVE ( 'NONE', #238, #864, #228, .T. ) ;
#1388 = VECTOR ( 'NONE', #607, 1000.000000000000000 ) ;
#1389 = DIRECTION ( 'NONE',  ( 1.000000000000000000, 0.000000000000000000, 0.000000000000000000 ) ) ;
#1390 = ORIENTED_EDGE ( 'NONE', *, *, #1802, .T. ) ;
#1391 = VECTOR ( 'NONE', #1215, 1000.000000000000000 ) ;
#1392 = DIRECTION ( 'NONE',  ( -0.000000000000000000, 1.000000000000000000, -0.000000000000000000 ) ) ;
#1393 = DIRECTION ( 'NONE',  ( 1.000000000000000000, 0.000000000000000000, 0.000000000000000000 ) ) ;
#1394 = ORIENTED_EDGE ( 'NONE', *, *, #3569, .T. ) ;
#1395 = VECTOR ( 'NONE', #3378, 1000.000000000000000 ) ;
#1396 = CARTESIAN_POINT ( 'NONE',  ( 1.000000000000000000, 3.000000000000000444, -0.8149999999999998357 ) ) ;
#1397 = COLOUR_RGB ( '',0.4274509803921568429, 0.4470588235294117307, 0.4274509803921568429 ) ;
#1398 = CARTESIAN_POINT ( 'NONE',  ( -0.5000000000000000000, -4.519999999999999574, -4.115000000000000213 ) ) ;
#1399 = ORIENTED_EDGE ( 'NONE', *, *, #3607, .T. ) ;
#1400 = ORIENTED_EDGE ( 'NONE', *, *, #1374, .T. ) ;
#1401 =( NAMED_UNIT ( * ) SI_UNIT ( $, .STERADIAN. ) SOLID_ANGLE_UNIT ( ) );
#1402 = DIRECTION ( 'NONE',  ( 0.000000000000000000, 0.000000000000000000, -1.000000000000000000 ) ) ;
#1403 = ORIENTED_EDGE ( 'NONE', *, *, #1675, .F. ) ;
#1404 = CARTESIAN_POINT ( 'NONE',  ( 0.7427131914212264929, 1.500551775759736639, -0.1005866270595394685 ) ) ;
#1405 = SURFACE_STYLE_FILL_AREA ( #1476 ) ;
#1406 = SURFACE_STYLE_FILL_AREA ( #1927 ) ;
#1407 = VERTEX_POINT ( 'NONE', #1578 ) ;
#1408 = ADVANCED_FACE ( 'NONE', ( #472 ), #2968, .T. ) ;
#1409 = SURFACE_STYLE_FILL_AREA ( #1681 ) ;
#1410 = ORIENTED_EDGE ( 'NONE', *, *, #3510, .T. ) ;
#1411 = CARTESIAN_POINT ( 'NONE',  ( -0.5000000000000001110, 2.000000000000000000, -0.8149999999999999467 ) ) ;
#1412 = LINE ( 'NONE', #297, #1548 ) ;
#1413 = DIRECTION ( 'NONE',  ( -1.000000000000000000, -0.000000000000000000, -0.000000000000000000 ) ) ;
#1414 = ORIENTED_EDGE ( 'NONE', *, *, #3121, .T. ) ;
#1415 = VERTEX_POINT ( 'NONE', #2206 ) ;
#1416 = SURFACE_STYLE_USAGE ( .BOTH. , #2844 ) ;
#1417 = CARTESIAN_POINT ( 'NONE',  ( -0.6600000000000000311, -1.399999999999999911, 5.755393999999999899 ) ) ;
#1418 = CARTESIAN_POINT ( 'NONE',  ( -1.750000000000000000, 3.000000000000000000, -4.315000000000000391 ) ) ;
#1419 = VERTEX_POINT ( 'NONE', #2164 ) ;
#1420 = CARTESIAN_POINT ( 'NONE',  ( -0.6599999999999999201, 1.369962439680784572, 0.01216412468090237800 ) ) ;
#1421 = EDGE_CURVE ( 'NONE', #288, #1611, #3348, .T. ) ;
#1422 = PRODUCT_RELATED_PRODUCT_CATEGORY ( 'part', '', ( #2713 ) ) ;
#1423 = STYLED_ITEM ( 'NONE', ( #3027 ), #1240 ) ;
#1424 = DIRECTION ( 'NONE',  ( -0.000000000000000000, 1.000000000000000000, 0.000000000000000000 ) ) ;
#1425 = DIRECTION ( 'NONE',  ( 1.000000000000000000, 0.000000000000000000, 0.000000000000000000 ) ) ;
#1426 = PRESENTATION_LAYER_ASSIGNMENT (  '', '', ( #2369 ) ) ;
#1427 = CARTESIAN_POINT ( 'NONE',  ( -0.5000000000000000000, -4.984500000000000597, -4.115000000000000213 ) ) ;
#1428 = EDGE_LOOP ( 'NONE', ( #3159, #3089, #1123, #1652 ) ) ;
#1429 = LINE ( 'NONE', #1139, #1395 ) ;
#1430 = EDGE_CURVE ( 'NONE', #2151, #511, #2244, .T. ) ;
#1431 = FACE_OUTER_BOUND ( 'NONE', #1589, .T. ) ;
#1432 = LINE ( 'NONE', #2805, #2688 ) ;
#1433 = VERTEX_POINT ( 'NONE', #2227 ) ;
#1434 = CARTESIAN_POINT ( 'NONE',  ( -0.5000000000000000000, 4.269999999999999574, -3.865000000000000213 ) ) ;
#1435 = DIRECTION ( 'NONE',  ( 0.000000000000000000, 0.000000000000000000, -1.000000000000000000 ) ) ;
#1436 = EDGE_CURVE ( 'NONE', #3075, #2821, #3085, .T. ) ;
#1437 = DIRECTION ( 'NONE',  ( -1.000000000000000000, -0.000000000000000000, -0.000000000000000000 ) ) ;
#1438 =( NAMED_UNIT ( * ) SI_UNIT ( $, .STERADIAN. ) SOLID_ANGLE_UNIT ( ) );
#1439 = EDGE_LOOP ( 'NONE', ( #469, #933, #843, #3016 ) ) ;
#1440 = CIRCLE ( 'NONE', #1208, 0.1000000000000000472 ) ;
#1441 = FACE_OUTER_BOUND ( 'NONE', #3021, .T. ) ;
#1442 = CARTESIAN_POINT ( 'NONE',  ( 0.8200661853774435794, -2.258541221161528334, -0.4075000000000000289 ) ) ;
#1443 = VECTOR ( 'NONE', #1844, 1000.000000000000000 ) ;
#1444 = LINE ( 'NONE', #2818, #1512 ) ;
#1445 = CARTESIAN_POINT ( 'NONE',  ( -0.4999999999032410103, 2.041421356237310025, -0.4074999999999999178 ) ) ;
#1446 = MECHANICAL_DESIGN_GEOMETRIC_PRESENTATION_REPRESENTATION (  '', ( #156 ), #35 ) ;
#1447 = VERTEX_POINT ( 'NONE', #1921 ) ;
#1448 = DIRECTION ( 'NONE',  ( 0.000000000000000000, -1.000000000000000000, -0.000000000000000000 ) ) ;
#1449 = CARTESIAN_POINT ( 'NONE',  ( 1.000000000000000000, -1.500000000000000222, -4.315000000000000391 ) ) ;
#1450 = VECTOR ( 'NONE', #2386, 1000.000000000000000 ) ;
#1451 = CIRCLE ( 'NONE', #2985, 0.1000000000000000056 ) ;
#1452 = EDGE_LOOP ( 'NONE', ( #2939, #1410, #878, #3003 ) ) ;
#1453 = DIRECTION ( 'NONE',  ( 0.000000000000000000, -0.000000000000000000, 1.000000000000000000 ) ) ;
#1454 = CARTESIAN_POINT ( 'NONE',  ( -1.750000000000000000, 2.000000000000000000, -0.8149999999999999467 ) ) ;
#1455 = COLOUR_RGB ( '',0.4274509803921568429, 0.4470588235294117307, 0.4274509803921568429 ) ;
#1456 = COLOUR_RGB ( '',0.6901960784313725394, 0.6117647058823529882, 0.5294117647058823595 ) ;
#1457 = CARTESIAN_POINT ( 'NONE',  ( 0.5000000000000000000, 4.519999999999999574, -4.415000000000000924 ) ) ;
#1458 = EDGE_CURVE ( 'NONE', #1682, #1058, #1610, .T. ) ;
#1459 = CYLINDRICAL_SURFACE ( 'NONE', #972, 0.2500000000000002220 ) ;
#1460 = VERTEX_POINT ( 'NONE', #591 ) ;
#1461 = CARTESIAN_POINT ( 'NONE',  ( 0.7721641246809024528, 1.399999999999994582, -0.1300375603192155116 ) ) ;
#1462 = EDGE_CURVE ( 'NONE', #1611, #2243, #852, .T. ) ;
#1463 = DIRECTION ( 'NONE',  ( 1.000000000000000000, 0.000000000000000000, 0.000000000000000000 ) ) ;
#1464 = CARTESIAN_POINT ( 'NONE',  ( 0.7600000000000000089, -1.399999999999999911, -0.8149999999999999467 ) ) ;
#1465 = EDGE_CURVE ( 'NONE', #511, #442, #3405, .T. ) ;
#1466 = ORIENTED_EDGE ( 'NONE', *, *, #1721, .T. ) ;
#1467 = CARTESIAN_POINT ( 'NONE',  ( 0.5000000000000000000, -4.984500000000000597, 0.000000000000000000 ) ) ;
#1468 = DIRECTION ( 'NONE',  ( -1.000000000000000000, 0.000000000000000000, 0.000000000000000000 ) ) ;
#1469 = CARTESIAN_POINT ( 'NONE',  ( -1.000000000000000000, -3.000000000000000000, -0.8149999999999999467 ) ) ;
#1470 = ORIENTED_EDGE ( 'NONE', *, *, #2387, .F. ) ;
#1471 = CARTESIAN_POINT ( 'NONE',  ( -0.6600000000000000311, -1.399999999999999911, -0.1000000000000000056 ) ) ;
#1472 = DIRECTION ( 'NONE',  ( -0.000000000000000000, -0.000000000000000000, -1.000000000000000000 ) ) ;
#1473 = PRESENTATION_STYLE_ASSIGNMENT (( #3429 ) ) ;
#1474 = VERTEX_POINT ( 'NONE', #1653 ) ;
#1475 = DIRECTION ( 'NONE',  ( 0.000000000000000000, 0.000000000000000000, 1.000000000000000000 ) ) ;
#1476 = FILL_AREA_STYLE ('',( #289 ) ) ;
#1477 = CIRCLE ( 'NONE', #1821, 0.1000000000000000472 ) ;
#1478 = PLANE ( 'NONE',  #1479 ) ;
#1479 = AXIS2_PLACEMENT_3D ( 'NONE', #3490, #3539, #1243 ) ;
#1480 = VECTOR ( 'NONE', #557, 1000.000000000000000 ) ;
#1481 = ORIENTED_EDGE ( 'NONE', *, *, #2272, .F. ) ;
#1482 = SURFACE_SIDE_STYLE ('',( #729 ) ) ;
#1483 = CARTESIAN_POINT ( 'NONE',  ( 0.000000000000000000, 0.000000000000000000, -0.4074999999999999734 ) ) ;
#1484 = AXIS2_PLACEMENT_3D ( 'NONE', #1924, #1888, #990 ) ;
#1485 = ADVANCED_FACE ( 'NONE', ( #262 ), #846, .T. ) ;
#1486 = CARTESIAN_POINT ( 'NONE',  ( 0.5000000000000000000, 3.970000000000000639, 0.000000000000000000 ) ) ;
#1487 = DIRECTION ( 'NONE',  ( 0.7071067811865475727, 0.000000000000000000, 0.7071067811865475727 ) ) ;
#1488 = CYLINDRICAL_SURFACE ( 'NONE', #2609, 0.2499999999999997780 ) ;
#1489 = CARTESIAN_POINT ( 'NONE',  ( -0.5000000000000000000, 3.000000000000000000, -3.464999999999999858 ) ) ;
#1490 = CARTESIAN_POINT ( 'NONE',  ( 0.6599999999999999201, -1.428979119944034037, 0.01244223629327583826 ) ) ;
#1491 = ORIENTED_EDGE ( 'NONE', *, *, #3618, .F. ) ;
#1492 = PLANE ( 'NONE',  #318 ) ;
#1493 = CARTESIAN_POINT ( 'NONE',  ( -0.7600000000000000089, -1.500000000000000000, -0.1000000000000000472 ) ) ;
#1494 = CIRCLE ( 'NONE', #3029, 0.2499999999999997780 ) ;
#1495 = VECTOR ( 'NONE', #1726, 1000.000000000000000 ) ;
#1496 =( NAMED_UNIT ( * ) PLANE_ANGLE_UNIT ( ) SI_UNIT ( $, .RADIAN. ) );
#1497 = EDGE_CURVE ( 'NONE', #1474, #1326, #15, .T. ) ;
#1498 =( GEOMETRIC_REPRESENTATION_CONTEXT ( 3 ) GLOBAL_UNCERTAINTY_ASSIGNED_CONTEXT ( ( #2179 ) ) GLOBAL_UNIT_ASSIGNED_CONTEXT ( ( #1959, #3126, #593 ) ) REPRESENTATION_CONTEXT ( 'NONE', 'WORKASPACE' ) );
#1499 = ORIENTED_EDGE ( 'NONE', *, *, #3035, .F. ) ;
#1500 = LINE ( 'NONE', #676, #1022 ) ;
#1501 = SURFACE_STYLE_USAGE ( .BOTH. , #91 ) ;
#1502 = EDGE_CURVE ( 'NONE', #1204, #1026, #865, .T. ) ;
#1503 = CARTESIAN_POINT ( 'NONE',  ( -0.5000000000000000000, 4.269999999999999574, -3.865000000000000213 ) ) ;
#1504 = ORIENTED_EDGE ( 'NONE', *, *, #2961, .F. ) ;
#1505 =( NAMED_UNIT ( * ) PLANE_ANGLE_UNIT ( ) SI_UNIT ( $, .RADIAN. ) );
#1506 = COLOUR_RGB ( '',0.4274509803921568429, 0.4470588235294117307, 0.4274509803921568429 ) ;
#1507 = CARTESIAN_POINT ( 'NONE',  ( -0.7190173355495110830, 1.495156458918386333, -0.05373510268107654919 ) ) ;
#1508 = DIRECTION ( 'NONE',  ( 1.000000000000000000, 0.000000000000000000, 0.000000000000000000 ) ) ;
#1509 = ORIENTED_EDGE ( 'NONE', *, *, #668, .F. ) ;
#1510 = VECTOR ( 'NONE', #659, 1000.000000000000000 ) ;
#1511 = FACE_OUTER_BOUND ( 'NONE', #1584, .T. ) ;
#1512 = VECTOR ( 'NONE', #1736, 1000.000000000000000 ) ;
#1513 =( NAMED_UNIT ( * ) PLANE_ANGLE_UNIT ( ) SI_UNIT ( $, .RADIAN. ) );
#1514 = ORIENTED_EDGE ( 'NONE', *, *, #500, .F. ) ;
#1515 = CARTESIAN_POINT ( 'NONE',  ( 0.9585786437626904188, -2.500000000000000888, -0.4074999999999998068 ) ) ;
#1516 = EDGE_CURVE ( 'NONE', #2760, #1663, #2015, .T. ) ;
#1517 = LINE ( 'NONE', #3216, #973 ) ;
#1518 = ORIENTED_EDGE ( 'NONE', *, *, #760, .T. ) ;
#1519 = LINE ( 'NONE', #1574, #2577 ) ;
#1520 =( NAMED_UNIT ( * ) PLANE_ANGLE_UNIT ( ) SI_UNIT ( $, .RADIAN. ) );
#1521 = CARTESIAN_POINT ( 'NONE',  ( -0.4999999999472501955, 2.000000000000000000, -0.5074999999999999512 ) ) ;
#1522 = ORIENTED_EDGE ( 'NONE', *, *, #2096, .T. ) ;
#1523 =( NAMED_UNIT ( * ) PLANE_ANGLE_UNIT ( ) SI_UNIT ( $, .RADIAN. ) );
#1524 = DIRECTION ( 'NONE',  ( -1.000000000000000000, 0.000000000000000000, -0.000000000000000000 ) ) ;
#1525 = EDGE_CURVE ( 'NONE', #3643, #2151, #2585, .T. ) ;
#1526 = CARTESIAN_POINT ( 'NONE',  ( -0.5000000000000000000, 0.000000000000000000, -4.115000000000000213 ) ) ;
#1527 = ORIENTED_EDGE ( 'NONE', *, *, #72, .T. ) ;
#1528 = CARTESIAN_POINT ( 'NONE',  ( 0.7928932187569545098, -1.999999999938200101, -0.4489213562373093325 ) ) ;
#1529 = DIRECTION ( 'NONE',  ( 1.000000000000000000, 0.000000000000000000, 0.000000000000000000 ) ) ;
#1530 = VERTEX_POINT ( 'NONE', #1162 ) ;
#1531 = ADVANCED_FACE ( 'NONE', ( #879, #2865 ), #1180, .T. ) ;
#1532 =( LENGTH_UNIT ( ) NAMED_UNIT ( * ) SI_UNIT ( .MILLI., .METRE. ) );
#1533 = MECHANICAL_DESIGN_GEOMETRIC_PRESENTATION_REPRESENTATION (  '', ( #2954 ), #2846 ) ;
#1534 = LINE ( 'NONE', #1553, #1385 ) ;
#1535 = DIRECTION ( 'NONE',  ( 0.000000000000000000, 0.000000000000000000, -1.000000000000000000 ) ) ;
#1536 = CARTESIAN_POINT ( 'NONE',  ( 0.6600000000000001421, -1.470710678118654968, -0.02928932188134541342 ) ) ;
#1537 = ORIENTED_EDGE ( 'NONE', *, *, #165, .T. ) ;
#1538 = EDGE_CURVE ( 'NONE', #2402, #3583, #2307, .T. ) ;
#1539 = PRESENTATION_LAYER_ASSIGNMENT (  '', '', ( #2960 ) ) ;
#1540 = PRESENTATION_STYLE_ASSIGNMENT (( #1066 ) ) ;
#1541 = SURFACE_SIDE_STYLE ('',( #3193 ) ) ;
#1542 =( LENGTH_UNIT ( ) NAMED_UNIT ( * ) SI_UNIT ( .MILLI., .METRE. ) );
#1543 = AXIS2_PLACEMENT_3D ( 'NONE', #1351, #2978, #448 ) ;
#1544 = ORIENTED_EDGE ( 'NONE', *, *, #1091, .F. ) ;
#1545 = LINE ( 'NONE', #3504, #3512 ) ;
#1546 = VECTOR ( 'NONE', #2139, 1000.000000000000000 ) ;
#1547 = CARTESIAN_POINT ( 'NONE',  ( 0.9585786437626908629, -2.231370849853535177, -0.4074999999999996403 ) ) ;
#1548 = VECTOR ( 'NONE', #2860, 1000.000000000000000 ) ;
#1549 = DIRECTION ( 'NONE',  ( 0.000000000000000000, 0.000000000000000000, 1.000000000000000000 ) ) ;
#1550 = CARTESIAN_POINT ( 'NONE',  ( -0.5886260397723569460, -1.458576042115765636, -0.02995888492161838737 ) ) ;
#1551 = PRESENTATION_LAYER_ASSIGNMENT (  '', '', ( #3635 ) ) ;
#1552 = VECTOR ( 'NONE', #2286, 1000.000000000000000 ) ;
#1553 = CARTESIAN_POINT ( 'NONE',  ( -0.7600000000000000089, -1.399999999999999689, -0.8149999999999999467 ) ) ;
#1554 = DIRECTION ( 'NONE',  ( 1.000000000000000000, 0.000000000000000000, 0.000000000000000000 ) ) ;
#1555 = UNCERTAINTY_MEASURE_WITH_UNIT (LENGTH_MEASURE( 1.000000000000000082E-05 ), #1183, 'distance_accuracy_value', 'NONE');
#1556 = ORIENTED_EDGE ( 'NONE', *, *, #2182, .T. ) ;
#1557 = DIRECTION ( 'NONE',  ( 1.000000000000000000, 0.000000000000000000, 0.000000000000000000 ) ) ;
#1558 = EDGE_CURVE ( 'NONE', #2218, #3028, #892, .T. ) ;
#1559 = AXIS2_PLACEMENT_3D ( 'NONE', #3507, #378, #1529 ) ;
#1560 = DIRECTION ( 'NONE',  ( -0.000000000000000000, 0.000000000000000000, 1.000000000000000000 ) ) ;
#1561 = SURFACE_SIDE_STYLE ('',( #1783 ) ) ;
#1562 = FACE_OUTER_BOUND ( 'NONE', #357, .T. ) ;
#1563 = ORIENTED_EDGE ( 'NONE', *, *, #953, .F. ) ;
#1564 = VECTOR ( 'NONE', #2516, 1000.000000000000000 ) ;
#1565 = CARTESIAN_POINT ( 'NONE',  ( -0.8020229955810456168, -2.236157282039424654, -0.4075000000000000289 ) ) ;
#1566 = ORIENTED_EDGE ( 'NONE', *, *, #479, .F. ) ;
#1567 = LINE ( 'NONE', #1073, #147 ) ;
#1568 = VECTOR ( 'NONE', #855, 1000.000000000000000 ) ;
#1569 = SURFACE_SIDE_STYLE ('',( #1773 ) ) ;
#1570 = ADVANCED_FACE ( 'NONE', ( #3160 ), #1922, .T. ) ;
#1571 = FACE_OUTER_BOUND ( 'NONE', #259, .T. ) ;
#1572 = EDGE_CURVE ( 'NONE', #442, #2765, #1110, .T. ) ;
#1573 = EDGE_LOOP ( 'NONE', ( #191, #2225, #3341, #437 ) ) ;
#1574 = CARTESIAN_POINT ( 'NONE',  ( -0.5000000000000000000, 0.000000000000000000, -3.464999999999999858 ) ) ;
#1575 = CARTESIAN_POINT ( 'NONE',  ( -0.5000000000000000000, -4.269999999999999574, 0.000000000000000000 ) ) ;
#1576 = SURFACE_STYLE_FILL_AREA ( #1323 ) ;
#1577 = ORIENTED_EDGE ( 'NONE', *, *, #1859, .F. ) ;
#1578 = CARTESIAN_POINT ( 'NONE',  ( -1.000000000000000000, 2.999999999999999556, -0.5074999999999999512 ) ) ;
#1579 = FILL_AREA_STYLE_COLOUR ( '', #2062 ) ;
#1580 = CARTESIAN_POINT ( 'NONE',  ( 0.4999999999156005126, -2.100000000000000089, -0.5074999999999999512 ) ) ;
#1581 = ORIENTED_EDGE ( 'NONE', *, *, #1965, .T. ) ;
#1582 = FILL_AREA_STYLE ('',( #3317 ) ) ;
#1583 = UNCERTAINTY_MEASURE_WITH_UNIT (LENGTH_MEASURE( 1.000000000000000082E-05 ), #2674, 'distance_accuracy_value', 'NONE');
#1584 = EDGE_LOOP ( 'NONE', ( #3404, #218, #52, #2651 ) ) ;
#1585 = EDGE_LOOP ( 'NONE', ( #173, #3059, #2927 ) ) ;
#1586 = CARTESIAN_POINT ( 'NONE',  ( -0.7343145750055632970, 2.099999999950560081, -0.4074999999999999178 ) ) ;
#1587 = EDGE_CURVE ( 'NONE', #1058, #2347, #2184, .T. ) ;
#1588 = DIRECTION ( 'NONE',  ( 0.000000000000000000, 0.000000000000000000, -1.000000000000000000 ) ) ;
#1589 = EDGE_LOOP ( 'NONE', ( #305, #980, #1646, #1399, #807, #2081 ) ) ;
#1590 = FILL_AREA_STYLE_COLOUR ( '', #2511 ) ;
#1591 = ADVANCED_FACE ( 'NONE', ( #1640 ), #1904, .T. ) ;
#1592 = SURFACE_STYLE_USAGE ( .BOTH. , #968 ) ;
#1593 = MECHANICAL_DESIGN_GEOMETRIC_PRESENTATION_REPRESENTATION (  '', ( #3020 ), #250 ) ;
#1594 = ORIENTED_EDGE ( 'NONE', *, *, #1192, .F. ) ;
#1595 = DIRECTION ( 'NONE',  ( -0.000000000000000000, -0.000000000000000000, -1.000000000000000000 ) ) ;
#1596 = STYLED_ITEM ( 'NONE', ( #2791 ), #1252 ) ;
#1597 = AXIS2_PLACEMENT_3D ( 'NONE', #2751, #3278, #2465 ) ;
#1598 =( LENGTH_UNIT ( ) NAMED_UNIT ( * ) SI_UNIT ( .MILLI., .METRE. ) );
#1599 = DIRECTION ( 'NONE',  ( -1.000000000000000000, -0.000000000000000000, -0.000000000000000000 ) ) ;
#1600 = CARTESIAN_POINT ( 'NONE',  ( 0.7307106781186547551, 1.399999999999999911, -0.02928932188134525036 ) ) ;
#1601 = EDGE_LOOP ( 'NONE', ( #1920, #1835, #2988, #1803 ) ) ;
#1602 = COLOUR_RGB ( '',0.4274509803921568429, 0.4470588235294117307, 0.4274509803921568429 ) ;
#1603 = DIRECTION ( 'NONE',  ( 0.000000000000000000, -0.000000000000000000, 1.000000000000000000 ) ) ;
#1604 = DIRECTION ( 'NONE',  ( 0.000000000000000000, 0.000000000000000000, 1.000000000000000000 ) ) ;
#1605 = ORIENTED_EDGE ( 'NONE', *, *, #2486, .T. ) ;
#1606 = SURFACE_SIDE_STYLE ('',( #2438 ) ) ;
#1607 = EDGE_CURVE ( 'NONE', #1739, #1842, #3624, .T. ) ;
#1608 = CIRCLE ( 'NONE', #3279, 0.5000000000000000000 ) ;
#1609 = DIRECTION ( 'NONE',  ( -1.000000000000000000, -0.000000000000000000, -0.000000000000000000 ) ) ;
#1610 = CIRCLE ( 'NONE', #2918, 0.1000000000000000472 ) ;
#1611 = VERTEX_POINT ( 'NONE', #3330 ) ;
#1612 = SURFACE_STYLE_FILL_AREA ( #1340 ) ;
#1613 =( GEOMETRIC_REPRESENTATION_CONTEXT ( 3 ) GLOBAL_UNCERTAINTY_ASSIGNED_CONTEXT ( ( #3244 ) ) GLOBAL_UNIT_ASSIGNED_CONTEXT ( ( #3292, #184, #1933 ) ) REPRESENTATION_CONTEXT ( 'NONE', 'WORKASPACE' ) );
#1614 = EDGE_CURVE ( 'NONE', #2243, #3661, #263, .T. ) ;
#1615 = ORIENTED_EDGE ( 'NONE', *, *, #1859, .T. ) ;
#1616 = CARTESIAN_POINT ( 'NONE',  ( 0.5000000000000000000, 2.500000000000000000, -0.5074999999999999512 ) ) ;
#1617 = DIRECTION ( 'NONE',  ( 0.000000000000000000, 0.000000000000000000, -1.000000000000000000 ) ) ;
#1618 = DIRECTION ( 'NONE',  ( 1.000000000000000000, 2.110000230093334039E-10, -0.000000000000000000 ) ) ;
#1619 = VECTOR ( 'NONE', #1882, 1000.000000000000000 ) ;
#1620 = CARTESIAN_POINT ( 'NONE',  ( -0.5000000000000000000, 4.984500000000000597, -4.415000000000000924 ) ) ;
#1621 = ORIENTED_EDGE ( 'NONE', *, *, #337, .F. ) ;
#1622 = STYLED_ITEM ( 'NONE', ( #2361 ), #3285 ) ;
#1623 = CARTESIAN_POINT ( 'NONE',  ( -0.8672345404958011761, -2.341093500237244829, -0.4075000000000000844 ) ) ;
#1624 = MECHANICAL_DESIGN_GEOMETRIC_PRESENTATION_REPRESENTATION (  '', ( #2447 ), #3412 ) ;
#1625 = AXIS2_PLACEMENT_3D ( 'NONE', #264, #1599, #190 ) ;
#1626 = DIRECTION ( 'NONE',  ( -0.000000000000000000, 0.000000000000000000, -1.000000000000000000 ) ) ;
#1627 = ORIENTED_EDGE ( 'NONE', *, *, #1273, .T. ) ;
#1628 = DIRECTION ( 'NONE',  ( -1.000000000000000000, 0.000000000000000000, 0.000000000000000000 ) ) ;
#1629 = ORIENTED_EDGE ( 'NONE', *, *, #1020, .T. ) ;
#1630 = LINE ( 'NONE', #799, #1564 ) ;
#1631 = AXIS2_PLACEMENT_3D ( 'NONE', #1734, #3453, #1129 ) ;
#1632 = ORIENTED_EDGE ( 'NONE', *, *, #2686, .T. ) ;
#1633 = CARTESIAN_POINT ( 'NONE',  ( -0.5000000000000001110, 2.000000000000000000, -0.8149999999999999467 ) ) ;
#1634 = EDGE_CURVE ( 'NONE', #2567, #779, #731, .T. ) ;
#1635 = SURFACE_STYLE_USAGE ( .BOTH. , #522 ) ;
#1636 = UNCERTAINTY_MEASURE_WITH_UNIT (LENGTH_MEASURE( 1.000000000000000082E-05 ), #3044, 'distance_accuracy_value', 'NONE');
#1637 = DIRECTION ( 'NONE',  ( -0.000000000000000000, 0.000000000000000000, 1.000000000000000000 ) ) ;
#1638 = ORIENTED_EDGE ( 'NONE', *, *, #654, .F. ) ;
#1639 = FACE_OUTER_BOUND ( 'NONE', #3644, .T. ) ;
#1640 = FACE_OUTER_BOUND ( 'NONE', #1428, .T. ) ;
#1641 = DIRECTION ( 'NONE',  ( -1.000000000000000000, 0.000000000000000000, -0.000000000000000000 ) ) ;
#1642 = CARTESIAN_POINT ( 'NONE',  ( 0.7307106781186549771, 1.399999999999999911, -0.02928932188134541342 ) ) ;
#1643 = VERTEX_POINT ( 'NONE', #2271 ) ;
#1644 = SURFACE_STYLE_FILL_AREA ( #1582 ) ;
#1645 = CARTESIAN_POINT ( 'NONE',  ( -1.500000000000000000, 2.750000000000000000, -0.8024633285509000791 ) ) ;
#1646 = ORIENTED_EDGE ( 'NONE', *, *, #1421, .F. ) ;
#1647 = ORIENTED_EDGE ( 'NONE', *, *, #1634, .F. ) ;
#1648 = FILL_AREA_STYLE_COLOUR ( '', #1455 ) ;
#1649 = ORIENTED_EDGE ( 'NONE', *, *, #1462, .F. ) ;
#1650 = SURFACE_STYLE_USAGE ( .BOTH. , #1102 ) ;
#1651 = ORIENTED_EDGE ( 'NONE', *, *, #848, .T. ) ;
#1652 = ORIENTED_EDGE ( 'NONE', *, *, #1960, .F. ) ;
#1653 = CARTESIAN_POINT ( 'NONE',  ( 0.5000000000000000000, 2.100000000000000089, -0.4074999999999998623 ) ) ;
#1654 =( NAMED_UNIT ( * ) PLANE_ANGLE_UNIT ( ) SI_UNIT ( $, .RADIAN. ) );
#1655 = DIRECTION ( 'NONE',  ( 0.000000000000000000, -0.000000000000000000, 1.000000000000000000 ) ) ;
#1656 = DIRECTION ( 'NONE',  ( -1.000000000000000000, 0.000000000000000000, -0.000000000000000000 ) ) ;
#1657 = DIRECTION ( 'NONE',  ( 1.000000000000000000, 0.000000000000000000, 0.000000000000000000 ) ) ;
#1658 = CARTESIAN_POINT ( 'NONE',  ( -1.000000000000000000, 1.500000000000000222, -4.065000000000001279 ) ) ;
#1659 = CARTESIAN_POINT ( 'NONE',  ( 0.6600000000000000311, -1.399999999999999245, 0.000000000000000000 ) ) ;
#1660 = ORIENTED_EDGE ( 'NONE', *, *, #3091, .F. ) ;
#1661 = LINE ( 'NONE', #2089, #2132 ) ;
#1662 = CARTESIAN_POINT ( 'NONE',  ( -0.7307106781186547551, -1.399999999999999911, -0.02928932188134525036 ) ) ;
#1663 = VERTEX_POINT ( 'NONE', #303 ) ;
#1664 =( NAMED_UNIT ( * ) SI_UNIT ( $, .STERADIAN. ) SOLID_ANGLE_UNIT ( ) );
#1665 = SURFACE_STYLE_FILL_AREA ( #2138 ) ;
#1666 = CYLINDRICAL_SURFACE ( 'NONE', #915, 0.2500000000000000000 ) ;
#1667 = ORIENTED_EDGE ( 'NONE', *, *, #266, .F. ) ;
#1668 = ORIENTED_EDGE ( 'NONE', *, *, #320, .F. ) ;
#1669 = VECTOR ( 'NONE', #251, 1000.000000000000000 ) ;
#1670 = DIRECTION ( 'NONE',  ( 1.000000000000000000, 0.000000000000000000, 0.000000000000000000 ) ) ;
#1671 = DIRECTION ( 'NONE',  ( 1.000000000000000000, 0.000000000000000000, -0.000000000000000000 ) ) ;
#1672 = STYLED_ITEM ( 'NONE', ( #3621 ), #2462 ) ;
#1673 =( BOUNDED_SURFACE ( )  B_SPLINE_SURFACE ( 3, 3, ( 
 ( #1195, #2841, #2322, #3120 ),
 ( #910, #1140, #2029, #3100 ),
 ( #2521, #3660, #313, #3154 ),
 ( #3183, #2803, #2826, #3401 ) ),
 .UNSPECIFIED., .F., .F., .F. ) 
 B_SPLINE_SURFACE_WITH_KNOTS ( ( 4, 4 ),
 ( 4, 4 ),
 ( 0.000000000000000000, 1.000000000000000000 ),
 ( 0.000000000000000000, 1.000000000000000000 ),
 .UNSPECIFIED. ) 
 GEOMETRIC_REPRESENTATION_ITEM ( )  RATIONAL_B_SPLINE_SURFACE ( (
 ( 1.000000000000000000, 0.8047378540743962416, 0.8047378540743962416, 1.000000000000000000),
 ( 0.8047378541243640493, 0.6476030138204752484, 0.6476030138204752484, 0.8047378541243640493),
 ( 0.8047378541243640493, 0.6476030138204752484, 0.6476030138204752484, 0.8047378541243640493),
 ( 1.000000000000000000, 0.8047378540743962416, 0.8047378540743962416, 1.000000000000000000) ) ) 
 REPRESENTATION_ITEM ( '' )  SURFACE ( )  );
#1674 = VERTEX_POINT ( 'NONE', #2208 ) ;
#1675 = EDGE_CURVE ( 'NONE', #2230, #1530, #2768, .T. ) ;
#1676 = LINE ( 'NONE', #884, #2289 ) ;
#1677 = AXIS2_PLACEMENT_3D ( 'NONE', #417, #665, #2671 ) ;
#1678 = CARTESIAN_POINT ( 'NONE',  ( -1.000000000000000000, -3.000000000000000444, -0.8150000000000000577 ) ) ;
#1679 = CARTESIAN_POINT ( 'NONE',  ( -0.6600000000000000311, -1.399999999999999911, -0.1000000000000000056 ) ) ;
#1680 = VERTEX_POINT ( 'NONE', #2504 ) ;
#1681 = FILL_AREA_STYLE ('',( #1137 ) ) ;
#1682 = VERTEX_POINT ( 'NONE', #869 ) ;
#1683 = CARTESIAN_POINT ( 'NONE',  ( 1.750000000000000000, 1.500000000000000222, -4.065000000000001279 ) ) ;
#1684 = DIRECTION ( 'NONE',  ( 0.000000000000000000, 0.000000000000000000, 1.000000000000000000 ) ) ;
#1685 = PRESENTATION_LAYER_ASSIGNMENT (  '', '', ( #2152 ) ) ;
#1686 = EDGE_CURVE ( 'NONE', #918, #1415, #1961, .T. ) ;
#1687 = EDGE_CURVE ( 'NONE', #2536, #603, #2546, .T. ) ;
#1688 = DIRECTION ( 'NONE',  ( 0.000000000000000000, 0.000000000000000000, -1.000000000000000000 ) ) ;
#1689 = EDGE_LOOP ( 'NONE', ( #1403, #965, #2329, #281 ) ) ;
#1690 = ORIENTED_EDGE ( 'NONE', *, *, #1166, .T. ) ;
#1691 = CARTESIAN_POINT ( 'NONE',  ( -0.5176071206474001096, 2.100000000000000089, -0.4074999999999999178 ) ) ;
#1692 = CARTESIAN_POINT ( 'NONE',  ( -0.9000000000000002442, -2.499999999999999556, -0.4074999999999998623 ) ) ;
#1693 = SURFACE_STYLE_USAGE ( .BOTH. , #1199 ) ;
#1694 = CYLINDRICAL_SURFACE ( 'NONE', #552, 0.1000000000000000472 ) ;
#1695 = ORIENTED_EDGE ( 'NONE', *, *, #694, .T. ) ;
#1696 = CARTESIAN_POINT ( 'NONE',  ( -0.7605517757597369810, 1.399413372940462086, -0.01728680857877539292 ) ) ;
#1697 = CARTESIAN_POINT ( 'NONE',  ( 0.5000000000000000000, 4.269999999999999574, -3.865000000000000213 ) ) ;
#1698 = CARTESIAN_POINT ( 'NONE',  ( -0.9000000000000001332, -2.482392879353000126, -0.5074999999999999512 ) ) ;
#1699 = FILL_AREA_STYLE_COLOUR ( '', #1798 ) ;
#1700 = ORIENTED_EDGE ( 'NONE', *, *, #491, .T. ) ;
#1701 = CARTESIAN_POINT ( 'NONE',  ( -1.000000000000000000, -3.000000000000000444, -4.065000000000001279 ) ) ;
#1702 = ADVANCED_FACE ( 'NONE', ( #285 ), #1694, .T. ) ;
#1703 = EDGE_CURVE ( 'NONE', #2903, #412, #962, .T. ) ;
#1704 = DIRECTION ( 'NONE',  ( 0.000000000000000000, -0.000000000000000000, -1.000000000000000000 ) ) ;
#1705 = DIRECTION ( 'NONE',  ( 0.000000000000000000, 0.000000000000000000, -1.000000000000000000 ) ) ;
#1706 = VERTEX_POINT ( 'NONE', #1182 ) ;
#1707 = CARTESIAN_POINT ( 'NONE',  ( 0.5000000000000000000, -3.720000000000000195, -3.714999999999999858 ) ) ;
#1708 = CARTESIAN_POINT ( 'NONE',  ( -0.5000000000000000000, -2.000000000000000000, -0.5074999999999999512 ) ) ;
#1709 = DIRECTION ( 'NONE',  ( 0.000000000000000000, 0.000000000000000000, -1.000000000000000000 ) ) ;
#1710 = FILL_AREA_STYLE_COLOUR ( '', #1397 ) ;
#1711 = ORIENTED_EDGE ( 'NONE', *, *, #1465, .F. ) ;
#1712 = UNCERTAINTY_MEASURE_WITH_UNIT (LENGTH_MEASURE( 1.000000000000000082E-05 ), #239, 'distance_accuracy_value', 'NONE');
#1713 = CARTESIAN_POINT ( 'NONE',  ( -0.9999999999999998890, -2.207106781186547462, -0.5074999999999999512 ) ) ;
#1714 = COLOUR_RGB ( '',0.4274509803921568429, 0.4470588235294117307, 0.4274509803921568429 ) ;
#1715 = CARTESIAN_POINT ( 'NONE',  ( 1.500000000000000000, 3.000000000000000000, -0.8149999999999997247 ) ) ;
#1716 = PRESENTATION_STYLE_ASSIGNMENT (( #2855 ) ) ;
#1717 = CARTESIAN_POINT ( 'NONE',  ( -0.8999999999999998002, 2.500000000000000888, -0.4074999999999999178 ) ) ;
#1718 = ORIENTED_EDGE ( 'NONE', *, *, #724, .F. ) ;
#1719 = DIRECTION ( 'NONE',  ( -1.000000000000000000, -0.000000000000000000, -0.000000000000000000 ) ) ;
#1720 = CARTESIAN_POINT ( 'NONE',  ( 0.6600000000000000311, -1.399999999999999911, -0.1000000000000002554 ) ) ;
#1721 = EDGE_CURVE ( 'NONE', #864, #3123, #1494, .T. ) ;
#1722 = FILL_AREA_STYLE ('',( #2827 ) ) ;
#1723 = ORIENTED_EDGE ( 'NONE', *, *, #2277, .T. ) ;
#1724 = CARTESIAN_POINT ( 'NONE',  ( -1.750000000000000000, 3.000000000000000000, -4.315000000000000391 ) ) ;
#1725 = AXIS2_PLACEMENT_3D ( 'NONE', #1707, #3426, #3369 ) ;
#1726 = DIRECTION ( 'NONE',  ( 1.000000000000000000, -0.000000000000000000, 0.000000000000000000 ) ) ;
#1727 = DIRECTION ( 'NONE',  ( -1.000000000000000000, -0.000000000000000000, 0.000000000000000000 ) ) ;
#1728 = EDGE_LOOP ( 'NONE', ( #525, #835, #2644, #151 ) ) ;
#1729 = COLOUR_RGB ( '',0.6901960784313725394, 0.6117647058823529882, 0.5294117647058823595 ) ;
#1730 = CARTESIAN_POINT ( 'NONE',  ( -0.7599955587108949695, 1.399333577425368791, -0.1006664225746311397 ) ) ;
#1731 = VECTOR ( 'NONE', #2443, 1000.000000000000000 ) ;
#1732 = AXIS2_PLACEMENT_3D ( 'NONE', #2581, #2010, #1120 ) ;
#1733 = ADVANCED_FACE ( 'NONE', ( #3143 ), #2069, .T. ) ;
#1734 = CARTESIAN_POINT ( 'NONE',  ( -0.6600000000000000311, -1.399999999999998579, -0.1000000000000000056 ) ) ;
#1735 = STYLED_ITEM ( 'NONE', ( #1214 ), #2607 ) ;
#1736 = DIRECTION ( 'NONE',  ( -1.000000000000000000, 0.000000000000000000, -0.000000000000000000 ) ) ;
#1737 = CARTESIAN_POINT ( 'NONE',  ( -0.5000000000000000000, 4.519999999999999574, -4.115000000000000213 ) ) ;
#1738 = DIRECTION ( 'NONE',  ( 0.000000000000000000, 0.000000000000000000, 1.000000000000000000 ) ) ;
#1739 = VERTEX_POINT ( 'NONE', #61 ) ;
#1740 = CARTESIAN_POINT ( 'NONE',  ( 1.750000000000000000, 0.000000000000000000, -4.315000000000000391 ) ) ;
#1741 = DIRECTION ( 'NONE',  ( -1.000000000000000000, 0.000000000000000000, 0.000000000000000000 ) ) ;
#1742 = AXIS2_PLACEMENT_3D ( 'NONE', #657, #1775, #2914 ) ;
#1743 = AXIS2_PLACEMENT_3D ( 'NONE', #975, #2941, #1291 ) ;
#1744 = CARTESIAN_POINT ( 'NONE',  ( 0.5000000000000000000, -2.000000000000000000, -0.8149999999999999467 ) ) ;
#1745 = CARTESIAN_POINT ( 'NONE',  ( -0.5000000000000000000, -3.970000000000000639, -3.865000000000000213 ) ) ;
#1746 = EDGE_CURVE ( 'NONE', #569, #951, #896, .T. ) ;
#1747 = LINE ( 'NONE', #3161, #1976 ) ;
#1748 = CIRCLE ( 'NONE', #164, 0.2500000000000000000 ) ;
#1749 = SURFACE_STYLE_USAGE ( .BOTH. , #2602 ) ;
#1750 = FILL_AREA_STYLE ('',( #1710 ) ) ;
#1751 = EDGE_LOOP ( 'NONE', ( #2108, #1379, #1820, #292 ) ) ;
#1752 = CARTESIAN_POINT ( 'NONE',  ( 0.7307106781186548661, 1.459017335549510852, -0.02928932188134541342 ) ) ;
#1753 = VECTOR ( 'NONE', #301, 1000.000000000000000 ) ;
#1754 = CARTESIAN_POINT ( 'NONE',  ( 0.6005634200727212324, -2.109361559858343504, -0.4075000000000000844 ) ) ;
#1755 = FILL_AREA_STYLE ('',( #2023 ) ) ;
#1756 = ADVANCED_FACE ( 'NONE', ( #3187 ), #3448, .T. ) ;
#1757 = ORIENTED_EDGE ( 'NONE', *, *, #64, .F. ) ;
#1758 = LINE ( 'NONE', #2858, #1003 ) ;
#1759 = ORIENTED_EDGE ( 'NONE', *, *, #296, .T. ) ;
#1760 = DIRECTION ( 'NONE',  ( 0.000000000000000000, 1.000000000000000000, 0.000000000000000000 ) ) ;
#1761 = CARTESIAN_POINT ( 'NONE',  ( 1.750000000000000000, -1.500000000000000000, 0.000000000000000000 ) ) ;
#1762 = EDGE_LOOP ( 'NONE', ( #3367, #2890, #3291, #3611 ) ) ;
#1763 = DIRECTION ( 'NONE',  ( -1.000000000000000000, 0.000000000000000000, 0.000000000000000000 ) ) ;
#1764 = DIRECTION ( 'NONE',  ( 0.000000000000000000, 0.000000000000000000, -1.000000000000000000 ) ) ;
#1765 = ORIENTED_EDGE ( 'NONE', *, *, #1826, .F. ) ;
#1766 = DIRECTION ( 'NONE',  ( 0.000000000000000000, 0.000000000000000000, -1.000000000000000000 ) ) ;
#1767 = SURFACE_STYLE_FILL_AREA ( #176 ) ;
#1768 = CARTESIAN_POINT ( 'NONE',  ( 0.5000000000000000000, 4.519999999999999574, -3.865000000000000213 ) ) ;
#1769 = CIRCLE ( 'NONE', #946, 0.1000000000000000056 ) ;
#1770 = COLOUR_RGB ( '',0.4274509803921568429, 0.4470588235294117307, 0.4274509803921568429 ) ;
#1771 = ORIENTED_EDGE ( 'NONE', *, *, #2350, .T. ) ;
#1772 =( LENGTH_UNIT ( ) NAMED_UNIT ( * ) SI_UNIT ( .MILLI., .METRE. ) );
#1773 = SURFACE_STYLE_FILL_AREA ( #656 ) ;
#1774 = AXIS2_PLACEMENT_3D ( 'NONE', #2014, #1472, #573 ) ;
#1775 = DIRECTION ( 'NONE',  ( 0.000000000000000000, 0.000000000000000000, -1.000000000000000000 ) ) ;
#1776 = ORIENTED_EDGE ( 'NONE', *, *, #3171, .T. ) ;
#1777 = CARTESIAN_POINT ( 'NONE',  ( -0.6593335774253692438, -1.499995558710894850, -0.1006664225746309038 ) ) ;
#1778 = AXIS2_PLACEMENT_3D ( 'NONE', #3657, #2779, #1393 ) ;
#1779 = DIRECTION ( 'NONE',  ( 0.000000000000000000, 0.000000000000000000, -1.000000000000000000 ) ) ;
#1780 =( NAMED_UNIT ( * ) SI_UNIT ( $, .STERADIAN. ) SOLID_ANGLE_UNIT ( ) );
#1781 = EDGE_LOOP ( 'NONE', ( #3263, #2097, #275, #3522 ) ) ;
#1782 = SURFACE_SIDE_STYLE ('',( #3535 ) ) ;
#1783 = SURFACE_STYLE_FILL_AREA ( #441 ) ;
#1784 = VECTOR ( 'NONE', #1978, 1000.000000000000000 ) ;
#1785 = EDGE_CURVE ( 'NONE', #198, #2748, #1221, .T. ) ;
#1786 = DIRECTION ( 'NONE',  ( -1.000000000000000000, 0.000000000000000000, 0.000000000000000000 ) ) ;
#1787 = MECHANICAL_DESIGN_GEOMETRIC_PRESENTATION_REPRESENTATION (  '', ( #2922 ), #679 ) ;
#1788 =( BOUNDED_SURFACE ( )  B_SPLINE_SURFACE ( 3, 3, ( 
 ( #893, #631, #3464, #1692 ),
 ( #2886, #75, #914, #1218 ),
 ( #2831, #2268, #2543, #592 ),
 ( #1708, #1186, #1713, #85 ) ),
 .UNSPECIFIED., .F., .F., .T. ) 
 B_SPLINE_SURFACE_WITH_KNOTS ( ( 4, 4 ),
 ( 4, 4 ),
 ( 0.000000000000000000, 1.000000000000000000 ),
 ( 0.000000000000000000, 1.000000000000000000 ),
 .UNSPECIFIED. ) 
 GEOMETRIC_REPRESENTATION_ITEM ( )  RATIONAL_B_SPLINE_SURFACE ( (
 ( 1.000000000000000000, 0.8047378541243649375, 0.8047378541243649375, 1.000000000000000000),
 ( 0.8047378541243649375, 0.6476030138606876374, 0.6476030138606876374, 0.8047378541243649375),
 ( 0.8047378541243649375, 0.6476030138606876374, 0.6476030138606876374, 0.8047378541243649375),
 ( 1.000000000000000000, 0.8047378541243649375, 0.8047378541243649375, 1.000000000000000000) ) ) 
 REPRESENTATION_ITEM ( '' )  SURFACE ( )  );
#1789 = VERTEX_POINT ( 'NONE', #384 ) ;
#1790 = FACE_OUTER_BOUND ( 'NONE', #2873, .T. ) ;
#1791 = DIRECTION ( 'NONE',  ( -1.000000000000000000, 0.000000000000000000, -0.000000000000000000 ) ) ;
#1792 = CARTESIAN_POINT ( 'NONE',  ( -0.5000000000000000000, 4.270000000000000462, -3.714999999999999858 ) ) ;
#1793 =( GEOMETRIC_REPRESENTATION_CONTEXT ( 3 ) GLOBAL_UNCERTAINTY_ASSIGNED_CONTEXT ( ( #2454 ) ) GLOBAL_UNIT_ASSIGNED_CONTEXT ( ( #3532, #715, #3062 ) ) REPRESENTATION_CONTEXT ( 'NONE', 'WORKASPACE' ) );
#1794 = CARTESIAN_POINT ( 'NONE',  ( -0.6599999999999998090, 1.470710678118654968, -0.02928932188134519485 ) ) ;
#1795 = EDGE_CURVE ( 'NONE', #3151, #1963, #94, .T. ) ;
#1796 = FACE_OUTER_BOUND ( 'NONE', #1891, .T. ) ;
#1797 = EDGE_LOOP ( 'NONE', ( #3129, #2155, #2334, #1514 ) ) ;
#1798 = COLOUR_RGB ( '',0.6901960784313725394, 0.6117647058823529882, 0.5294117647058823595 ) ;
#1799 = DIRECTION ( 'NONE',  ( 0.000000000000000000, 0.000000000000000000, -1.000000000000000000 ) ) ;
#1800 = FILL_AREA_STYLE_COLOUR ( '', #1369 ) ;
#1801 = CIRCLE ( 'NONE', #2517, 0.5500000000000001554 ) ;
#1802 = EDGE_CURVE ( 'NONE', #1058, #2265, #2360, .T. ) ;
#1803 = ORIENTED_EDGE ( 'NONE', *, *, #1996, .T. ) ;
#1804 = CARTESIAN_POINT ( 'NONE',  ( 0.6600000000000000311, -17.98008839999999964, 0.000000000000000000 ) ) ;
#1805 = LINE ( 'NONE', #143, #683 ) ;
#1806 = FACE_OUTER_BOUND ( 'NONE', #1751, .T. ) ;
#1807 = ORIENTED_EDGE ( 'NONE', *, *, #3496, .F. ) ;
#1808 = EDGE_CURVE ( 'NONE', #2765, #2518, #3294, .T. ) ;
#1809 = FACE_OUTER_BOUND ( 'NONE', #236, .T. ) ;
#1810 = CARTESIAN_POINT ( 'NONE',  ( -0.6599999999999996980, 1.512442236293275677, -0.07102088005596629561 ) ) ;
#1811 = SURFACE_STYLE_USAGE ( .BOTH. , #149 ) ;
#1812 = FILL_AREA_STYLE ('',( #100 ) ) ;
#1813 = UNCERTAINTY_MEASURE_WITH_UNIT (LENGTH_MEASURE( 1.000000000000000082E-05 ), #653, 'distance_accuracy_value', 'NONE');
#1814 = ORIENTED_EDGE ( 'NONE', *, *, #712, .F. ) ;
#1815 = FACE_OUTER_BOUND ( 'NONE', #2703, .T. ) ;
#1816 = FACE_OUTER_BOUND ( 'NONE', #1585, .T. ) ;
#1817 = LINE ( 'NONE', #3247, #1856 ) ;
#1818 =( NAMED_UNIT ( * ) PLANE_ANGLE_UNIT ( ) SI_UNIT ( $, .RADIAN. ) );
#1819 = DIRECTION ( 'NONE',  ( 0.000000000000000000, 0.000000000000000000, -1.000000000000000000 ) ) ;
#1820 = ORIENTED_EDGE ( 'NONE', *, *, #3550, .F. ) ;
#1821 = AXIS2_PLACEMENT_3D ( 'NONE', #354, #2597, #1194 ) ;
#1822 = CARTESIAN_POINT ( 'NONE',  ( 0.4999999999156005126, -2.100000000000000089, -0.4074999999999999178 ) ) ;
#1823 = CARTESIAN_POINT ( 'NONE',  ( -1.750000000000000000, 1.500000000000000000, 0.000000000000000000 ) ) ;
#1824 = DIRECTION ( 'NONE',  ( 0.000000000000000000, 0.000000000000000000, 1.000000000000000000 ) ) ;
#1825 = STYLED_ITEM ( 'NONE', ( #368 ), #2246 ) ;
#1826 = EDGE_CURVE ( 'NONE', #1254, #207, #1661, .T. ) ;
#1827 = VECTOR ( 'NONE', #1228, 1000.000000000000000 ) ;
#1828 = CARTESIAN_POINT ( 'NONE',  ( -0.6599999999999996980, 1.470710678118654746, -0.02928932188134518444 ) ) ;
#1829 = CYLINDRICAL_SURFACE ( 'NONE', #2625, 0.5000000000000000000 ) ;
#1830 = ORIENTED_EDGE ( 'NONE', *, *, #1703, .F. ) ;
#1831 = ADVANCED_FACE ( 'NONE', ( #2964 ), #1829, .T. ) ;
#1832 = CARTESIAN_POINT ( 'NONE',  ( -1.750000000000000000, 3.000000000000000000, -0.8149999999999997247 ) ) ;
#1833 = FACE_OUTER_BOUND ( 'NONE', #3375, .T. ) ;
#1834 = DIRECTION ( 'NONE',  ( 1.000000000000000000, 0.000000000000000000, 0.000000000000000000 ) ) ;
#1835 = ORIENTED_EDGE ( 'NONE', *, *, #2357, .F. ) ;
#1836 = ADVANCED_FACE ( 'NONE', ( #458 ), #3531, .T. ) ;
#1837 = EDGE_CURVE ( 'NONE', #2275, #3368, #2693, .T. ) ;
#1838 = AXIS2_PLACEMENT_3D ( 'NONE', #2527, #1402, #3390 ) ;
#1839 = PRESENTATION_STYLE_ASSIGNMENT (( #477 ) ) ;
#1840 = UNCERTAINTY_MEASURE_WITH_UNIT (LENGTH_MEASURE( 1.000000000000000082E-05 ), #3261, 'distance_accuracy_value', 'NONE');
#1841 = PRESENTATION_LAYER_ASSIGNMENT (  '', '', ( #674 ) ) ;
#1842 = VERTEX_POINT ( 'NONE', #1024 ) ;
#1843 = MECHANICAL_DESIGN_GEOMETRIC_PRESENTATION_REPRESENTATION (  '', ( #1023 ), #2973 ) ;
#1844 = DIRECTION ( 'NONE',  ( 0.000000000000000000, 0.000000000000000000, 1.000000000000000000 ) ) ;
#1845 = PRESENTATION_LAYER_ASSIGNMENT (  '', '', ( #3284 ) ) ;
#1846 = LINE ( 'NONE', #221, #202 ) ;
#1847 = CARTESIAN_POINT ( 'NONE',  ( -0.7062648973189230572, -1.459017335549510852, -0.004843541081613562949 ) ) ;
#1848 = CARTESIAN_POINT ( 'NONE',  ( -0.7599955587108951915, 1.440753094020496894, -0.1420859391697589513 ) ) ;
#1849 = FILL_AREA_STYLE_COLOUR ( '', #2475 ) ;
#1850 = CARTESIAN_POINT ( 'NONE',  ( -0.5000000000000000000, 2.000000000000000000, -0.5074999999999999512 ) ) ;
#1851 = VERTEX_POINT ( 'NONE', #540 ) ;
#1852 =( NAMED_UNIT ( * ) SI_UNIT ( $, .STERADIAN. ) SOLID_ANGLE_UNIT ( ) );
#1853 = STYLED_ITEM ( 'NONE', ( #150 ), #3300 ) ;
#1854 = PRODUCT_DEFINITION_FORMATION_WITH_SPECIFIED_SOURCE ( 'ANY', '', #2713, .NOT_KNOWN. ) ;
#1855 = CARTESIAN_POINT ( 'NONE',  ( 0.7599955587108950805, -1.399333577425368791, -0.1006664225746310148 ) ) ;
#1856 = VECTOR ( 'NONE', #991, 1000.000000000000000 ) ;
#1857 = DIRECTION ( 'NONE',  ( -0.000000000000000000, -0.000000000000000000, 1.000000000000000000 ) ) ;
#1858 = CARTESIAN_POINT ( 'NONE',  ( 0.7600000000000000089, -1.500000000000000000, -0.1000000000000000472 ) ) ;
#1859 = EDGE_CURVE ( 'NONE', #535, #2536, #2220, .T. ) ;
#1860 = AXIS2_PLACEMENT_3D ( 'NONE', #1376, #1043, #3620 ) ;
#1861 = CARTESIAN_POINT ( 'NONE',  ( -0.5000000000000000000, 3.720000000000000195, -3.165000000000000480 ) ) ;
#1862 = VERTEX_POINT ( 'NONE', #170 ) ;
#1863 = EDGE_CURVE ( 'NONE', #3028, #1901, #3498, .T. ) ;
#1864 = ORIENTED_EDGE ( 'NONE', *, *, #585, .T. ) ;
#1865 = FACE_OUTER_BOUND ( 'NONE', #3314, .T. ) ;
#1866 = PRESENTATION_STYLE_ASSIGNMENT (( #2743 ) ) ;
#1867 = ORIENTED_EDGE ( 'NONE', *, *, #3407, .T. ) ;
#1868 = DIRECTION ( 'NONE',  ( -1.000000000000000000, 0.000000000000000000, 0.000000000000000000 ) ) ;
#1869 = CARTESIAN_POINT ( 'NONE',  ( 0.5000000000000000000, 3.969999999999999751, -3.865000000000000213 ) ) ;
#1870 = ORIENTED_EDGE ( 'NONE', *, *, #111, .T. ) ;
#1871 =( NAMED_UNIT ( * ) PLANE_ANGLE_UNIT ( ) SI_UNIT ( $, .RADIAN. ) );
#1872 = EDGE_LOOP ( 'NONE', ( #101, #1400, #294, #666 ) ) ;
#1873 = ADVANCED_FACE ( 'NONE', ( #1287 ), #3547, .T. ) ;
#1874 = CARTESIAN_POINT ( 'NONE',  ( -0.8481848677242345147, -2.302609392516508091, -0.4074999999999999734 ) ) ;
#1875 = ORIENTED_EDGE ( 'NONE', *, *, #1125, .T. ) ;
#1876 = ADVANCED_FACE ( 'NONE', ( #25 ), #602, .T. ) ;
#1877 = CARTESIAN_POINT ( 'NONE',  ( 0.9999999999999997780, 0.000000000000000000, -4.065000000000001279 ) ) ;
#1878 = CARTESIAN_POINT ( 'NONE',  ( -0.6600000000000000311, 1.399999999999999911, -0.1000000000000000056 ) ) ;
#1879 = ORIENTED_EDGE ( 'NONE', *, *, #2389, .F. ) ;
#1880 = DIRECTION ( 'NONE',  ( 0.000000000000000000, 0.000000000000000000, -1.000000000000000000 ) ) ;
#1881 =( LENGTH_UNIT ( ) NAMED_UNIT ( * ) SI_UNIT ( .MILLI., .METRE. ) );
#1882 = DIRECTION ( 'NONE',  ( -1.000000000000000000, -0.000000000000000000, -0.000000000000000000 ) ) ;
#1883 = CIRCLE ( 'NONE', #831, 0.1000000000000000472 ) ;
#1884 = ORIENTED_EDGE ( 'NONE', *, *, #2696, .T. ) ;
#1885 = SURFACE_SIDE_STYLE ('',( #2120 ) ) ;
#1886 = AXIS2_PLACEMENT_3D ( 'NONE', #3500, #3489, #2054 ) ;
#1887 = STYLED_ITEM ( 'NONE', ( #2142 ), #1346 ) ;
#1888 = DIRECTION ( 'NONE',  ( 0.000000000000000000, 0.000000000000000000, -1.000000000000000000 ) ) ;
#1889 = LINE ( 'NONE', #3026, #1103 ) ;
#1890 = CARTESIAN_POINT ( 'NONE',  ( 0.6179140608302404747, 1.499995558710895072, -0.05924690597950211385 ) ) ;
#1891 = EDGE_LOOP ( 'NONE', ( #299, #1771, #1096 ) ) ;
#1892 = PRODUCT_DEFINITION_CONTEXT ( 'detailed design', #999, 'design' ) ;
#1893 = CARTESIAN_POINT ( 'NONE',  ( 0.000000000000000000, 0.000000000000000000, 0.000000000000000000 ) ) ;
#1894 = EDGE_CURVE ( 'NONE', #1247, #2821, #2002, .T. ) ;
#1895 = LINE ( 'NONE', #3032, #2491 ) ;
#1896 = ORIENTED_EDGE ( 'NONE', *, *, #2143, .T. ) ;
#1897 = CARTESIAN_POINT ( 'NONE',  ( -0.5000000000000000000, 4.984500000000000597, -4.115000000000000213 ) ) ;
#1898 = VERTEX_POINT ( 'NONE', #3436 ) ;
#1899 = PLANE ( 'NONE',  #1860 ) ;
#1900 = CARTESIAN_POINT ( 'NONE',  ( -0.7551564589183870080, -1.459017335549511074, -0.05373510268107695859 ) ) ;
#1901 = VERTEX_POINT ( 'NONE', #331 ) ;
#1902 = COLOUR_RGB ( '',0.4274509803921568429, 0.4470588235294117307, 0.4274509803921568429 ) ;
#1903 = ADVANCED_FACE ( 'NONE', ( #3419 ), #425, .T. ) ;
#1904 = CYLINDRICAL_SURFACE ( 'NONE', #1838, 0.1000000000000000472 ) ;
#1905 = CARTESIAN_POINT ( 'NONE',  ( -0.7600000000000000089, -1.399999999999999245, -0.1000000000000001305 ) ) ;
#1906 = FACE_OUTER_BOUND ( 'NONE', #2755, .T. ) ;
#1907 = ORIENTED_EDGE ( 'NONE', *, *, #1364, .F. ) ;
#1908 = COLOUR_RGB ( '',0.4274509803921568429, 0.4470588235294117307, 0.4274509803921568429 ) ;
#1909 =( NAMED_UNIT ( * ) PLANE_ANGLE_UNIT ( ) SI_UNIT ( $, .RADIAN. ) );
#1910 = COLOUR_RGB ( '',0.6901960784313725394, 0.6117647058823529882, 0.5294117647058823595 ) ;
#1911 = VECTOR ( 'NONE', #1312, 1000.000000000000000 ) ;
#1912 = DIRECTION ( 'NONE',  ( -1.000000000000000000, -0.000000000000000000, -0.000000000000000000 ) ) ;
#1913 = ORIENTED_EDGE ( 'NONE', *, *, #3669, .T. ) ;
#1914 = ADVANCED_FACE ( 'NONE', ( #644 ), #2822, .F. ) ;
#1915 = ORIENTED_EDGE ( 'NONE', *, *, #1614, .T. ) ;
#1916 = PRESENTATION_STYLE_ASSIGNMENT (( #3567 ) ) ;
#1917 = UNCERTAINTY_MEASURE_WITH_UNIT (LENGTH_MEASURE( 1.000000000000000082E-05 ), #777, 'distance_accuracy_value', 'NONE');
#1918 = CARTESIAN_POINT ( 'NONE',  ( -0.6593335774253690218, -1.499995558710895294, -0.1006664225746305708 ) ) ;
#1919 = ORIENTED_EDGE ( 'NONE', *, *, #634, .T. ) ;
#1920 = ORIENTED_EDGE ( 'NONE', *, *, #2889, .T. ) ;
#1921 = CARTESIAN_POINT ( 'NONE',  ( 0.6600000000000000311, 1.500000000000000000, -0.8149999999999997247 ) ) ;
#1922 = CYLINDRICAL_SURFACE ( 'NONE', #1954, 0.5000000000000000000 ) ;
#1923 = DIRECTION ( 'NONE',  ( 0.000000000000000000, 1.000000000000000000, 0.000000000000000000 ) ) ;
#1924 = CARTESIAN_POINT ( 'NONE',  ( -1.750000000000000000, -3.000000000000000000, -4.315000000000000391 ) ) ;
#1925 = UNCERTAINTY_MEASURE_WITH_UNIT (LENGTH_MEASURE( 1.000000000000000082E-05 ), #541, 'distance_accuracy_value', 'NONE');
#1926 = CARTESIAN_POINT ( 'NONE',  ( 0.5000000000000000000, 3.720000000000000195, -3.464999999999999858 ) ) ;
#1927 = FILL_AREA_STYLE ('',( #1699 ) ) ;
#1928 = ORIENTED_EDGE ( 'NONE', *, *, #2930, .F. ) ;
#1929 = CARTESIAN_POINT ( 'NONE',  ( 0.5000000000000000000, 2.500000000000000000, -0.8149999999999999467 ) ) ;
#1930 = FILL_AREA_STYLE ('',( #1648 ) ) ;
#1931 = ORIENTED_EDGE ( 'NONE', *, *, #1387, .F. ) ;
#1932 = FILL_AREA_STYLE_COLOUR ( '', #868 ) ;
#1933 =( NAMED_UNIT ( * ) SI_UNIT ( $, .STERADIAN. ) SOLID_ANGLE_UNIT ( ) );
#1934 = VERTEX_POINT ( 'NONE', #2237 ) ;
#1935 = ORIENTED_EDGE ( 'NONE', *, *, #185, .F. ) ;
#1936 = PRESENTATION_STYLE_ASSIGNMENT (( #1416 ) ) ;
#1937 = ADVANCED_FACE ( 'NONE', ( #2025 ), #3150, .T. ) ;
#1938 = VECTOR ( 'NONE', #3015, 1000.000000000000000 ) ;
#1939 = CARTESIAN_POINT ( 'NONE',  ( -0.5000000000000000000, -4.519999999999999574, -3.865000000000000213 ) ) ;
#1940 = PRESENTATION_STYLE_ASSIGNMENT (( #2295 ) ) ;
#1941 = STYLED_ITEM ( 'NONE', ( #2531 ), #1145 ) ;
#1942 = ORIENTED_EDGE ( 'NONE', *, *, #2357, .T. ) ;
#1943 = CARTESIAN_POINT ( 'NONE',  ( 0.7307106781186547551, 1.399999999999999911, -0.02928932188134541342 ) ) ;
#1944 = VECTOR ( 'NONE', #3629, 1000.000000000000000 ) ;
#1945 = AXIS2_PLACEMENT_3D ( 'NONE', #652, #686, #1766 ) ;
#1946 = LINE ( 'NONE', #2892, #3450 ) ;
#1947 = SURFACE_SIDE_STYLE ('',( #290 ) ) ;
#1948 = EDGE_CURVE ( 'NONE', #819, #2554, #621, .T. ) ;
#1949 = FACE_OUTER_BOUND ( 'NONE', #2405, .T. ) ;
#1950 = ORIENTED_EDGE ( 'NONE', *, *, #2232, .T. ) ;
#1951 = DIRECTION ( 'NONE',  ( 0.000000000000000000, 0.000000000000000000, -1.000000000000000000 ) ) ;
#1952 = EDGE_LOOP ( 'NONE', ( #761, #2884, #335, #2657, #300, #3634, #1935, #577, #408, #3073, #988, #1556, #2857, #505 ) ) ;
#1953 = DIRECTION ( 'NONE',  ( 0.000000000000000000, 0.000000000000000000, 1.000000000000000000 ) ) ;
#1954 = AXIS2_PLACEMENT_3D ( 'NONE', #2565, #37, #3408 ) ;
#1955 = DIRECTION ( 'NONE',  ( 0.000000000000000000, -0.000000000000000000, -1.000000000000000000 ) ) ;
#1956 = ORIENTED_EDGE ( 'NONE', *, *, #2539, .F. ) ;
#1957 = ORIENTED_EDGE ( 'NONE', *, *, #2734, .F. ) ;
#1958 = DIRECTION ( 'NONE',  ( 0.000000000000000000, 0.000000000000000000, 1.000000000000000000 ) ) ;
#1959 =( LENGTH_UNIT ( ) NAMED_UNIT ( * ) SI_UNIT ( .MILLI., .METRE. ) );
#1960 = EDGE_CURVE ( 'NONE', #1281, #1682, #352, .T. ) ;
#1961 = LINE ( 'NONE', #2228, #3277 ) ;
#1962 = VECTOR ( 'NONE', #2496, 1000.000000000000000 ) ;
#1963 = VERTEX_POINT ( 'NONE', #2318 ) ;
#1964 = LINE ( 'NONE', #1150, #2905 ) ;
#1965 = EDGE_CURVE ( 'NONE', #2554, #918, #1883, .T. ) ;
#1966 = CARTESIAN_POINT ( 'NONE',  ( 0.6729893975780422144, -2.139137121841389266, -0.4074999999999999178 ) ) ;
#1967 = CARTESIAN_POINT ( 'NONE',  ( -0.5000000000000000000, -3.970000000000000639, -3.865000000000000213 ) ) ;
#1968 = CARTESIAN_POINT ( 'NONE',  ( 1.750000000000000000, 0.000000000000000000, 0.000000000000000000 ) ) ;
#1969 = CARTESIAN_POINT ( 'NONE',  ( -0.9000000000000003553, 2.265685424910037771, -0.4074999999999999734 ) ) ;
#1970 = VECTOR ( 'NONE', #388, 1000.000000000000000 ) ;
#1971 = VERTEX_POINT ( 'NONE', #3096 ) ;
#1972 = CARTESIAN_POINT ( 'NONE',  ( 0.9000000000000001332, -2.500000000000000444, -0.5074999999999999512 ) ) ;
#1973 = LINE ( 'NONE', #29, #1089 ) ;
#1974 = MECHANICAL_DESIGN_GEOMETRIC_PRESENTATION_REPRESENTATION (  '', ( #3590 ), #3476 ) ;
#1975 = DIRECTION ( 'NONE',  ( -0.000000000000000000, -0.000000000000000000, 1.000000000000000000 ) ) ;
#1976 = VECTOR ( 'NONE', #880, 1000.000000000000000 ) ;
#1977 = ORIENTED_EDGE ( 'NONE', *, *, #1558, .T. ) ;
#1978 = DIRECTION ( 'NONE',  ( 0.000000000000000000, 1.000000000000000000, 0.000000000000000000 ) ) ;
#1979 = DIRECTION ( 'NONE',  ( 1.000000000000000000, -0.000000000000000000, -0.000000000000000000 ) ) ;
#1980 = CARTESIAN_POINT ( 'NONE',  ( 0.9000000000000002442, 2.500000000042399861, -0.4074999999999999178 ) ) ;
#1981 = PRESENTATION_STYLE_ASSIGNMENT (( #810 ) ) ;
#1982 = ORIENTED_EDGE ( 'NONE', *, *, #153, .F. ) ;
#1983 = CARTESIAN_POINT ( 'NONE',  ( 0.6973906074834863578, -2.151815132275763265, -0.4074999999999999734 ) ) ;
#1984 = ADVANCED_FACE ( 'NONE', ( #584 ), #562, .T. ) ;
#1985 = DIRECTION ( 'NONE',  ( -0.000000000000000000, -1.000000000000000000, -0.000000000000000000 ) ) ;
#1986 = DIRECTION ( 'NONE',  ( -1.000000000000000000, 0.000000000000000000, 0.000000000000000000 ) ) ;
#1987 = CARTESIAN_POINT ( 'NONE',  ( -0.4999999999156005126, 2.100000000000000089, -0.4074999999999999178 ) ) ;
#1988 = EDGE_CURVE ( 'NONE', #2347, #2119, #1769, .T. ) ;
#1989 = ORIENTED_EDGE ( 'NONE', *, *, #2006, .F. ) ;
#1990 = CARTESIAN_POINT ( 'NONE',  ( -1.000000000000000000, -1.500000000000000222, -4.065000000000001279 ) ) ;
#1991 = CARTESIAN_POINT ( 'NONE',  ( -1.000000000000000000, -3.000000000000000000, -4.315000000000000391 ) ) ;
#1992 = ORIENTED_EDGE ( 'NONE', *, *, #556, .T. ) ;
#1993 = DIRECTION ( 'NONE',  ( 0.000000000000000000, 0.000000000000000000, -1.000000000000000000 ) ) ;
#1994 = CARTESIAN_POINT ( 'NONE',  ( -0.9000000000000001332, 2.500000000000000444, -0.4074999999999999178 ) ) ;
#1995 = FILL_AREA_STYLE ('',( #3406 ) ) ;
#1996 = EDGE_CURVE ( 'NONE', #2265, #108, #362, .T. ) ;
#1997 =( LENGTH_UNIT ( ) NAMED_UNIT ( * ) SI_UNIT ( .MILLI., .METRE. ) );
#1998 = SURFACE_STYLE_FILL_AREA ( #1148 ) ;
#1999 = ORIENTED_EDGE ( 'NONE', *, *, #563, .F. ) ;
#2000 = CARTESIAN_POINT ( 'NONE',  ( 0.7007530940204986791, 1.499995558710895072, -0.1420859391697605612 ) ) ;
#2001 = LINE ( 'NONE', #65, #109 ) ;
#2002 = CIRCLE ( 'NONE', #532, 0.2500000000000000000 ) ;
#2003 = STYLED_ITEM ( 'NONE', ( #2646 ), #1217 ) ;
#2004 = DIRECTION ( 'NONE',  ( 0.000000000000000000, 1.000000000000000000, 0.000000000000000000 ) ) ;
#2005 = DIRECTION ( 'NONE',  ( 0.000000000000000000, -1.000000000000000000, 0.000000000000000000 ) ) ;
#2006 = EDGE_CURVE ( 'NONE', #1934, #2915, #158, .T. ) ;
#2007 = DIRECTION ( 'NONE',  ( 0.000000000000000000, -0.000000000000000000, 1.000000000000000000 ) ) ;
#2008 = VERTEX_POINT ( 'NONE', #107 ) ;
#2009 = LINE ( 'NONE', #1119, #1552 ) ;
#2010 = DIRECTION ( 'NONE',  ( 1.000000000000000000, 0.000000000000000000, 0.000000000000000000 ) ) ;
#2011 = DIRECTION ( 'NONE',  ( 0.000000000000000000, 0.000000000000000000, 1.000000000000000000 ) ) ;
#2012 = ORIENTED_EDGE ( 'NONE', *, *, #3155, .F. ) ;
#2013 = DIRECTION ( 'NONE',  ( 0.000000000000000000, 0.000000000000000000, -1.000000000000000000 ) ) ;
#2014 = CARTESIAN_POINT ( 'NONE',  ( 0.5000000000000000000, -2.500000000000000000, -0.8149999999999999467 ) ) ;
#2015 = CIRCLE ( 'NONE', #1725, 0.5499999999999997113 ) ;
#2016 = FILL_AREA_STYLE_COLOUR ( '', #267 ) ;
#2017 = SURFACE_SIDE_STYLE ('',( #2248 ) ) ;
#2018 = ORIENTED_EDGE ( 'NONE', *, *, #2592, .T. ) ;
#2019 = CARTESIAN_POINT ( 'NONE',  ( 0.7724422362932755748, 1.399999999999996803, -0.07102088005596619846 ) ) ;
#2020 = EDGE_CURVE ( 'NONE', #27, #288, #717, .T. ) ;
#2021 = CARTESIAN_POINT ( 'NONE',  ( 0.8882980501770718629, -2.400976402709124713, -0.4075000000000000289 ) ) ;
#2022 = VECTOR ( 'NONE', #1300, 1000.000000000000000 ) ;
#2023 = FILL_AREA_STYLE_COLOUR ( '', #2583 ) ;
#2024 = CARTESIAN_POINT ( 'NONE',  ( -0.5000000000000000000, 0.000000000000000000, -4.115000000000000213 ) ) ;
#2025 = FACE_OUTER_BOUND ( 'NONE', #179, .T. ) ;
#2026 = EDGE_LOOP ( 'NONE', ( #695, #2104, #419, #2217 ) ) ;
#2027 = CARTESIAN_POINT ( 'NONE',  ( -0.5000000000000000000, 0.000000000000000000, -3.165000000000000480 ) ) ;
#2028 = ADVANCED_FACE ( 'NONE', ( #693 ), #1478, .T. ) ;
#2029 = CARTESIAN_POINT ( 'NONE',  ( 0.9585786438196399750, 2.231370849950539803, -0.4074999999999995848 ) ) ;
#2030 = CIRCLE ( 'NONE', #2212, 0.5000000000000000000 ) ;
#2031 = VECTOR ( 'NONE', #2820, 1000.000000000000000 ) ;
#2032 = ORIENTED_EDGE ( 'NONE', *, *, #766, .F. ) ;
#2033 = VECTOR ( 'NONE', #2580, 1000.000000000000000 ) ;
#2034 =( LENGTH_UNIT ( ) NAMED_UNIT ( * ) SI_UNIT ( .MILLI., .METRE. ) );
#2035 = CIRCLE ( 'NONE', #922, 0.1000000000000000056 ) ;
#2036 = CARTESIAN_POINT ( 'NONE',  ( 0.7605517757597369810, -1.441063282180843341, -0.05893671781915667957 ) ) ;
#2037 = ORIENTED_EDGE ( 'NONE', *, *, #2653, .T. ) ;
#2038 = FILL_AREA_STYLE ('',( #2052 ) ) ;
#2039 =( GEOMETRIC_REPRESENTATION_CONTEXT ( 3 ) GLOBAL_UNCERTAINTY_ASSIGNED_CONTEXT ( ( #2129 ) ) GLOBAL_UNIT_ASSIGNED_CONTEXT ( ( #3373, #534, #2280 ) ) REPRESENTATION_CONTEXT ( 'NONE', 'WORKASPACE' ) );
#2040 = SURFACE_STYLE_FILL_AREA ( #2906 ) ;
#2041 =( NAMED_UNIT ( * ) PLANE_ANGLE_UNIT ( ) SI_UNIT ( $, .RADIAN. ) );
#2042 = FACE_OUTER_BOUND ( 'NONE', #379, .T. ) ;
#2043 =( BOUNDED_SURFACE ( )  B_SPLINE_SURFACE ( 3, 3, ( 
 ( #2945, #698, #3492, #1822 ),
 ( #1515, #1547, #3524, #2665 ),
 ( #2649, #410, #1528, #163 ),
 ( #2929, #1262, #2061, #943 ) ),
 .UNSPECIFIED., .F., .F., .F. ) 
 B_SPLINE_SURFACE_WITH_KNOTS ( ( 4, 4 ),
 ( 4, 4 ),
 ( 0.000000000000000000, 1.000000000000000000 ),
 ( 0.000000000000000000, 1.000000000000000000 ),
 .UNSPECIFIED. ) 
 GEOMETRIC_REPRESENTATION_ITEM ( )  RATIONAL_B_SPLINE_SURFACE ( (
 ( 1.000000000000000000, 0.8047378540746317199, 0.8047378540746317199, 1.000000000000000000),
 ( 0.8047378541243641603, 0.6476030138206648745, 0.6476030138206648745, 0.8047378541243641603),
 ( 0.8047378541243641603, 0.6476030138206648745, 0.6476030138206648745, 0.8047378541243641603),
 ( 1.000000000000000000, 0.8047378540746317199, 0.8047378540746317199, 1.000000000000000000) ) ) 
 REPRESENTATION_ITEM ( '' )  SURFACE ( )  );
#2044 = ORIENTED_EDGE ( 'NONE', *, *, #200, .F. ) ;
#2045 = CYLINDRICAL_SURFACE ( 'NONE', #496, 0.1000000000000000056 ) ;
#2046 = DIRECTION ( 'NONE',  ( -0.000000000000000000, -0.000000000000000000, 1.000000000000000000 ) ) ;
#2047 = ORIENTED_EDGE ( 'NONE', *, *, #2182, .F. ) ;
#2048 = FACE_OUTER_BOUND ( 'NONE', #2395, .T. ) ;
#2049 = EDGE_CURVE ( 'NONE', #2265, #2141, #475, .T. ) ;
#2050 = DIRECTION ( 'NONE',  ( 1.000000000000000000, 2.120005559991254916E-10, 0.000000000000000000 ) ) ;
#2051 = ORIENTED_EDGE ( 'NONE', *, *, #3516, .F. ) ;
#2052 = FILL_AREA_STYLE_COLOUR ( '', #1770 ) ;
#2053 = DIRECTION ( 'NONE',  ( -1.000000000000000000, 0.000000000000000000, 0.000000000000000000 ) ) ;
#2054 = DIRECTION ( 'NONE',  ( 0.000000000000000000, 0.000000000000000000, -1.000000000000000000 ) ) ;
#2055 = DIRECTION ( 'NONE',  ( 0.000000000000000000, 0.000000000000000000, -1.000000000000000000 ) ) ;
#2056 =( GEOMETRIC_REPRESENTATION_CONTEXT ( 3 ) GLOBAL_UNCERTAINTY_ASSIGNED_CONTEXT ( ( #240 ) ) GLOBAL_UNIT_ASSIGNED_CONTEXT ( ( #1542, #1496, #2893 ) ) REPRESENTATION_CONTEXT ( 'NONE', 'WORKASPACE' ) );
#2057 = MECHANICAL_DESIGN_GEOMETRIC_PRESENTATION_REPRESENTATION (  '', ( #1423 ), #3499 ) ;
#2058 = ADVANCED_FACE ( 'NONE', ( #2042 ), #979, .T. ) ;
#2059 = ORIENTED_EDGE ( 'NONE', *, *, #1201, .F. ) ;
#2060 = DIRECTION ( 'NONE',  ( -0.000000000000000000, -1.000000000000000000, -0.000000000000000000 ) ) ;
#2061 = CARTESIAN_POINT ( 'NONE',  ( 0.7928932187569545098, -1.999999999938200101, -0.5074999999999999512 ) ) ;
#2062 = COLOUR_RGB ( '',0.6901960784313725394, 0.6117647058823529882, 0.5294117647058823595 ) ;
#2063 = CIRCLE ( 'NONE', #2611, 0.5000000000000000000 ) ;
#2064 = CARTESIAN_POINT ( 'NONE',  ( -0.7600000000000000089, 1.399999999999999911, -0.8149999999999997247 ) ) ;
#2065 = ORIENTED_EDGE ( 'NONE', *, *, #764, .F. ) ;
#2066 = SURFACE_STYLE_FILL_AREA ( #930 ) ;
#2067 = SURFACE_STYLE_USAGE ( .BOTH. , #415 ) ;
#2068 = STYLED_ITEM ( 'NONE', ( #1866 ), #129 ) ;
#2069 = PLANE ( 'NONE',  #735 ) ;
#2070 = ORIENTED_EDGE ( 'NONE', *, *, #3510, .F. ) ;
#2071 = DIRECTION ( 'NONE',  ( 0.000000000000000000, 0.000000000000000000, -1.000000000000000000 ) ) ;
#2072 = EDGE_CURVE ( 'NONE', #3309, #2259, #2783, .T. ) ;
#2073 = AXIS2_PLACEMENT_3D ( 'NONE', #3598, #793, #1094 ) ;
#2074 = LINE ( 'NONE', #1493, #1970 ) ;
#2075 =( GEOMETRIC_REPRESENTATION_CONTEXT ( 3 ) GLOBAL_UNCERTAINTY_ASSIGNED_CONTEXT ( ( #1079 ) ) GLOBAL_UNIT_ASSIGNED_CONTEXT ( ( #847, #1654, #3664 ) ) REPRESENTATION_CONTEXT ( 'NONE', 'WORKASPACE' ) );
#2076 = PLANE ( 'NONE',  #3381 ) ;
#2077 =( GEOMETRIC_REPRESENTATION_CONTEXT ( 3 ) GLOBAL_UNCERTAINTY_ASSIGNED_CONTEXT ( ( #1270 ) ) GLOBAL_UNIT_ASSIGNED_CONTEXT ( ( #662, #1520, #146 ) ) REPRESENTATION_CONTEXT ( 'NONE', 'WORKASPACE' ) );
#2078 = ADVANCED_FACE ( 'NONE', ( #3211 ), #673, .F. ) ;
#2079 = SURFACE_STYLE_USAGE ( .BOTH. , #958 ) ;
#2080 = AXIS2_PLACEMENT_3D ( 'NONE', #1483, #396, #711 ) ;
#2081 = ORIENTED_EDGE ( 'NONE', *, *, #1785, .T. ) ;
#2082 =( NAMED_UNIT ( * ) PLANE_ANGLE_UNIT ( ) SI_UNIT ( $, .RADIAN. ) );
#2083 = FILL_AREA_STYLE_COLOUR ( '', #1152 ) ;
#2084 = DIRECTION ( 'NONE',  ( -1.000000000000000000, 0.000000000000000000, 0.000000000000000000 ) ) ;
#2085 = FILL_AREA_STYLE_COLOUR ( '', #895 ) ;
#2086 = DIRECTION ( 'NONE',  ( -0.000000000000000000, -0.000000000000000000, 1.000000000000000000 ) ) ;
#2087 = CARTESIAN_POINT ( 'NONE',  ( -0.5000000000000000000, -2.000000000000000000, -0.8149999999999999467 ) ) ;
#2088 = VECTOR ( 'NONE', #1189, 1000.000000000000000 ) ;
#2089 = CARTESIAN_POINT ( 'NONE',  ( -0.5000000000000000000, 4.984500000000000597, 0.000000000000000000 ) ) ;
#2090 = PLANE ( 'NONE',  #2750 ) ;
#2091 = VECTOR ( 'NONE', #820, 1000.000000000000000 ) ;
#2092 = ORIENTED_EDGE ( 'NONE', *, *, #2770, .F. ) ;
#2093 = FACE_OUTER_BOUND ( 'NONE', #3571, .T. ) ;
#2094 = VECTOR ( 'NONE', #830, 1000.000000000000000 ) ;
#2095 = DIRECTION ( 'NONE',  ( 0.000000000000000000, 0.000000000000000000, -1.000000000000000000 ) ) ;
#2096 = EDGE_CURVE ( 'NONE', #501, #3368, #3580, .T. ) ;
#2097 = ORIENTED_EDGE ( 'NONE', *, *, #764, .T. ) ;
#2098 = FILL_AREA_STYLE_COLOUR ( '', #123 ) ;
#2099 = FACE_OUTER_BOUND ( 'NONE', #360, .T. ) ;
#2100 = EDGE_CURVE ( 'NONE', #759, #3578, #3612, .T. ) ;
#2101 = DIRECTION ( 'NONE',  ( 1.000000000000000000, -0.000000000000000000, -0.000000000000000000 ) ) ;
#2102 = CARTESIAN_POINT ( 'NONE',  ( -0.5000000000000000000, -4.519999999999999574, -3.865000000000000213 ) ) ;
#2103 = UNCERTAINTY_MEASURE_WITH_UNIT (LENGTH_MEASURE( 1.000000000000000082E-05 ), #3562, 'distance_accuracy_value', 'NONE');
#2104 = ORIENTED_EDGE ( 'NONE', *, *, #1070, .F. ) ;
#2105 = ADVANCED_FACE ( 'NONE', ( #1054 ), #3053, .T. ) ;
#2106 = CARTESIAN_POINT ( 'NONE',  ( 0.6599999999999996980, -1.512442236293275677, -0.07102088005596629561 ) ) ;
#2107 = CYLINDRICAL_SURFACE ( 'NONE', #346, 0.5499999999999997113 ) ;
#2108 = ORIENTED_EDGE ( 'NONE', *, *, #2387, .T. ) ;
#2109 = VERTEX_POINT ( 'NONE', #3597 ) ;
#2110 = VECTOR ( 'NONE', #1448, 1000.000000000000000 ) ;
#2111 = DIRECTION ( 'NONE',  ( 0.000000000000000000, -1.000000000000000000, -0.000000000000000000 ) ) ;
#2112 = PRESENTATION_LAYER_ASSIGNMENT (  '', '', ( #2954 ) ) ;
#2113 = STYLED_ITEM ( 'NONE', ( #2276 ), #1279 ) ;
#2114 = DIRECTION ( 'NONE',  ( 0.000000000000000000, -4.336808689942017736E-15, 1.000000000000000000 ) ) ;
#2115 = CARTESIAN_POINT ( 'NONE',  ( -0.5000000000000000000, 4.984500000000000597, -4.115000000000000213 ) ) ;
#2116 = VECTOR ( 'NONE', #894, 1000.000000000000000 ) ;
#2117 =( GEOMETRIC_REPRESENTATION_CONTEXT ( 3 ) GLOBAL_UNCERTAINTY_ASSIGNED_CONTEXT ( ( #1297 ) ) GLOBAL_UNIT_ASSIGNED_CONTEXT ( ( #2989, #1871, #787 ) ) REPRESENTATION_CONTEXT ( 'NONE', 'WORKASPACE' ) );
#2118 = CARTESIAN_POINT ( 'NONE',  ( -0.6599999999999998090, 1.470041115078380534, -0.1713739602276426743 ) ) ;
#2119 = VERTEX_POINT ( 'NONE', #2757 ) ;
#2120 = SURFACE_STYLE_FILL_AREA ( #739 ) ;
#2121 = VECTOR ( 'NONE', #3037, 1000.000000000000000 ) ;
#2122 = CARTESIAN_POINT ( 'NONE',  ( 0.6600000000000000311, 1.399999999999999911, -0.1000000000000002554 ) ) ;
#2123 = CARTESIAN_POINT ( 'NONE',  ( 1.500000000000000000, -2.750000000000000000, -0.8149999999999999467 ) ) ;
#2124 = EDGE_CURVE ( 'NONE', #2604, #486, #1370, .T. ) ;
#2125 = DIRECTION ( 'NONE',  ( 0.000000000000000000, -1.000000000000000000, -0.000000000000000000 ) ) ;
#2126 = VERTEX_POINT ( 'NONE', #2154 ) ;
#2127 = VECTOR ( 'NONE', #1670, 1000.000000000000000 ) ;
#2128 = CARTESIAN_POINT ( 'NONE',  ( -0.5499443026826350556, -2.102340389964586720, -0.4074999999999999734 ) ) ;
#2129 = UNCERTAINTY_MEASURE_WITH_UNIT (LENGTH_MEASURE( 1.000000000000000082E-05 ), #3373, 'distance_accuracy_value', 'NONE');
#2130 = STYLED_ITEM ( 'NONE', ( #2216 ), #743 ) ;
#2131 = ORIENTED_EDGE ( 'NONE', *, *, #1502, .F. ) ;
#2132 = VECTOR ( 'NONE', #987, 1000.000000000000000 ) ;
#2133 = ORIENTED_EDGE ( 'NONE', *, *, #1080, .T. ) ;
#2134 = CARTESIAN_POINT ( 'NONE',  ( 1.000000000000000000, -1.500000000000000222, -4.065000000000001279 ) ) ;
#2135 = STYLED_ITEM ( 'NONE', ( #1235 ), #2401 ) ;
#2136 =( NAMED_UNIT ( * ) PLANE_ANGLE_UNIT ( ) SI_UNIT ( $, .RADIAN. ) );
#2137 = ORIENTED_EDGE ( 'NONE', *, *, #2193, .T. ) ;
#2138 = FILL_AREA_STYLE ('',( #3005 ) ) ;
#2139 = DIRECTION ( 'NONE',  ( -0.000000000000000000, 1.000000000000000000, 0.000000000000000000 ) ) ;
#2140 = FILL_AREA_STYLE ('',( #3589 ) ) ;
#2141 = VERTEX_POINT ( 'NONE', #2214 ) ;
#2142 = PRESENTATION_STYLE_ASSIGNMENT (( #1085 ) ) ;
#2143 = EDGE_CURVE ( 'NONE', #1447, #316, #1014, .T. ) ;
#2144 = MECHANICAL_DESIGN_GEOMETRIC_PRESENTATION_REPRESENTATION (  '', ( #1853 ), #1793 ) ;
#2145 = EDGE_CURVE ( 'NONE', #1901, #1254, #2773, .T. ) ;
#2146 = FILL_AREA_STYLE ('',( #2970 ) ) ;
#2147 = AXIS2_PLACEMENT_3D ( 'NONE', #2575, #3134, #48 ) ;
#2148 = LINE ( 'NONE', #742, #2878 ) ;
#2149 = EDGE_CURVE ( 'NONE', #2748, #1331, #542, .T. ) ;
#2150 = CARTESIAN_POINT ( 'NONE',  ( 0.6889791199440341574, 1.399999999999998135, 0.01244223629327540631 ) ) ;
#2151 = VERTEX_POINT ( 'NONE', #3286 ) ;
#2152 = STYLED_ITEM ( 'NONE', ( #3617 ), #205 ) ;
#2153 = COLOUR_RGB ( '',0.6901960784313725394, 0.6117647058823529882, 0.5294117647058823595 ) ;
#2154 = CARTESIAN_POINT ( 'NONE',  ( 0.5000000000000000000, -4.519999999999999574, -4.115000000000000213 ) ) ;
#2155 = ORIENTED_EDGE ( 'NONE', *, *, #3633, .F. ) ;
#2156 = SURFACE_STYLE_FILL_AREA ( #3017 ) ;
#2157 =( LENGTH_UNIT ( ) NAMED_UNIT ( * ) SI_UNIT ( .MILLI., .METRE. ) );
#2158 = CARTESIAN_POINT ( 'NONE',  ( -0.7600000000000000089, 1.500000000000000000, -0.1000000000000000472 ) ) ;
#2159 = ORIENTED_EDGE ( 'NONE', *, *, #2020, .T. ) ;
#2160 = DIRECTION ( 'NONE',  ( 0.000000000000000000, 0.000000000000000000, 1.000000000000000000 ) ) ;
#2161 = DIRECTION ( 'NONE',  ( 1.000000000000000000, 0.000000000000000000, 0.000000000000000000 ) ) ;
#2162 = PRESENTATION_STYLE_ASSIGNMENT (( #1045 ) ) ;
#2163 = ORIENTED_EDGE ( 'NONE', *, *, #3633, .T. ) ;
#2164 = CARTESIAN_POINT ( 'NONE',  ( -0.5000000000000000000, -3.720000000000000195, -3.165000000000000480 ) ) ;
#2165 = EDGE_CURVE ( 'NONE', #3458, #1433, #746, .T. ) ;
#2166 = CARTESIAN_POINT ( 'NONE',  ( 1.000000000000000000, 1.500000000000000222, -4.315000000000000391 ) ) ;
#2167 = CARTESIAN_POINT ( 'NONE',  ( -1.750000000000000000, 2.750000000000000000, -4.315000000000000391 ) ) ;
#2168 = CARTESIAN_POINT ( 'NONE',  ( 0.6593335774253692438, 1.499995558710894850, -0.1006664225746309038 ) ) ;
#2169 = ORIENTED_EDGE ( 'NONE', *, *, #200, .T. ) ;
#2170 = DIRECTION ( 'NONE',  ( 0.000000000000000000, 1.000000000000000000, -0.000000000000000000 ) ) ;
#2171 = CARTESIAN_POINT ( 'NONE',  ( 0.5000000000000000000, 3.720000000000000195, -3.714999999999999858 ) ) ;
#2172 = EDGE_LOOP ( 'NONE', ( #1357, #2977, #2490, #3538 ) ) ;
#2173 = DIRECTION ( 'NONE',  ( 1.000000000000000000, 0.000000000000000000, 0.000000000000000000 ) ) ;
#2174 = VERTEX_POINT ( 'NONE', #815 ) ;
#2175 = LINE ( 'NONE', #2158, #3564 ) ;
#2176 = ADVANCED_FACE ( 'NONE', ( #3070 ), #531, .T. ) ;
#2177 = ORIENTED_EDGE ( 'NONE', *, *, #2823, .T. ) ;
#2178 = SURFACE_STYLE_FILL_AREA ( #3640 ) ;
#2179 = UNCERTAINTY_MEASURE_WITH_UNIT (LENGTH_MEASURE( 1.000000000000000082E-05 ), #1959, 'distance_accuracy_value', 'NONE');
#2180 = AXIS2_PLACEMENT_3D ( 'NONE', #186, #3361, #2410 ) ;
#2181 = ORIENTED_EDGE ( 'NONE', *, *, #766, .T. ) ;
#2182 = EDGE_CURVE ( 'NONE', #386, #839, #1347, .T. ) ;
#2183 =( GEOMETRIC_REPRESENTATION_CONTEXT ( 3 ) GLOBAL_UNCERTAINTY_ASSIGNED_CONTEXT ( ( #446 ) ) GLOBAL_UNIT_ASSIGNED_CONTEXT ( ( #1313, #2187, #515 ) ) REPRESENTATION_CONTEXT ( 'NONE', 'WORKASPACE' ) );
#2184 = LINE ( 'NONE', #3066, #2489 ) ;
#2185 = DIRECTION ( 'NONE',  ( -0.000000000000000000, -0.000000000000000000, -1.000000000000000000 ) ) ;
#2186 =( BOUNDED_SURFACE ( )  B_SPLINE_SURFACE ( 3, 3, ( 
 ( #2477, #3570, #3622, #3345 ),
 ( #2444, #2747, #1900, #226 ),
 ( #1343, #3042, #241, #1082 ),
 ( #1288, #2203, #805, #1918 ) ),
 .UNSPECIFIED., .F., .F., .F. ) 
 B_SPLINE_SURFACE_WITH_KNOTS ( ( 4, 4 ),
 ( 4, 4 ),
 ( 0.000000000000000000, 1.000000000000000000 ),
 ( 0.000000000000000000, 1.000000000000000000 ),
 .UNSPECIFIED. ) 
 GEOMETRIC_REPRESENTATION_ITEM ( )  RATIONAL_B_SPLINE_SURFACE ( (
 ( 1.000000000000000000, 0.8047378541243531691, 0.8047378541243531691, 1.000000000000000000),
 ( 0.8025111867385926745, 0.6458111303268031511, 0.6458111303268031511, 0.8025111867385926745),
 ( 0.8025111867385926745, 0.6458111303268031511, 0.6458111303268031511, 0.8025111867385926745),
 ( 1.000000000000000000, 0.8047378541243531691, 0.8047378541243531691, 1.000000000000000000) ) ) 
 REPRESENTATION_ITEM ( '' )  SURFACE ( )  );
#2187 =( NAMED_UNIT ( * ) PLANE_ANGLE_UNIT ( ) SI_UNIT ( $, .RADIAN. ) );
#2188 = ORIENTED_EDGE ( 'NONE', *, *, #712, .T. ) ;
#2189 = ADVANCED_FACE ( 'NONE', ( #1816 ), #197, .T. ) ;
#2190 = SURFACE_SIDE_STYLE ('',( #1644 ) ) ;
#2191 = FILL_AREA_STYLE_COLOUR ( '', #2971 ) ;
#2192 = LINE ( 'NONE', #483, #2566 ) ;
#2193 = EDGE_CURVE ( 'NONE', #1706, #27, #230, .T. ) ;
#2194 = STYLED_ITEM ( 'NONE', ( #2733 ), #1408 ) ;
#2195 = ORIENTED_EDGE ( 'NONE', *, *, #3414, .T. ) ;
#2196 = AXIS2_PLACEMENT_3D ( 'NONE', #2633, #2664, #1213 ) ;
#2197 = LINE ( 'NONE', #818, #345 ) ;
#2198 = AXIS2_PLACEMENT_3D ( 'NONE', #2642, #116, #1236 ) ;
#2199 = VERTEX_POINT ( 'NONE', #3311 ) ;
#2200 = DIRECTION ( 'NONE',  ( 1.000000000000000000, 0.000000000000000000, 0.000000000000000000 ) ) ;
#2201 = DIRECTION ( 'NONE',  ( 0.000000000000000000, 0.000000000000000000, -1.000000000000000000 ) ) ;
#2202 = VECTOR ( 'NONE', #3511, 1000.000000000000000 ) ;
#2203 = CARTESIAN_POINT ( 'NONE',  ( -0.7300411150783827630, -1.458576042115764970, -0.1713739602276444229 ) ) ;
#2204 = ORIENTED_EDGE ( 'NONE', *, *, #2124, .T. ) ;
#2205 = ORIENTED_EDGE ( 'NONE', *, *, #257, .F. ) ;
#2206 = CARTESIAN_POINT ( 'NONE',  ( -0.9000000000000001332, 2.999999999999999112, -0.4074999999999998623 ) ) ;
#2207 = AXIS2_PLACEMENT_3D ( 'NONE', #2407, #126, #3543 ) ;
#2208 = CARTESIAN_POINT ( 'NONE',  ( 0.7307106781186547551, 1.399999999999998579, -0.02928932188134523648 ) ) ;
#2209 = CARTESIAN_POINT ( 'NONE',  ( -0.5000000000000000000, 3.720000000000000195, -3.714999999999999858 ) ) ;
#2210 = VECTOR ( 'NONE', #1975, 1000.000000000000000 ) ;
#2211 = FILL_AREA_STYLE_COLOUR ( '', #3079 ) ;
#2212 = AXIS2_PLACEMENT_3D ( 'NONE', #944, #112, #411 ) ;
#2213 = COLOUR_RGB ( '',0.6901960784313725394, 0.6117647058823529882, 0.5294117647058823595 ) ;
#2214 = CARTESIAN_POINT ( 'NONE',  ( -0.7600000000000000089, -1.399999999999999689, -0.8149999999999998357 ) ) ;
#2215 = VECTOR ( 'NONE', #1641, 1000.000000000000000 ) ;
#2216 = PRESENTATION_STYLE_ASSIGNMENT (( #2488 ) ) ;
#2217 = ORIENTED_EDGE ( 'NONE', *, *, #3669, .F. ) ;
#2218 = VERTEX_POINT ( 'NONE', #2431 ) ;
#2219 = EDGE_CURVE ( 'NONE', #2793, #1281, #2956, .T. ) ;
#2220 = LINE ( 'NONE', #714, #1546 ) ;
#2221 = ORIENTED_EDGE ( 'NONE', *, *, #3593, .T. ) ;
#2222 = PLANE ( 'NONE',  #1226 ) ;
#2223 = SURFACE_SIDE_STYLE ('',( #2178 ) ) ;
#2224 = CARTESIAN_POINT ( 'NONE',  ( -0.5000000000000000000, -3.970000000000000639, -3.714999999999999858 ) ) ;
#2225 = ORIENTED_EDGE ( 'NONE', *, *, #2020, .F. ) ;
#2226 = EDGE_LOOP ( 'NONE', ( #548, #1212, #69, #794 ) ) ;
#2227 = CARTESIAN_POINT ( 'NONE',  ( -0.5000000000000000000, -4.984500000000000597, -4.415000000000000924 ) ) ;
#2228 = CARTESIAN_POINT ( 'NONE',  ( -0.9000000000000001332, 17.98008839999999964, -0.4074999999999999178 ) ) ;
#2229 = DIRECTION ( 'NONE',  ( 1.000000000000000000, 0.000000000000000000, 0.000000000000000000 ) ) ;
#2230 = VERTEX_POINT ( 'NONE', #2166 ) ;
#2231 = CARTESIAN_POINT ( 'NONE',  ( -0.6599999999999999201, 1.428979119944034037, 0.01244223629327583826 ) ) ;
#2232 = EDGE_CURVE ( 'NONE', #316, #1842, #254, .T. ) ;
#2233 = EDGE_CURVE ( 'NONE', #238, #2218, #3208, .T. ) ;
#2234 = CARTESIAN_POINT ( 'NONE',  ( -0.5000000000000000000, 0.000000000000000000, -4.415000000000000924 ) ) ;
#2235 = CARTESIAN_POINT ( 'NONE',  ( -0.6600000000000000311, -1.399999999999999911, -0.1000000000000002554 ) ) ;
#2236 = ORIENTED_EDGE ( 'NONE', *, *, #2467, .F. ) ;
#2237 = CARTESIAN_POINT ( 'NONE',  ( -1.750000000000000000, -2.750000000000000000, -0.8149999999999998357 ) ) ;
#2238 = FACE_OUTER_BOUND ( 'NONE', #393, .T. ) ;
#2239 = ORIENTED_EDGE ( 'NONE', *, *, #2145, .T. ) ;
#2240 = CARTESIAN_POINT ( 'NONE',  ( -1.000000000000000000, -2.500000000000000000, -0.8149999999999999467 ) ) ;
#2241 = SURFACE_SIDE_STYLE ('',( #1141 ) ) ;
#2242 = ORIENTED_EDGE ( 'NONE', *, *, #1675, .T. ) ;
#2243 = VERTEX_POINT ( 'NONE', #1290 ) ;
#2244 = LINE ( 'NONE', #3645, #2675 ) ;
#2245 = EDGE_CURVE ( 'NONE', #3296, #1326, #3083, .T. ) ;
#2246 = ADVANCED_FACE ( 'NONE', ( #2992 ), #1488, .F. ) ;
#2247 = CARTESIAN_POINT ( 'NONE',  ( -1.000000000000000000, -2.500000000000000000, -0.5074999999999999512 ) ) ;
#2248 = SURFACE_STYLE_FILL_AREA ( #1750 ) ;
#2249 = COLOUR_RGB ( '',0.6901960784313725394, 0.6117647058823529882, 0.5294117647058823595 ) ;
#2250 = ORIENTED_EDGE ( 'NONE', *, *, #246, .T. ) ;
#2251 = CARTESIAN_POINT ( 'NONE',  ( -0.6600000000000001421, 1.470710678118654968, -0.02928932188134541342 ) ) ;
#2252 = AXIS2_PLACEMENT_3D ( 'NONE', #2887, #3106, #99 ) ;
#2253 = EDGE_CURVE ( 'NONE', #486, #2298, #3264, .T. ) ;
#2254 = CARTESIAN_POINT ( 'NONE',  ( 0.7638427179605721262, -2.197977004418953939, -0.4075000000000000844 ) ) ;
#2255 = LINE ( 'NONE', #2593, #1338 ) ;
#2256 = LINE ( 'NONE', #309, #2031 ) ;
#2257 = ORIENTED_EDGE ( 'NONE', *, *, #957, .F. ) ;
#2258 = DIRECTION ( 'NONE',  ( 0.000000000000000000, -0.000000000000000000, -1.000000000000000000 ) ) ;
#2259 = VERTEX_POINT ( 'NONE', #1457 ) ;
#2260 = LINE ( 'NONE', #2027, #3636 ) ;
#2261 = CARTESIAN_POINT ( 'NONE',  ( -1.000000000000000000, 1.500000000000000000, -4.315000000000000391 ) ) ;
#2262 = PRESENTATION_LAYER_ASSIGNMENT (  '', '', ( #2376 ) ) ;
#2263 = STYLED_ITEM ( 'NONE', ( #1981 ), #1591 ) ;
#2264 = PRESENTATION_STYLE_ASSIGNMENT (( #2863 ) ) ;
#2265 = VERTEX_POINT ( 'NONE', #359 ) ;
#2266 = EDGE_LOOP ( 'NONE', ( #2473, #3013, #161, #728 ) ) ;
#2267 = DIRECTION ( 'NONE',  ( 0.000000000000000000, 0.000000000000000000, -1.000000000000000000 ) ) ;
#2268 = CARTESIAN_POINT ( 'NONE',  ( -0.7928932188134524273, -1.999999999999999556, -0.4489213562373093880 ) ) ;
#2269 = AXIS2_PLACEMENT_3D ( 'NONE', #1021, #2161, #1341 ) ;
#2270 =( NAMED_UNIT ( * ) SI_UNIT ( $, .STERADIAN. ) SOLID_ANGLE_UNIT ( ) );
#2271 = CARTESIAN_POINT ( 'NONE',  ( 0.6600000000000000311, 1.399999999999999245, 0.000000000000000000 ) ) ;
#2272 = EDGE_CURVE ( 'NONE', #1898, #1474, #84, .T. ) ;
#2273 = FACE_OUTER_BOUND ( 'NONE', #1042, .T. ) ;
#2274 = PRESENTATION_LAYER_ASSIGNMENT (  '', '', ( #1735 ) ) ;
#2275 = VERTEX_POINT ( 'NONE', #1165 ) ;
#2276 = PRESENTATION_STYLE_ASSIGNMENT (( #2891 ) ) ;
#2277 = EDGE_CURVE ( 'NONE', #819, #1314, #2868, .T. ) ;
#2278 = CARTESIAN_POINT ( 'NONE',  ( 0.9000000000000001332, -2.474883680646291051, -0.4075000000000000289 ) ) ;
#2279 = AXIS2_PLACEMENT_3D ( 'NONE', #2522, #3366, #1121 ) ;
#2280 =( NAMED_UNIT ( * ) SI_UNIT ( $, .STERADIAN. ) SOLID_ANGLE_UNIT ( ) );
#2281 = CIRCLE ( 'NONE', #688, 0.5000000000000000000 ) ;
#2282 = DIRECTION ( 'NONE',  ( 0.000000000000000000, 0.000000000000000000, -1.000000000000000000 ) ) ;
#2283 = DIRECTION ( 'NONE',  ( 1.000000000000000000, 0.000000000000000000, 0.000000000000000000 ) ) ;
#2284 = VECTOR ( 'NONE', #167, 1000.000000000000000 ) ;
#2285 = ORIENTED_EDGE ( 'NONE', *, *, #3019, .T. ) ;
#2286 = DIRECTION ( 'NONE',  ( -1.000000000000000000, -0.000000000000000000, 0.000000000000000000 ) ) ;
#2287 = DIRECTION ( 'NONE',  ( 0.000000000000000000, 0.000000000000000000, 1.000000000000000000 ) ) ;
#2288 = DIRECTION ( 'NONE',  ( -1.000000000000000000, -0.000000000000000000, -0.000000000000000000 ) ) ;
#2289 = VECTOR ( 'NONE', #853, 1000.000000000000000 ) ;
#2290 = ORIENTED_EDGE ( 'NONE', *, *, #1558, .F. ) ;
#2291 = DIRECTION ( 'NONE',  ( -1.000000000000000000, 0.000000000000000000, 0.000000000000000000 ) ) ;
#2292 = DIRECTION ( 'NONE',  ( 0.000000000000000000, 0.000000000000000000, 1.000000000000000000 ) ) ;
#2293 = DIRECTION ( 'NONE',  ( 0.000000000000000000, 0.000000000000000000, -1.000000000000000000 ) ) ;
#2294 = DIRECTION ( 'NONE',  ( 0.000000000000000000, 0.000000000000000000, -1.000000000000000000 ) ) ;
#2295 = SURFACE_STYLE_USAGE ( .BOTH. , #2017 ) ;
#2296 = ORIENTED_EDGE ( 'NONE', *, *, #1634, .T. ) ;
#2297 = EDGE_CURVE ( 'NONE', #3328, #1065, #194, .T. ) ;
#2298 = VERTEX_POINT ( 'NONE', #3389 ) ;
#2299 = CARTESIAN_POINT ( 'NONE',  ( 0.5000000000000000000, 2.000000000000000000, -0.8149999999999999467 ) ) ;
#2300 = DIRECTION ( 'NONE',  ( 0.000000000000000000, 0.000000000000000000, -1.000000000000000000 ) ) ;
#2301 = CARTESIAN_POINT ( 'NONE',  ( -0.9585786437626905299, 2.500000000000000888, -0.4074999999999999178 ) ) ;
#2302 = ORIENTED_EDGE ( 'NONE', *, *, #2770, .T. ) ;
#2303 = DIRECTION ( 'NONE',  ( 1.000000000000000000, 0.000000000000000000, 0.000000000000000000 ) ) ;
#2304 = CARTESIAN_POINT ( 'NONE',  ( -0.7600000000000000089, 1.399999999999999911, 5.755393999999999899 ) ) ;
#2305 = CARTESIAN_POINT ( 'NONE',  ( 0.5000000000000000000, -4.984500000000000597, -4.415000000000000924 ) ) ;
#2306 = SURFACE_STYLE_FILL_AREA ( #3442 ) ;
#2307 = LINE ( 'NONE', #1745, #616 ) ;
#2308 = CARTESIAN_POINT ( 'NONE',  ( -0.5000000000000000000, 3.000000000000000000, -3.464999999999999858 ) ) ;
#2309 = CARTESIAN_POINT ( 'NONE',  ( -0.5000000000000000000, -4.984500000000000597, 0.000000000000000000 ) ) ;
#2310 = DIRECTION ( 'NONE',  ( 0.000000000000000000, 0.000000000000000000, -1.000000000000000000 ) ) ;
#2311 =( NAMED_UNIT ( * ) PLANE_ANGLE_UNIT ( ) SI_UNIT ( $, .RADIAN. ) );
#2312 = ORIENTED_EDGE ( 'NONE', *, *, #421, .F. ) ;
#2313 = CARTESIAN_POINT ( 'NONE',  ( -1.750000000000000000, -1.500000000000000222, -4.315000000000000391 ) ) ;
#2314 = MECHANICAL_DESIGN_GEOMETRIC_PRESENTATION_REPRESENTATION (  '', ( #9 ), #2056 ) ;
#2315 = LINE ( 'NONE', #3131, #2094 ) ;
#2316 = ADVANCED_FACE ( 'NONE', ( #2601 ), #3186, .T. ) ;
#2317 = DIRECTION ( 'NONE',  ( -1.000000000000000000, -0.000000000000000000, -0.000000000000000000 ) ) ;
#2318 = CARTESIAN_POINT ( 'NONE',  ( -0.7307106781186547551, -1.399999999999998579, -0.02928932188134523648 ) ) ;
#2319 = ORIENTED_EDGE ( 'NONE', *, *, #3121, .F. ) ;
#2320 = LINE ( 'NONE', #3459, #3262 ) ;
#2321 = AXIS2_PLACEMENT_3D ( 'NONE', #1878, #2101, #2114 ) ;
#2322 = CARTESIAN_POINT ( 'NONE',  ( 0.9000000000496742869, 2.265685424994651864, -0.4074999999999999178 ) ) ;
#2323 = LINE ( 'NONE', #1469, #2813 ) ;
#2324 =( NAMED_UNIT ( * ) PLANE_ANGLE_UNIT ( ) SI_UNIT ( $, .RADIAN. ) );
#2325 = LINE ( 'NONE', #2866, #3185 ) ;
#2326 = PRESENTATION_STYLE_ASSIGNMENT (( #1693 ) ) ;
#2327 = COLOUR_RGB ( '',0.4274509803921568429, 0.4470588235294117307, 0.4274509803921568429 ) ;
#2328 = CARTESIAN_POINT ( 'NONE',  ( 0.6599999999999998090, -1.470710678118654746, -0.02928932188134530587 ) ) ;
#2329 = ORIENTED_EDGE ( 'NONE', *, *, #246, .F. ) ;
#2330 = AXIS2_PLACEMENT_3D ( 'NONE', #1645, #1037, #498 ) ;
#2331 = CIRCLE ( 'NONE', #1211, 0.2499999999999997780 ) ;
#2332 = PRESENTATION_STYLE_ASSIGNMENT (( #2079 ) ) ;
#2333 = AXIS2_PLACEMENT_3D ( 'NONE', #2428, #785, #171 ) ;
#2334 = ORIENTED_EDGE ( 'NONE', *, *, #3019, .F. ) ;
#2335 = PRESENTATION_STYLE_ASSIGNMENT (( #89 ) ) ;
#2336 = PLANE ( 'NONE',  #2207 ) ;
#2337 = EDGE_CURVE ( 'NONE', #3233, #1433, #60, .T. ) ;
#2338 =( BOUNDED_SURFACE ( )  B_SPLINE_SURFACE ( 3, 3, ( 
 ( #1662, #3362, #432, #3528 ),
 ( #400, #1847, #2962, #183 ),
 ( #3482, #2949, #145, #3509 ),
 ( #1777, #1266, #1550, #985 ) ),
 .UNSPECIFIED., .F., .F., .F. ) 
 B_SPLINE_SURFACE_WITH_KNOTS ( ( 4, 4 ),
 ( 4, 4 ),
 ( 0.000000000000000000, 1.000000000000000000 ),
 ( 0.000000000000000000, 1.000000000000000000 ),
 .UNSPECIFIED. ) 
 GEOMETRIC_REPRESENTATION_ITEM ( )  RATIONAL_B_SPLINE_SURFACE ( (
 ( 1.000000000000000000, 0.8047378541243576100, 0.8047378541243576100, 1.000000000000000000),
 ( 0.8025111867385934517, 0.6458111303268073700, 0.6458111303268073700, 0.8025111867385934517),
 ( 0.8025111867385934517, 0.6458111303268073700, 0.6458111303268073700, 0.8025111867385934517),
 ( 1.000000000000000000, 0.8047378541243576100, 0.8047378541243576100, 1.000000000000000000) ) ) 
 REPRESENTATION_ITEM ( '' )  SURFACE ( )  );
#2339 = DIRECTION ( 'NONE',  ( 1.000000000000000000, -0.000000000000000000, -0.000000000000000000 ) ) ;
#2340 = VERTEX_POINT ( 'NONE', #2654 ) ;
#2341 = VECTOR ( 'NONE', #2555, 1000.000000000000000 ) ;
#2342 = FILL_AREA_STYLE_COLOUR ( '', #1910 ) ;
#2343 = PRESENTATION_LAYER_ASSIGNMENT (  '', '', ( #3647 ) ) ;
#2344 = LINE ( 'NONE', #2087, #26 ) ;
#2345 = CARTESIAN_POINT ( 'NONE',  ( 0.000000000000000000, -2.100000000000000089, -0.4074999999999999734 ) ) ;
#2346 = SURFACE_STYLE_USAGE ( .BOTH. , #1203 ) ;
#2347 = VERTEX_POINT ( 'NONE', #3483 ) ;
#2348 = DIRECTION ( 'NONE',  ( -1.000000000000000000, 0.000000000000000000, -0.000000000000000000 ) ) ;
#2349 = CYLINDRICAL_SURFACE ( 'NONE', #1743, 0.09999999999999999167 ) ;
#2350 = EDGE_CURVE ( 'NONE', #2119, #1281, #3101, .T. ) ;
#2351 = CARTESIAN_POINT ( 'NONE',  ( 1.750000000000000000, 0.000000000000000000, -4.065000000000001279 ) ) ;
#2352 = ORIENTED_EDGE ( 'NONE', *, *, #732, .F. ) ;
#2353 = SURFACE_STYLE_USAGE ( .BOTH. , #394 ) ;
#2354 = DIRECTION ( 'NONE',  ( 0.000000000000000000, 1.000000000000000000, 0.000000000000000000 ) ) ;
#2355 = LINE ( 'NONE', #983, #1097 ) ;
#2356 = ORIENTED_EDGE ( 'NONE', *, *, #2897, .F. ) ;
#2357 = EDGE_CURVE ( 'NONE', #2141, #3151, #1534, .T. ) ;
#2358 = SURFACE_STYLE_USAGE ( .BOTH. , #114 ) ;
#2359 = CARTESIAN_POINT ( 'NONE',  ( 0.5000000000000000000, 4.984500000000000597, -4.115000000000000213 ) ) ;
#2360 = LINE ( 'NONE', #684, #620 ) ;
#2361 = PRESENTATION_STYLE_ASSIGNMENT (( #2346 ) ) ;
#2362 = EDGE_LOOP ( 'NONE', ( #3140, #645, #1668, #2257 ) ) ;
#2363 = CYLINDRICAL_SURFACE ( 'NONE', #3232, 0.1000000000000000472 ) ;
#2364 = CYLINDRICAL_SURFACE ( 'NONE', #1886, 0.1000000000000000472 ) ;
#2365 = CARTESIAN_POINT ( 'NONE',  ( -0.6600000000000000311, 1.399999999999999911, 5.755393999999999899 ) ) ;
#2366 = AXIS2_PLACEMENT_3D ( 'NONE', #3178, #1190, #3376 ) ;
#2367 = VECTOR ( 'NONE', #937, 1000.000000000000000 ) ;
#2368 = VERTEX_POINT ( 'NONE', #2359 ) ;
#2369 = STYLED_ITEM ( 'NONE', ( #2952 ), #1308 ) ;
#2370 = CARTESIAN_POINT ( 'NONE',  ( 0.9000000000000001332, 0.000000000000000000, -0.4074999999999999734 ) ) ;
#2371 = ORIENTED_EDGE ( 'NONE', *, *, #2498, .T. ) ;
#2372 = FILL_AREA_STYLE ('',( #1849 ) ) ;
#2373 =( LENGTH_UNIT ( ) NAMED_UNIT ( * ) SI_UNIT ( .MILLI., .METRE. ) );
#2374 = ORIENTED_EDGE ( 'NONE', *, *, #491, .F. ) ;
#2375 = EDGE_CURVE ( 'NONE', #1026, #891, #3495, .T. ) ;
#2376 = STYLED_ITEM ( 'NONE', ( #696 ), #581 ) ;
#2377 = SURFACE_STYLE_USAGE ( .BOTH. , #2698 ) ;
#2378 =( GEOMETRIC_REPRESENTATION_CONTEXT ( 3 ) GLOBAL_UNCERTAINTY_ASSIGNED_CONTEXT ( ( #1636 ) ) GLOBAL_UNIT_ASSIGNED_CONTEXT ( ( #3044, #208, #1852 ) ) REPRESENTATION_CONTEXT ( 'NONE', 'WORKASPACE' ) );
#2379 = CARTESIAN_POINT ( 'NONE',  ( -0.5000000000000000000, 4.984500000000000597, -4.115000000000000213 ) ) ;
#2380 = EDGE_CURVE ( 'NONE', #3123, #2218, #3201, .T. ) ;
#2381 =( NAMED_UNIT ( * ) SI_UNIT ( $, .STERADIAN. ) SOLID_ANGLE_UNIT ( ) );
#2382 = AXIS2_PLACEMENT_3D ( 'NONE', #2261, #1468, #1684 ) ;
#2383 = VERTEX_POINT ( 'NONE', #713 ) ;
#2384 = CARTESIAN_POINT ( 'NONE',  ( -1.750000000000000000, 3.000000000000000000, -0.4074999999999998623 ) ) ;
#2385 = SURFACE_STYLE_FILL_AREA ( #2687 ) ;
#2386 = DIRECTION ( 'NONE',  ( -1.000000000000000000, -0.000000000000000000, 0.000000000000000000 ) ) ;
#2387 = EDGE_CURVE ( 'NONE', #2604, #569, #2344, .T. ) ;
#2388 = SURFACE_STYLE_FILL_AREA ( #430 ) ;
#2389 = EDGE_CURVE ( 'NONE', #3430, #1419, #3529, .T. ) ;
#2390 = LINE ( 'NONE', #733, #802 ) ;
#2391 = DIRECTION ( 'NONE',  ( 0.000000000000000000, 0.000000000000000000, 1.000000000000000000 ) ) ;
#2392 = AXIS2_PLACEMENT_3D ( 'NONE', #643, #2317, #3456 ) ;
#2393 = CARTESIAN_POINT ( 'NONE',  ( 0.6945715547497794962, -1.428979119944034037, 0.01244223629327588683 ) ) ;
#2394 = AXIS2_PLACEMENT_3D ( 'NONE', #2102, #380, #3218 ) ;
#2395 = EDGE_LOOP ( 'NONE', ( #1638, #2833, #2418 ) ) ;
#2396 =( NAMED_UNIT ( * ) PLANE_ANGLE_UNIT ( ) SI_UNIT ( $, .RADIAN. ) );
#2397 = CIRCLE ( 'NONE', #1625, 0.2500000000000002220 ) ;
#2398 = CARTESIAN_POINT ( 'NONE',  ( 0.6599999999999996980, -1.470710678118654746, -0.02928932188134518444 ) ) ;
#2399 = PRESENTATION_STYLE_ASSIGNMENT (( #2377 ) ) ;
#2400 =( GEOMETRIC_REPRESENTATION_CONTEXT ( 3 ) GLOBAL_UNCERTAINTY_ASSIGNED_CONTEXT ( ( #3266 ) ) GLOBAL_UNIT_ASSIGNED_CONTEXT ( ( #2034, #34, #2845 ) ) REPRESENTATION_CONTEXT ( 'NONE', 'WORKASPACE' ) );
#2401 = ADVANCED_FACE ( 'NONE', ( #2048 ), #574, .T. ) ;
#2402 = VERTEX_POINT ( 'NONE', #456 ) ;
#2403 = DIRECTION ( 'NONE',  ( 2.168404344971008868E-15, 0.000000000000000000, 1.000000000000000000 ) ) ;
#2404 = UNCERTAINTY_MEASURE_WITH_UNIT (LENGTH_MEASURE( 1.000000000000000082E-05 ), #63, 'distance_accuracy_value', 'NONE');
#2405 = EDGE_LOOP ( 'NONE', ( #1867, #2684, #1527, #2032 ) ) ;
#2406 = SURFACE_STYLE_FILL_AREA ( #3252 ) ;
#2407 = CARTESIAN_POINT ( 'NONE',  ( -1.750000000000000000, 0.000000000000000000, -4.065000000000001279 ) ) ;
#2408 = CARTESIAN_POINT ( 'NONE',  ( -1.750000000000000000, -1.500000000000000000, 0.000000000000000000 ) ) ;
#2409 = EDGE_CURVE ( 'NONE', #718, #2567, #2984, .T. ) ;
#2410 = DIRECTION ( 'NONE',  ( 0.000000000000000000, 0.000000000000000000, -1.000000000000000000 ) ) ;
#2411 =( NAMED_UNIT ( * ) PLANE_ANGLE_UNIT ( ) SI_UNIT ( $, .RADIAN. ) );
#2412 = UNCERTAINTY_MEASURE_WITH_UNIT (LENGTH_MEASURE( 1.000000000000000082E-05 ), #647, 'distance_accuracy_value', 'NONE');
#2413 = ORIENTED_EDGE ( 'NONE', *, *, #2800, .T. ) ;
#2414 = CARTESIAN_POINT ( 'NONE',  ( 0.5000000000000000000, 0.000000000000000000, 0.000000000000000000 ) ) ;
#2415 = CARTESIAN_POINT ( 'NONE',  ( -0.4999999999156005126, 2.100000000000000089, -0.5074999999999999512 ) ) ;
#2416 = PLANE ( 'NONE',  #3349 ) ;
#2417 = CARTESIAN_POINT ( 'NONE',  ( 0.6889791199440332692, 1.434571554749778599, 0.01244223629327612622 ) ) ;
#2418 = ORIENTED_EDGE ( 'NONE', *, *, #391, .F. ) ;
#2419 = CARTESIAN_POINT ( 'NONE',  ( -0.9000000000000002442, -2.500000000000000000, -0.4074999999999999178 ) ) ;
#2420 = ORIENTED_EDGE ( 'NONE', *, *, #1072, .F. ) ;
#2421 = PRESENTATION_LAYER_ASSIGNMENT (  '', '', ( #3020 ) ) ;
#2422 = CARTESIAN_POINT ( 'NONE',  ( 1.000000000000000000, -2.500000000000000000, -0.8149999999999999467 ) ) ;
#2423 = ORIENTED_EDGE ( 'NONE', *, *, #3496, .T. ) ;
#2424 = VECTOR ( 'NONE', #1656, 1000.000000000000000 ) ;
#2425 = AXIS2_PLACEMENT_3D ( 'NONE', #2414, #3310, #3329 ) ;
#2426 = FILL_AREA_STYLE_COLOUR ( '', #1087 ) ;
#2427 = ADVANCED_FACE ( 'NONE', ( #1220 ), #115, .T. ) ;
#2428 = CARTESIAN_POINT ( 'NONE',  ( 1.000000000000000000, -1.500000000000000000, -4.315000000000000391 ) ) ;
#2429 = VERTEX_POINT ( 'NONE', #1078 ) ;
#2430 = AXIS2_PLACEMENT_3D ( 'NONE', #3002, #468, #201 ) ;
#2431 = CARTESIAN_POINT ( 'NONE',  ( -0.5000000000000000000, 3.970000000000000639, -3.714999999999999858 ) ) ;
#2432 = FACE_OUTER_BOUND ( 'NONE', #1122, .T. ) ;
#2433 = ORIENTED_EDGE ( 'NONE', *, *, #2442, .F. ) ;
#2434 = VECTOR ( 'NONE', #317, 1000.000000000000000 ) ;
#2435 = CARTESIAN_POINT ( 'NONE',  ( 1.000000000000000000, 1.500000000000000000, -4.315000000000000391 ) ) ;
#2436 = VERTEX_POINT ( 'NONE', #2782 ) ;
#2437 = DIRECTION ( 'NONE',  ( 0.000000000000000000, 1.000000000000000000, -0.000000000000000000 ) ) ;
#2438 = SURFACE_STYLE_FILL_AREA ( #450 ) ;
#2439 = DIRECTION ( 'NONE',  ( 1.000000000000000000, 0.000000000000000000, 0.000000000000000000 ) ) ;
#2440 = EDGE_LOOP ( 'NONE', ( #232, #1036, #681, #925 ) ) ;
#2441 = DIRECTION ( 'NONE',  ( -0.000000000000000000, 1.000000000000000000, -0.000000000000000000 ) ) ;
#2442 = EDGE_CURVE ( 'NONE', #3425, #749, #2331, .T. ) ;
#2443 = DIRECTION ( 'NONE',  ( -0.000000000000000000, -0.000000000000000000, 1.000000000000000000 ) ) ;
#2444 = CARTESIAN_POINT ( 'NONE',  ( -0.7724422362932759079, -1.399999999999997025, -0.07102088005596605969 ) ) ;
#2445 = ORIENTED_EDGE ( 'NONE', *, *, #2253, .T. ) ;
#2446 = SURFACE_STYLE_FILL_AREA ( #1362 ) ;
#2447 = STYLED_ITEM ( 'NONE', ( #3566 ), #374 ) ;
#2448 = CARTESIAN_POINT ( 'NONE',  ( 0.7185760421157670885, -1.470041115078380090, -0.1713739602276427021 ) ) ;
#2449 = AXIS2_PLACEMENT_3D ( 'NONE', #2660, #936, #2053 ) ;
#2450 = DIRECTION ( 'NONE',  ( -0.000000000000000000, 0.000000000000000000, 1.000000000000000000 ) ) ;
#2451 = LINE ( 'NONE', #1858, #3323 ) ;
#2452 = ORIENTED_EDGE ( 'NONE', *, *, #337, .T. ) ;
#2453 = AXIS2_PLACEMENT_3D ( 'NONE', #1061, #3342, #2726 ) ;
#2454 = UNCERTAINTY_MEASURE_WITH_UNIT (LENGTH_MEASURE( 1.000000000000000082E-05 ), #3532, 'distance_accuracy_value', 'NONE');
#2455 = EDGE_CURVE ( 'NONE', #2429, #870, #1302, .T. ) ;
#2456 = DIRECTION ( 'NONE',  ( 0.000000000000000000, 0.000000000000000000, -1.000000000000000000 ) ) ;
#2457 = CARTESIAN_POINT ( 'NONE',  ( -1.000000000000000000, 1.500000000000000222, -4.315000000000000391 ) ) ;
#2458 = EDGE_LOOP ( 'NONE', ( #3287, #2092, #1060, #1184 ) ) ;
#2459 = CARTESIAN_POINT ( 'NONE',  ( -0.4999999999578002563, 2.100000000000000089, -0.4074999999999999178 ) ) ;
#2460 = ORIENTED_EDGE ( 'NONE', *, *, #668, .T. ) ;
#2461 = FACE_OUTER_BOUND ( 'NONE', #2632, .T. ) ;
#2462 = ADVANCED_FACE ( 'NONE', ( #1044 ), #2728, .F. ) ;
#2463 = EDGE_LOOP ( 'NONE', ( #3358, #2974, #3554, #1700 ) ) ;
#2464 = DIRECTION ( 'NONE',  ( 1.000000000000000000, -0.000000000000000000, 0.000000000000000000 ) ) ;
#2465 = DIRECTION ( 'NONE',  ( 0.000000000000000000, 0.000000000000000000, -1.000000000000000000 ) ) ;
#2466 = CARTESIAN_POINT ( 'NONE',  ( 0.5886260397723581672, 1.399999999999997247, -0.02995888492161955657 ) ) ;
#2467 = EDGE_CURVE ( 'NONE', #2402, #1851, #1377, .T. ) ;
#2468 = ORIENTED_EDGE ( 'NONE', *, *, #3575, .F. ) ;
#2469 = CARTESIAN_POINT ( 'NONE',  ( -0.7414587788384732203, -2.179933814622561083, -0.4074999999999999178 ) ) ;
#2470 = ORIENTED_EDGE ( 'NONE', *, *, #1497, .T. ) ;
#2471 = CARTESIAN_POINT ( 'NONE',  ( -0.6600000000000000311, 1.500000000000000000, -0.8149999999999999467 ) ) ;
#2472 = ORIENTED_EDGE ( 'NONE', *, *, #93, .F. ) ;
#2473 = ORIENTED_EDGE ( 'NONE', *, *, #38, .F. ) ;
#2474 =( NAMED_UNIT ( * ) SI_UNIT ( $, .STERADIAN. ) SOLID_ANGLE_UNIT ( ) );
#2475 = COLOUR_RGB ( '',0.6901960784313725394, 0.6117647058823529882, 0.5294117647058823595 ) ;
#2476 = UNCERTAINTY_MEASURE_WITH_UNIT (LENGTH_MEASURE( 1.000000000000000082E-05 ), #16, 'distance_accuracy_value', 'NONE');
#2477 = CARTESIAN_POINT ( 'NONE',  ( -0.7307106781186549771, -1.400000000000000133, -0.02928932188134510117 ) ) ;
#2478 = AXIS2_PLACEMENT_3D ( 'NONE', #1427, #2553, #2258 ) ;
#2479 = EDGE_LOOP ( 'NONE', ( #1317, #1807, #2221, #1380, #2181, #1238, #3581, #3481, #2772, #1629, #806, #3018 ) ) ;
#2480 = MECHANICAL_DESIGN_GEOMETRIC_PRESENTATION_REPRESENTATION (  '', ( #2003 ), #661 ) ;
#2481 = CARTESIAN_POINT ( 'NONE',  ( -1.000000000000000000, -1.500000000000000000, -4.065000000000001279 ) ) ;
#2482 =( LENGTH_UNIT ( ) NAMED_UNIT ( * ) SI_UNIT ( .MILLI., .METRE. ) );
#2483 = CARTESIAN_POINT ( 'NONE',  ( 0.5886260397723569460, 1.458576042115765636, -0.02995888492161838737 ) ) ;
#2484 = ADVANCED_FACE ( 'NONE', ( #2461 ), #3603, .F. ) ;
#2485 = DIRECTION ( 'NONE',  ( -0.000000000000000000, 1.000000000000000000, 0.000000000000000000 ) ) ;
#2486 = EDGE_CURVE ( 'NONE', #3638, #3224, #791, .T. ) ;
#2487 = UNCERTAINTY_MEASURE_WITH_UNIT (LENGTH_MEASURE( 1.000000000000000082E-05 ), #74, 'distance_accuracy_value', 'NONE');
#2488 = SURFACE_STYLE_USAGE ( .BOTH. , #1371 ) ;
#2489 = VECTOR ( 'NONE', #3087, 1000.000000000000000 ) ;
#2490 = ORIENTED_EDGE ( 'NONE', *, *, #2165, .F. ) ;
#2491 = VECTOR ( 'NONE', #1626, 1000.000000000000000 ) ;
#2492 = SURFACE_STYLE_FILL_AREA ( #1930 ) ;
#2493 = AXIS2_PLACEMENT_3D ( 'NONE', #1489, #1779, #2620 ) ;
#2494 = EDGE_LOOP ( 'NONE', ( #726, #353, #3245, #2423 ) ) ;
#2495 = FACE_OUTER_BOUND ( 'NONE', #1074, .T. ) ;
#2496 = DIRECTION ( 'NONE',  ( -0.000000000000000000, -0.000000000000000000, 1.000000000000000000 ) ) ;
#2497 = VECTOR ( 'NONE', #2538, 1000.000000000000000 ) ;
#2498 = EDGE_CURVE ( 'NONE', #501, #1789, #1412, .T. ) ;
#2499 = EDGE_CURVE ( 'NONE', #2141, #3638, #605, .T. ) ;
#2500 = CARTESIAN_POINT ( 'NONE',  ( 1.000000000000000000, 3.000000000000000000, -4.315000000000000391 ) ) ;
#2501 = ORIENTED_EDGE ( 'NONE', *, *, #2961, .T. ) ;
#2502 = ORIENTED_EDGE ( 'NONE', *, *, #1808, .F. ) ;
#2503 = MECHANICAL_DESIGN_GEOMETRIC_PRESENTATION_REPRESENTATION (  '', ( #3635 ), #3293 ) ;
#2504 = CARTESIAN_POINT ( 'NONE',  ( 1.000000000000000000, -2.500000000000000000, -0.5074999999999999512 ) ) ;
#2505 = DIRECTION ( 'NONE',  ( -0.000000000000000000, -0.000000000000000000, 1.000000000000000000 ) ) ;
#2506 = VECTOR ( 'NONE', #1955, 1000.000000000000000 ) ;
#2507 = CARTESIAN_POINT ( 'NONE',  ( 0.7600000000000000089, -1.399999999999999245, -0.1000000000000001305 ) ) ;
#2508 = CIRCLE ( 'NONE', #2572, 0.09999999999999999167 ) ;
#2509 = CIRCLE ( 'NONE', #2147, 0.2500000000000000000 ) ;
#2510 = VECTOR ( 'NONE', #3119, 1000.000000000000000 ) ;
#2511 = COLOUR_RGB ( '',0.6470588235294117974, 0.6196078431372549211, 0.5882352941176470784 ) ;
#2512 = AXIS2_PLACEMENT_3D ( 'NONE', #1030, #550, #3371 ) ;
#2513 = DIRECTION ( 'NONE',  ( 0.000000000000000000, 0.000000000000000000, -1.000000000000000000 ) ) ;
#2514 = FACE_OUTER_BOUND ( 'NONE', #2663, .T. ) ;
#2515 = CARTESIAN_POINT ( 'NONE',  ( -0.7343145750055632970, 2.099999999950560081, -0.4074999999999999734 ) ) ;
#2516 = DIRECTION ( 'NONE',  ( -0.000000000000000000, -0.000000000000000000, -1.000000000000000000 ) ) ;
#2517 = AXIS2_PLACEMENT_3D ( 'NONE', #3443, #2600, #1181 ) ;
#2518 = VERTEX_POINT ( 'NONE', #2556 ) ;
#2519 = CARTESIAN_POINT ( 'NONE',  ( -0.6600000000000000311, 1.399999999999999911, -0.1000000000000002554 ) ) ;
#2520 = EDGE_CURVE ( 'NONE', #1281, #2347, #907, .T. ) ;
#2521 = CARTESIAN_POINT ( 'NONE',  ( 0.4999999999999999445, 2.000000000000000000, -0.4489213562373091659 ) ) ;
#2522 = CARTESIAN_POINT ( 'NONE',  ( 0.7600000000000000089, -1.500000000000000000, -0.8149999999999999467 ) ) ;
#2523 = ORIENTED_EDGE ( 'NONE', *, *, #1502, .T. ) ;
#2524 = ORIENTED_EDGE ( 'NONE', *, *, #3163, .T. ) ;
#2525 = CARTESIAN_POINT ( 'NONE',  ( -0.5000000000000000000, 3.000000000000000000, -4.315000000000000391 ) ) ;
#2526 = ADVANCED_FACE ( 'NONE', ( #355 ), #566, .F. ) ;
#2527 = CARTESIAN_POINT ( 'NONE',  ( 0.6600000000000000311, -1.399999999999999911, 5.755393999999999899 ) ) ;
#2528 = DIRECTION ( 'NONE',  ( -0.000000000000000000, -1.000000000000000000, 0.000000000000000000 ) ) ;
#2529 = ORIENTED_EDGE ( 'NONE', *, *, #601, .T. ) ;
#2530 = CARTESIAN_POINT ( 'NONE',  ( 0.7300411150783829850, 1.458576042115764082, -0.1713739602276446172 ) ) ;
#2531 = PRESENTATION_STYLE_ASSIGNMENT (( #3432 ) ) ;
#2532 = PLANE ( 'NONE',  #1041 ) ;
#2533 = DIRECTION ( 'NONE',  ( 0.000000000000000000, -0.000000000000000000, -1.000000000000000000 ) ) ;
#2534 = ORIENTED_EDGE ( 'NONE', *, *, #3229, .T. ) ;
#2535 = CARTESIAN_POINT ( 'NONE',  ( -0.7686291500497067775, 2.041421356180630031, -0.4074999999999998068 ) ) ;
#2536 = VERTEX_POINT ( 'NONE', #1449 ) ;
#2537 = LINE ( 'NONE', #860, #2510 ) ;
#2538 = DIRECTION ( 'NONE',  ( 0.000000000000000000, 1.000000000000000000, -0.000000000000000000 ) ) ;
#2539 = EDGE_CURVE ( 'NONE', #3638, #2008, #55, .T. ) ;
#2540 = LINE ( 'NONE', #258, #2210 ) ;
#2541 = ORIENTED_EDGE ( 'NONE', *, *, #1686, .T. ) ;
#2542 = ORIENTED_EDGE ( 'NONE', *, *, #781, .T. ) ;
#2543 = CARTESIAN_POINT ( 'NONE',  ( -0.9999999999999997780, -2.207106781186546574, -0.4489213562373093880 ) ) ;
#2544 = EDGE_CURVE ( 'NONE', #3325, #535, #1973, .T. ) ;
#2545 = AXIS2_PLACEMENT_3D ( 'NONE', #140, #87, #2403 ) ;
#2546 = LINE ( 'NONE', #3370, #2127 ) ;
#2547 = STYLED_ITEM ( 'NONE', ( #924 ), #1225 ) ;
#2548 = EDGE_LOOP ( 'NONE', ( #2352, #638, #2296, #214 ) ) ;
#2549 = CARTESIAN_POINT ( 'NONE',  ( -0.7599955587108948585, 1.357914060830240910, -0.05924690597950333509 ) ) ;
#2550 = CARTESIAN_POINT ( 'NONE',  ( 0.4999999999578002563, -2.100000000000000089, -0.4074999999999999734 ) ) ;
#2551 = FILL_AREA_STYLE_COLOUR ( '', #2153 ) ;
#2552 = DIRECTION ( 'NONE',  ( 1.000000000000000000, -0.000000000000000000, 0.000000000000000000 ) ) ;
#2553 = DIRECTION ( 'NONE',  ( 0.000000000000000000, -1.000000000000000000, 0.000000000000000000 ) ) ;
#2554 = VERTEX_POINT ( 'NONE', #2881 ) ;
#2555 = DIRECTION ( 'NONE',  ( 0.000000000000000000, 1.000000000000000000, 0.000000000000000000 ) ) ;
#2556 = CARTESIAN_POINT ( 'NONE',  ( -1.750000000000000000, 1.500000000000000222, -4.065000000000001279 ) ) ;
#2557 = AXIS2_PLACEMENT_3D ( 'NONE', #364, #2944, #142 ) ;
#2558 = VECTOR ( 'NONE', #2560, 1000.000000000000000 ) ;
#2559 = ORIENTED_EDGE ( 'NONE', *, *, #3205, .T. ) ;
#2560 = DIRECTION ( 'NONE',  ( -1.000000000000000000, -0.000000000000000000, -0.000000000000000000 ) ) ;
#2561 = ADVANCED_FACE ( 'NONE', ( #3440 ), #1673, .T. ) ;
#2562 = DIRECTION ( 'NONE',  ( -0.000000000000000000, -1.000000000000000000, 0.000000000000000000 ) ) ;
#2563 = COLOUR_RGB ( '',0.4274509803921568429, 0.4470588235294117307, 0.4274509803921568429 ) ;
#2564 = DIRECTION ( 'NONE',  ( 1.000000000000000000, 0.000000000000000000, 0.000000000000000000 ) ) ;
#2565 = CARTESIAN_POINT ( 'NONE',  ( -0.5000000000000000000, 2.500000000000000000, -0.8149999999999999467 ) ) ;
#2566 = VECTOR ( 'NONE', #795, 1000.000000000000000 ) ;
#2567 = VERTEX_POINT ( 'NONE', #588 ) ;
#2568 = SURFACE_STYLE_FILL_AREA ( #578 ) ;
#2569 = UNCERTAINTY_MEASURE_WITH_UNIT (LENGTH_MEASURE( 1.000000000000000082E-05 ), #3478, 'distance_accuracy_value', 'NONE');
#2570 = STYLED_ITEM ( 'NONE', ( #612 ), #3273 ) ;
#2571 = CARTESIAN_POINT ( 'NONE',  ( 0.5514841254644714530, -2.100000000000000533, -0.4075000000000000844 ) ) ;
#2572 = AXIS2_PLACEMENT_3D ( 'NONE', #2932, #700, #3198 ) ;
#2573 = CARTESIAN_POINT ( 'NONE',  ( 0.6600000000000000311, 1.399999999999998579, -0.1000000000000000056 ) ) ;
#2574 = CIRCLE ( 'NONE', #503, 0.1000000000000000056 ) ;
#2575 = CARTESIAN_POINT ( 'NONE',  ( 1.500000000000000000, 2.750000000000000000, -4.315000000000000391 ) ) ;
#2576 = CARTESIAN_POINT ( 'NONE',  ( -1.000000000000000444, 2.207106781137547546, -0.5074999999999999512 ) ) ;
#2577 = VECTOR ( 'NONE', #2916, 1000.000000000000000 ) ;
#2578 = VECTOR ( 'NONE', #2505, 1000.000000000000000 ) ;
#2579 = ORIENTED_EDGE ( 'NONE', *, *, #2909, .T. ) ;
#2580 = DIRECTION ( 'NONE',  ( 0.000000000000000000, 0.000000000000000000, 1.000000000000000000 ) ) ;
#2581 = CARTESIAN_POINT ( 'NONE',  ( -0.5000000000000000000, 3.720000000000000195, -3.714999999999999858 ) ) ;
#2582 = PLANE ( 'NONE',  #687 ) ;
#2583 = COLOUR_RGB ( '',0.4274509803921568429, 0.4470588235294117307, 0.4274509803921568429 ) ;
#2584 = ORIENTED_EDGE ( 'NONE', *, *, #814, .T. ) ;
#2585 = LINE ( 'NONE', #3124, #1258 ) ;
#2586 = CARTESIAN_POINT ( 'NONE',  ( 0.7600000000000000089, 3.000000000000000000, -0.8149999999999999467 ) ) ;
#2587 = ADVANCED_FACE ( 'NONE', ( #1431 ), #876, .T. ) ;
#2588 =( NAMED_UNIT ( * ) PLANE_ANGLE_UNIT ( ) SI_UNIT ( $, .RADIAN. ) );
#2589 = FILL_AREA_STYLE_COLOUR ( '', #1456 ) ;
#2590 = ORIENTED_EDGE ( 'NONE', *, *, #2767, .T. ) ;
#2591 = CARTESIAN_POINT ( 'NONE',  ( -1.750000000000000000, 0.000000000000000000, -0.8149999999999999467 ) ) ;
#2592 = EDGE_CURVE ( 'NONE', #1862, #3075, #1805, .T. ) ;
#2593 = CARTESIAN_POINT ( 'NONE',  ( 0.5000000000000000000, -4.269999999999999574, 0.000000000000000000 ) ) ;
#2594 = DIRECTION ( 'NONE',  ( 1.000000000000000000, 0.000000000000000000, 0.000000000000000000 ) ) ;
#2595 = CARTESIAN_POINT ( 'NONE',  ( -1.500000000000000000, 2.750000000000000000, -0.8149999999999999467 ) ) ;
#2596 = ORIENTED_EDGE ( 'NONE', *, *, #414, .T. ) ;
#2597 = DIRECTION ( 'NONE',  ( -1.000000000000000000, -0.000000000000000000, -0.000000000000000000 ) ) ;
#2598 = CARTESIAN_POINT ( 'NONE',  ( -0.5000000000000000000, -3.970000000000000639, -3.865000000000000213 ) ) ;
#2599 = PLANE ( 'NONE',  #2912 ) ;
#2600 = DIRECTION ( 'NONE',  ( 1.000000000000000000, 0.000000000000000000, 0.000000000000000000 ) ) ;
#2601 = FACE_OUTER_BOUND ( 'NONE', #3238, .T. ) ;
#2602 = SURFACE_SIDE_STYLE ('',( #2901 ) ) ;
#2603 = FILL_AREA_STYLE_COLOUR ( '', #1332 ) ;
#2604 = VERTEX_POINT ( 'NONE', #963 ) ;
#2605 = FACE_OUTER_BOUND ( 'NONE', #3118, .T. ) ;
#2606 = VECTOR ( 'NONE', #2630, 1000.000000000000000 ) ;
#2607 = MANIFOLD_SOLID_BREP ( 'Imported1', #86 ) ;
#2608 =( NAMED_UNIT ( * ) SI_UNIT ( $, .STERADIAN. ) SOLID_ANGLE_UNIT ( ) );
#2609 = AXIS2_PLACEMENT_3D ( 'NONE', #302, #2564, #2293 ) ;
#2610 = EDGE_CURVE ( 'NONE', #2915, #1298, #678, .T. ) ;
#2611 = AXIS2_PLACEMENT_3D ( 'NONE', #1616, #1595, #1327 ) ;
#2612 = ORIENTED_EDGE ( 'NONE', *, *, #3446, .F. ) ;
#2613 = CARTESIAN_POINT ( 'NONE',  ( -0.9000000000000001332, -2.482392879353000126, -0.4074999999999999178 ) ) ;
#2614 = CARTESIAN_POINT ( 'NONE',  ( 1.000000000000000000, -3.000000000000000000, -0.5074999999999999512 ) ) ;
#2615 = LINE ( 'NONE', #680, #445 ) ;
#2616 = FACE_OUTER_BOUND ( 'NONE', #2440, .T. ) ;
#2617 = CARTESIAN_POINT ( 'NONE',  ( -1.000000000000000000, 3.000000000000000000, -0.8149999999999999467 ) ) ;
#2618 = ADVANCED_FACE ( 'NONE', ( #3253 ), #982, .T. ) ;
#2619 = VECTOR ( 'NONE', #58, 1000.000000000000000 ) ;
#2620 = DIRECTION ( 'NONE',  ( -1.000000000000000000, 0.000000000000000000, -0.000000000000000000 ) ) ;
#2621 = CARTESIAN_POINT ( 'NONE',  ( -0.5000000000000000000, 4.519999999999999574, -3.865000000000000213 ) ) ;
#2622 = EDGE_LOOP ( 'NONE', ( #2596, #3203, #2584, #859 ) ) ;
#2623 = CIRCLE ( 'NONE', #3462, 0.5499999999999997113 ) ;
#2624 = DIRECTION ( 'NONE',  ( 0.000000000000000000, -0.000000000000000000, -1.000000000000000000 ) ) ;
#2625 = AXIS2_PLACEMENT_3D ( 'NONE', #1929, #1004, #132 ) ;
#2626 = PRESENTATION_LAYER_ASSIGNMENT (  '', '', ( #1672 ) ) ;
#2627 = FACE_OUTER_BOUND ( 'NONE', #1573, .T. ) ;
#2628 = DIRECTION ( 'NONE',  ( 0.000000000000000000, -0.000000000000000000, -1.000000000000000000 ) ) ;
#2629 = ADVANCED_FACE ( 'NONE', ( #2099 ), #2043, .T. ) ;
#2630 = DIRECTION ( 'NONE',  ( -0.000000000000000000, -0.000000000000000000, 1.000000000000000000 ) ) ;
#2631 = MECHANICAL_DESIGN_GEOMETRIC_PRESENTATION_REPRESENTATION (  '', ( #1622 ), #2811 ) ;
#2632 = EDGE_LOOP ( 'NONE', ( #2843, #1931, #3098, #850 ) ) ;
#2633 = CARTESIAN_POINT ( 'NONE',  ( -0.5000000000000000000, -2.500000000000000000, -0.8149999999999999467 ) ) ;
#2634 =( LENGTH_UNIT ( ) NAMED_UNIT ( * ) SI_UNIT ( .MILLI., .METRE. ) );
#2635 = VECTOR ( 'NONE', #3177, 1000.000000000000000 ) ;
#2636 =( NAMED_UNIT ( * ) PLANE_ANGLE_UNIT ( ) SI_UNIT ( $, .RADIAN. ) );
#2637 = ORIENTED_EDGE ( 'NONE', *, *, #2544, .T. ) ;
#2638 = ADVANCED_FACE ( 'NONE', ( #1284 ), #2336, .T. ) ;
#2639 = FACE_OUTER_BOUND ( 'NONE', #2548, .T. ) ;
#2640 = MECHANICAL_DESIGN_GEOMETRIC_PRESENTATION_REPRESENTATION (  '', ( #3647 ), #452 ) ;
#2641 = CARTESIAN_POINT ( 'NONE',  ( -0.7599955587108950805, 1.399333577425368791, -0.1006664225746310148 ) ) ;
#2642 = CARTESIAN_POINT ( 'NONE',  ( -0.6600000000000000311, -1.399999999999998579, -0.1000000000000000056 ) ) ;
#2643 =( NAMED_UNIT ( * ) PLANE_ANGLE_UNIT ( ) SI_UNIT ( $, .RADIAN. ) );
#2644 = ORIENTED_EDGE ( 'NONE', *, *, #1965, .F. ) ;
#2645 = DIRECTION ( 'NONE',  ( 0.000000000000000000, -1.000000000000000000, 0.000000000000000000 ) ) ;
#2646 = PRESENTATION_STYLE_ASSIGNMENT (( #955 ) ) ;
#2647 = ORIENTED_EDGE ( 'NONE', *, *, #935, .T. ) ;
#2648 = DIRECTION ( 'NONE',  ( -1.000000000000000000, 0.000000000000000000, 0.000000000000000000 ) ) ;
#2649 = CARTESIAN_POINT ( 'NONE',  ( 1.000000000000000000, -2.500000000000000888, -0.4489213562373092770 ) ) ;
#2650 = LINE ( 'NONE', #1197, #3045 ) ;
#2651 = ORIENTED_EDGE ( 'NONE', *, *, #760, .F. ) ;
#2652 = DIRECTION ( 'NONE',  ( 0.000000000000000000, 0.000000000000000000, 1.000000000000000000 ) ) ;
#2653 = EDGE_CURVE ( 'NONE', #1971, #792, #3215, .T. ) ;
#2654 = CARTESIAN_POINT ( 'NONE',  ( 0.5000000000000000000, -4.984500000000000597, -4.115000000000000213 ) ) ;
#2655 = FILL_AREA_STYLE ('',( #664 ) ) ;
#2656 = CYLINDRICAL_SURFACE ( 'NONE', #1677, 0.09999999999999999167 ) ;
#2657 = ORIENTED_EDGE ( 'NONE', *, *, #634, .F. ) ;
#2658 = SURFACE_STYLE_FILL_AREA ( #420 ) ;
#2659 = EDGE_CURVE ( 'NONE', #1680, #27, #3269, .T. ) ;
#2660 = CARTESIAN_POINT ( 'NONE',  ( 1.500000000000000000, -2.750000000000000000, -4.315000000000000391 ) ) ;
#2661 = COLOUR_RGB ( '',0.6901960784313725394, 0.6117647058823529882, 0.5294117647058823595 ) ;
#2662 = VECTOR ( 'NONE', #343, 1000.000000000000000 ) ;
#2663 = EDGE_LOOP ( 'NONE', ( #3038, #2059, #2250, #2997, #463, #1084, #2371, #3024 ) ) ;
#2664 = DIRECTION ( 'NONE',  ( -0.000000000000000000, -0.000000000000000000, -1.000000000000000000 ) ) ;
#2665 = CARTESIAN_POINT ( 'NONE',  ( 0.4999999999032406217, -2.041421356237309581, -0.4074999999999998068 ) ) ;
#2666 = LINE ( 'NONE', #1503, #1450 ) ;
#2667 = DIRECTION ( 'NONE',  ( -0.000000000000000000, -0.000000000000000000, 1.000000000000000000 ) ) ;
#2668 = PRESENTATION_LAYER_ASSIGNMENT (  '', '', ( #2068 ) ) ;
#2669 = SURFACE_STYLE_FILL_AREA ( #2372 ) ;
#2670 = ADVANCED_FACE ( 'NONE', ( #927 ), #2045, .T. ) ;
#2671 = DIRECTION ( 'NONE',  ( 0.000000000000000000, 0.000000000000000000, 1.000000000000000000 ) ) ;
#2672 = UNCERTAINTY_MEASURE_WITH_UNIT (LENGTH_MEASURE( 1.000000000000000082E-05 ), #2482, 'distance_accuracy_value', 'NONE');
#2673 = ORIENTED_EDGE ( 'NONE', *, *, #1125, .F. ) ;
#2674 =( LENGTH_UNIT ( ) NAMED_UNIT ( * ) SI_UNIT ( .MILLI., .METRE. ) );
#2675 = VECTOR ( 'NONE', #1958, 1000.000000000000000 ) ;
#2676 = CARTESIAN_POINT ( 'NONE',  ( 0.6599999999999996980, -1.470710678118654968, -0.02928932188134531628 ) ) ;
#2677 = FACE_OUTER_BOUND ( 'NONE', #2895, .T. ) ;
#2678 = VECTOR ( 'NONE', #416, 1000.000000000000000 ) ;
#2679 = LINE ( 'NONE', #121, #1827 ) ;
#2680 = VECTOR ( 'NONE', #2709, 1000.000000000000000 ) ;
#2681 = DIRECTION ( 'NONE',  ( 0.000000000000000000, 0.000000000000000000, -1.000000000000000000 ) ) ;
#2682 = COLOUR_RGB ( '',0.4274509803921568429, 0.4470588235294117307, 0.4274509803921568429 ) ;
#2683 = CIRCLE ( 'NONE', #3168, 0.1000000000000000472 ) ;
#2684 = ORIENTED_EDGE ( 'NONE', *, *, #2409, .T. ) ;
#2685 = LINE ( 'NONE', #2896, #3220 ) ;
#2686 = EDGE_CURVE ( 'NONE', #3224, #701, #1354, .T. ) ;
#2687 = FILL_AREA_STYLE ('',( #2083 ) ) ;
#2688 = VECTOR ( 'NONE', #2288, 1000.000000000000000 ) ;
#2689 = CARTESIAN_POINT ( 'NONE',  ( 0.5000000000000000000, -2.500000000000000000, -0.8149999999999999467 ) ) ;
#2690 = CARTESIAN_POINT ( 'NONE',  ( 1.750000000000000000, 1.500000000000000000, 0.000000000000000000 ) ) ;
#2691 = AXIS2_PLACEMENT_3D ( 'NONE', #1744, #2882, #73 ) ;
#2692 = DIRECTION ( 'NONE',  ( 0.000000000000000000, -0.7071067811865482389, 0.7071067811865466846 ) ) ;
#2693 = LINE ( 'NONE', #435, #1731 ) ;
#2694 = EDGE_LOOP ( 'NONE', ( #596, #586, #1106, #941 ) ) ;
#2695 = VECTOR ( 'NONE', #2229, 1000.000000000000000 ) ;
#2696 = EDGE_CURVE ( 'NONE', #3583, #3425, #2192, .T. ) ;
#2697 = DIRECTION ( 'NONE',  ( 0.000000000000000000, 0.000000000000000000, 1.000000000000000000 ) ) ;
#2698 = SURFACE_SIDE_STYLE ('',( #2040 ) ) ;
#2699 = MECHANICAL_DESIGN_GEOMETRIC_PRESENTATION_REPRESENTATION (  '', ( #579 ), #2039 ) ;
#2700 = ORIENTED_EDGE ( 'NONE', *, *, #601, .F. ) ;
#2701 = CARTESIAN_POINT ( 'NONE',  ( -0.8906384401416571617, -2.399436579927276991, -0.4075000000000000844 ) ) ;
#2702 = UNCERTAINTY_MEASURE_WITH_UNIT (LENGTH_MEASURE( 1.000000000000000082E-05 ), #952, 'distance_accuracy_value', 'NONE');
#2703 = EDGE_LOOP ( 'NONE', ( #41, #2177, #1470, #2700 ) ) ;
#2704 = CARTESIAN_POINT ( 'NONE',  ( -0.5000000000000000000, 2.500000000000000000, -0.5074999999999999512 ) ) ;
#2705 =( NAMED_UNIT ( * ) PLANE_ANGLE_UNIT ( ) SI_UNIT ( $, .RADIAN. ) );
#2706 = SURFACE_SIDE_STYLE ('',( #2388 ) ) ;
#2707 = ORIENTED_EDGE ( 'NONE', *, *, #1826, .T. ) ;
#2708 = CARTESIAN_POINT ( 'NONE',  ( 0.9000000000000001332, 3.000000000000000000, -0.5074999999999999512 ) ) ;
#2709 = DIRECTION ( 'NONE',  ( 0.000000000000000000, 0.000000000000000000, -1.000000000000000000 ) ) ;
#2710 = LINE ( 'NONE', #2731, #567 ) ;
#2711 = ORIENTED_EDGE ( 'NONE', *, *, #2455, .F. ) ;
#2712 = SURFACE_SIDE_STYLE ('',( #2446 ) ) ;
#2713 = PRODUCT ( 'FSMSM', 'FSMSM', '', ( #3613 ) ) ;
#2714 = LINE ( 'NONE', #514, #2215 ) ;
#2715 =( BOUNDED_SURFACE ( )  B_SPLINE_SURFACE ( 3, 3, ( 
 ( #1600, #812, #3282, #1642 ),
 ( #245, #3553, #2417, #2150 ),
 ( #494, #3313, #1367, #744 ),
 ( #2168, #1890, #2483, #2466 ) ),
 .UNSPECIFIED., .F., .F., .T. ) 
 B_SPLINE_SURFACE_WITH_KNOTS ( ( 4, 4 ),
 ( 4, 4 ),
 ( 0.000000000000000000, 1.000000000000000000 ),
 ( 0.000000000000000000, 1.000000000000000000 ),
 .UNSPECIFIED. ) 
 GEOMETRIC_REPRESENTATION_ITEM ( )  RATIONAL_B_SPLINE_SURFACE ( (
 ( 1.000000000000000000, 0.8047378541243576100, 0.8047378541243576100, 1.000000000000000000),
 ( 0.8025111867385934517, 0.6458111303268073700, 0.6458111303268073700, 0.8025111867385934517),
 ( 0.8025111867385934517, 0.6458111303268073700, 0.6458111303268073700, 0.8025111867385934517),
 ( 1.000000000000000000, 0.8047378541243576100, 0.8047378541243576100, 1.000000000000000000) ) ) 
 REPRESENTATION_ITEM ( '' )  SURFACE ( )  );
#2716 = ORIENTED_EDGE ( 'NONE', *, *, #3111, .T. ) ;
#2717 = CARTESIAN_POINT ( 'NONE',  ( -0.8608628781586097345, -2.327010602421954566, -0.4074999999999999178 ) ) ;
#2718 = EDGE_CURVE ( 'NONE', #1326, #918, #939, .T. ) ;
#2719 = EDGE_LOOP ( 'NONE', ( #2943, #1649, #882, #133 ) ) ;
#2720 = ORIENTED_EDGE ( 'NONE', *, *, #527, .T. ) ;
#2721 = LINE ( 'NONE', #199, #2022 ) ;
#2722 = VECTOR ( 'NONE', #1738, 1000.000000000000000 ) ;
#2723 =( GEOMETRIC_REPRESENTATION_CONTEXT ( 3 ) GLOBAL_UNCERTAINTY_ASSIGNED_CONTEXT ( ( #1840 ) ) GLOBAL_UNIT_ASSIGNED_CONTEXT ( ( #3261, #2041, #139 ) ) REPRESENTATION_CONTEXT ( 'NONE', 'WORKASPACE' ) );
#2724 = CYLINDRICAL_SURFACE ( 'NONE', #3394, 0.5000000000000000000 ) ;
#2725 = ORIENTED_EDGE ( 'NONE', *, *, #2442, .T. ) ;
#2726 = DIRECTION ( 'NONE',  ( 0.000000000000000000, 0.000000000000000000, -1.000000000000000000 ) ) ;
#2727 = STYLED_ITEM ( 'NONE', ( #1540 ), #2189 ) ;
#2728 = PLANE ( 'NONE',  #2269 ) ;
#2729 = APPLICATION_CONTEXT ( 'automotive_design' ) ;
#2730 = CARTESIAN_POINT ( 'NONE',  ( -1.750000000000000000, 0.000000000000000000, -4.065000000000001279 ) ) ;
#2731 = CARTESIAN_POINT ( 'NONE',  ( 0.5000000000000000000, 2.000000000000000000, -0.8149999999999999467 ) ) ;
#2732 = ORIENTED_EDGE ( 'NONE', *, *, #3240, .F. ) ;
#2733 = PRESENTATION_STYLE_ASSIGNMENT (( #1307 ) ) ;
#2734 = EDGE_CURVE ( 'NONE', #2340, #3233, #2721, .T. ) ;
#2735 =( NAMED_UNIT ( * ) PLANE_ANGLE_UNIT ( ) SI_UNIT ( $, .RADIAN. ) );
#2736 = DIRECTION ( 'NONE',  ( 0.000000000000000000, -0.000000000000000000, 1.000000000000000000 ) ) ;
#2737 = VERTEX_POINT ( 'NONE', #2134 ) ;
#2738 = VECTOR ( 'NONE', #2958, 1000.000000000000000 ) ;
#2739 = FACE_OUTER_BOUND ( 'NONE', #993, .T. ) ;
#2740 = FILL_AREA_STYLE_COLOUR ( '', #2682 ) ;
#2741 = EDGE_CURVE ( 'NONE', #376, #755, #3289, .T. ) ;
#2742 = STYLED_ITEM ( 'NONE', ( #3320 ), #2670 ) ;
#2743 = SURFACE_STYLE_USAGE ( .BOTH. , #2706 ) ;
#2744 = ORIENTED_EDGE ( 'NONE', *, *, #699, .T. ) ;
#2745 = DIRECTION ( 'NONE',  ( 0.000000000000000000, 0.000000000000000000, 1.000000000000000000 ) ) ;
#2746 = ADVANCED_FACE ( 'NONE', ( #1865 ), #3056, .T. ) ;
#2747 = CARTESIAN_POINT ( 'NONE',  ( -0.7724422362932771291, -1.434571554749778377, -0.07102088005596723930 ) ) ;
#2748 = VERTEX_POINT ( 'NONE', #1336 ) ;
#2749 = CARTESIAN_POINT ( 'NONE',  ( 0.5000000000000000000, -2.500000000000000000, -0.5074999999999999512 ) ) ;
#2750 = AXIS2_PLACEMENT_3D ( 'NONE', #758, #1637, #470 ) ;
#2751 = CARTESIAN_POINT ( 'NONE',  ( -0.5000000000000000000, 3.720000000000000195, -3.714999999999999858 ) ) ;
#2752 = CIRCLE ( 'NONE', #2990, 0.09999999999999982514 ) ;
#2753 = DIRECTION ( 'NONE',  ( -1.000000000000000000, 0.000000000000000000, 0.000000000000000000 ) ) ;
#2754 = SURFACE_STYLE_FILL_AREA ( #3068 ) ;
#2755 = EDGE_LOOP ( 'NONE', ( #738, #1375, #2452 ) ) ;
#2756 = PRESENTATION_LAYER_ASSIGNMENT (  '', '', ( #579 ) ) ;
#2757 = CARTESIAN_POINT ( 'NONE',  ( 0.6600000000000000311, -1.470710678118654746, -0.02928932188134527811 ) ) ;
#2758 = DIRECTION ( 'NONE',  ( 0.000000000000000000, 0.000000000000000000, 1.000000000000000000 ) ) ;
#2759 =( NAMED_UNIT ( * ) SI_UNIT ( $, .STERADIAN. ) SOLID_ANGLE_UNIT ( ) );
#2760 = VERTEX_POINT ( 'NONE', #252 ) ;
#2761 = CARTESIAN_POINT ( 'NONE',  ( 0.4999999999578002563, -2.100000000000000089, -0.4074999999999999734 ) ) ;
#2762 = ORIENTED_EDGE ( 'NONE', *, *, #3132, .T. ) ;
#2763 =( LENGTH_UNIT ( ) NAMED_UNIT ( * ) SI_UNIT ( .MILLI., .METRE. ) );
#2764 =( NAMED_UNIT ( * ) SI_UNIT ( $, .STERADIAN. ) SOLID_ANGLE_UNIT ( ) );
#2765 = VERTEX_POINT ( 'NONE', #1372 ) ;
#2766 = PLANE ( 'NONE',  #539 ) ;
#2767 = EDGE_CURVE ( 'NONE', #1298, #3643, #3632, .T. ) ;
#2768 = LINE ( 'NONE', #549, #1206 ) ;
#2769 = LINE ( 'NONE', #244, #1911 ) ;
#2770 = EDGE_CURVE ( 'NONE', #3258, #2737, #2256, .T. ) ;
#2771 = FACE_OUTER_BOUND ( 'NONE', #796, .T. ) ;
#2772 = ORIENTED_EDGE ( 'NONE', *, *, #923, .T. ) ;
#2773 = LINE ( 'NONE', #248, #1008 ) ;
#2774 = DIRECTION ( 'NONE',  ( -1.000000000000000000, 0.000000000000000000, 0.000000000000000000 ) ) ;
#2775 = ORIENTED_EDGE ( 'NONE', *, *, #2072, .T. ) ;
#2776 = EDGE_CURVE ( 'NONE', #108, #543, #2574, .T. ) ;
#2777 =( NAMED_UNIT ( * ) PLANE_ANGLE_UNIT ( ) SI_UNIT ( $, .RADIAN. ) );
#2778 = ORIENTED_EDGE ( 'NONE', *, *, #1436, .F. ) ;
#2779 = DIRECTION ( 'NONE',  ( -0.000000000000000000, -0.000000000000000000, -1.000000000000000000 ) ) ;
#2780 = VERTEX_POINT ( 'NONE', #3 ) ;
#2781 = PRESENTATION_STYLE_ASSIGNMENT (( #1650 ) ) ;
#2782 = CARTESIAN_POINT ( 'NONE',  ( -0.5000000000000000000, 4.269999999999999574, -3.714999999999999858 ) ) ;
#2783 = CIRCLE ( 'NONE', #3322, 0.5500000000000001554 ) ;
#2784 = UNCERTAINTY_MEASURE_WITH_UNIT (LENGTH_MEASURE( 1.000000000000000082E-05 ), #1202, 'distance_accuracy_value', 'NONE');
#2785 = EDGE_LOOP ( 'NONE', ( #1992, #2470, #546, #2802 ) ) ;
#2786 = AXIS2_PLACEMENT_3D ( 'NONE', #189, #1049, #2697 ) ;
#2787 = EDGE_LOOP ( 'NONE', ( #1007, #398, #1830, #3033, #1765, #32, #857, #2290, #19, #253, #2131, #3306 ) ) ;
#2788 = SURFACE_STYLE_FILL_AREA ( #3385 ) ;
#2789 = AXIS2_PLACEMENT_3D ( 'NONE', #725, #104, #1834 ) ;
#2790 = LINE ( 'NONE', #462, #2578 ) ;
#2791 = PRESENTATION_STYLE_ASSIGNMENT (( #231 ) ) ;
#2792 = CYLINDRICAL_SURFACE ( 'NONE', #169, 0.1000000000000000472 ) ;
#2793 = VERTEX_POINT ( 'NONE', #1659 ) ;
#2794 =( NAMED_UNIT ( * ) SI_UNIT ( $, .STERADIAN. ) SOLID_ANGLE_UNIT ( ) );
#2795 = AXIS2_PLACEMENT_3D ( 'NONE', #1939, #1147, #2832 ) ;
#2796 = EDGE_LOOP ( 'NONE', ( #3586, #474, #685, #3063 ) ) ;
#2797 = CARTESIAN_POINT ( 'NONE',  ( -1.000000000000000000, 2.500000000000000888, -0.4489213562373094435 ) ) ;
#2798 = CIRCLE ( 'NONE', #2196, 0.5000000000000000000 ) ;
#2799 = DIRECTION ( 'NONE',  ( 0.000000000000000000, 1.000000000000000000, 0.000000000000000000 ) ) ;
#2800 = EDGE_CURVE ( 'NONE', #1706, #3477, #3653, .T. ) ;
#2801 =( GEOMETRIC_REPRESENTATION_CONTEXT ( 3 ) GLOBAL_UNCERTAINTY_ASSIGNED_CONTEXT ( ( #784 ) ) GLOBAL_UNIT_ASSIGNED_CONTEXT ( ( #1997, #2588, #2937 ) ) REPRESENTATION_CONTEXT ( 'NONE', 'WORKASPACE' ) );
#2802 = ORIENTED_EDGE ( 'NONE', *, *, #3336, .F. ) ;
#2803 = CARTESIAN_POINT ( 'NONE',  ( 0.7928932188626857114, 2.000000000000000444, -0.5074999999999999512 ) ) ;
#2804 = AXIS2_PLACEMENT_3D ( 'NONE', #610, #648, #340 ) ;
#2805 = CARTESIAN_POINT ( 'NONE',  ( -0.5000000000000000000, -4.269999999999999574, -3.714999999999999858 ) ) ;
#2806 = EDGE_LOOP ( 'NONE', ( #524, #1884, #3491, #2236 ) ) ;
#2807 = EDGE_LOOP ( 'NONE', ( #1718, #3372, #845, #2242 ) ) ;
#2808 =( NAMED_UNIT ( * ) PLANE_ANGLE_UNIT ( ) SI_UNIT ( $, .RADIAN. ) );
#2809 = SURFACE_STYLE_FILL_AREA ( #3127 ) ;
#2810 = LINE ( 'NONE', #3649, #44 ) ;
#2811 =( GEOMETRIC_REPRESENTATION_CONTEXT ( 3 ) GLOBAL_UNCERTAINTY_ASSIGNED_CONTEXT ( ( #2966 ) ) GLOBAL_UNIT_ASSIGNED_CONTEXT ( ( #2373, #2643, #1780 ) ) REPRESENTATION_CONTEXT ( 'NONE', 'WORKASPACE' ) );
#2812 = ORIENTED_EDGE ( 'NONE', *, *, #382, .F. ) ;
#2813 = VECTOR ( 'NONE', #3493, 1000.000000000000000 ) ;
#2814 = CIRCLE ( 'NONE', #1035, 0.1000000000000000472 ) ;
#2815 = VECTOR ( 'NONE', #3182, 1000.000000000000000 ) ;
#2816 = DIRECTION ( 'NONE',  ( 1.000000000000000000, 0.000000000000000000, 0.000000000000000000 ) ) ;
#2817 = CIRCLE ( 'NONE', #2453, 0.1000000000000000056 ) ;
#2818 = CARTESIAN_POINT ( 'NONE',  ( -1.750000000000000000, -3.000000000000000000, -4.315000000000000391 ) ) ;
#2819 = B_SPLINE_CURVE_WITH_KNOTS ( 'NONE', 3,
 ( #901, #2278, #598, #2021, #328, #1207, #3415, #1442, #347, #2254, #873, #1983, #1966, #3113, #1754, #2571, #2550 ),
 .UNSPECIFIED., .F., .F.,
 ( 4, 2, 2, 2, 2, 1, 2, 2, 4 ),
 ( 0.000000000000000000, 0.1249999999999992228, 0.2499999999999984457, 0.3749999999999976685, 0.4999999999999968914, 0.6249999999999961142, 0.6874999999999964473, 0.7499999999999968914, 1.000000000000000000 ),
 .UNSPECIFIED. ) ;
#2820 = DIRECTION ( 'NONE',  ( -1.000000000000000000, 0.000000000000000000, -0.000000000000000000 ) ) ;
#2821 = VERTEX_POINT ( 'NONE', #2836 ) ;
#2822 = PLANE ( 'NONE',  #660 ) ;
#2823 = EDGE_CURVE ( 'NONE', #3661, #569, #2281, .T. ) ;
#2824 = ORIENTED_EDGE ( 'NONE', *, *, #3437, .F. ) ;
#2825 = DIRECTION ( 'NONE',  ( 1.000000000000000000, 0.000000000000000000, 0.000000000000000000 ) ) ;
#2826 = CARTESIAN_POINT ( 'NONE',  ( 1.000000000062093441, 2.207106781243314497, -0.5074999999999999512 ) ) ;
#2827 = FILL_AREA_STYLE_COLOUR ( '', #1506 ) ;
#2828 = ORIENTED_EDGE ( 'NONE', *, *, #1201, .T. ) ;
#2829 = ORIENTED_EDGE ( 'NONE', *, *, #2592, .F. ) ;
#2830 = DIRECTION ( 'NONE',  ( 0.000000000000000000, -0.000000000000000000, 1.000000000000000000 ) ) ;
#2831 = CARTESIAN_POINT ( 'NONE',  ( -0.5000000000000000000, -2.000000000000000000, -0.4489213562373093880 ) ) ;
#2832 = DIRECTION ( 'NONE',  ( 0.000000000000000000, 0.000000000000000000, -1.000000000000000000 ) ) ;
#2833 = ORIENTED_EDGE ( 'NONE', *, *, #120, .F. ) ;
#2834 =( LENGTH_UNIT ( ) NAMED_UNIT ( * ) SI_UNIT ( .MILLI., .METRE. ) );
#2835 = DIRECTION ( 'NONE',  ( 0.000000000000000000, 0.000000000000000000, 1.000000000000000000 ) ) ;
#2836 = CARTESIAN_POINT ( 'NONE',  ( -1.750000000000000000, 2.750000000000000000, -0.8149999999999999467 ) ) ;
#2837 = ADVANCED_FACE ( 'NONE', ( #2514 ), #600, .T. ) ;
#2838 = SURFACE_STYLE_USAGE ( .BOTH. , #3117 ) ;
#2839 = ORIENTED_EDGE ( 'NONE', *, *, #2006, .T. ) ;
#2840 = DIRECTION ( 'NONE',  ( -1.000000000000000000, 0.000000000000000000, 0.000000000000000000 ) ) ;
#2841 = CARTESIAN_POINT ( 'NONE',  ( 0.7343145750901486357, 2.100000000000000533, -0.4074999999999999178 ) ) ;
#2842 =( NAMED_UNIT ( * ) SI_UNIT ( $, .STERADIAN. ) SOLID_ANGLE_UNIT ( ) );
#2843 = ORIENTED_EDGE ( 'NONE', *, *, #1721, .F. ) ;
#2844 = SURFACE_SIDE_STYLE ('',( #2788 ) ) ;
#2845 =( NAMED_UNIT ( * ) SI_UNIT ( $, .STERADIAN. ) SOLID_ANGLE_UNIT ( ) );
#2846 =( GEOMETRIC_REPRESENTATION_CONTEXT ( 3 ) GLOBAL_UNCERTAINTY_ASSIGNED_CONTEXT ( ( #1342 ) ) GLOBAL_UNIT_ASSIGNED_CONTEXT ( ( #392, #1513, #2381 ) ) REPRESENTATION_CONTEXT ( 'NONE', 'WORKASPACE' ) );
#2847 = CARTESIAN_POINT ( 'NONE',  ( -0.5000000000000000000, 4.519999999999999574, -3.865000000000000213 ) ) ;
#2848 = SURFACE_SIDE_STYLE ('',( #1998 ) ) ;
#2849 = ORIENTED_EDGE ( 'NONE', *, *, #3240, .T. ) ;
#2850 = CARTESIAN_POINT ( 'NONE',  ( -0.7185760421157667555, 1.328626039772357270, -0.02995888492161963984 ) ) ;
#2851 = ORIENTED_EDGE ( 'NONE', *, *, #2499, .F. ) ;
#2852 = LINE ( 'NONE', #3092, #1171 ) ;
#2853 = ADVANCED_FACE ( 'NONE', ( #1949 ), #560, .T. ) ;
#2854 = CARTESIAN_POINT ( 'NONE',  ( -0.5000000000000000000, 3.720000000000000195, -3.714999999999999858 ) ) ;
#2855 = SURFACE_STYLE_USAGE ( .BOTH. , #583 ) ;
#2856 = CARTESIAN_POINT ( 'NONE',  ( -1.750000000000000000, 1.500000000000000000, -4.315000000000000391 ) ) ;
#2857 = ORIENTED_EDGE ( 'NONE', *, *, #3516, .T. ) ;
#2858 = CARTESIAN_POINT ( 'NONE',  ( 1.000000000000000000, -1.500000000000000000, -4.315000000000000391 ) ) ;
#2859 = AXIS2_PLACEMENT_3D ( 'NONE', #33, #1124, #1993 ) ;
#2860 = DIRECTION ( 'NONE',  ( 0.000000000000000000, 0.000000000000000000, -1.000000000000000000 ) ) ;
#2861 =( GEOMETRIC_REPRESENTATION_CONTEXT ( 3 ) GLOBAL_UNCERTAINTY_ASSIGNED_CONTEXT ( ( #3559 ) ) GLOBAL_UNIT_ASSIGNED_CONTEXT ( ( #3304, #2998, #467 ) ) REPRESENTATION_CONTEXT ( 'NONE', 'WORKASPACE' ) );
#2862 = COLOUR_RGB ( '',0.6901960784313725394, 0.6117647058823529882, 0.5294117647058823595 ) ;
#2863 = SURFACE_STYLE_USAGE ( .BOTH. , #2241 ) ;
#2864 = ORIENTED_EDGE ( 'NONE', *, *, #2659, .T. ) ;
#2865 = FACE_OUTER_BOUND ( 'NONE', #1952, .T. ) ;
#2866 = CARTESIAN_POINT ( 'NONE',  ( 0.5000000000000000000, 0.000000000000000000, -4.415000000000000924 ) ) ;
#2867 = MECHANICAL_DESIGN_GEOMETRIC_PRESENTATION_REPRESENTATION (  '', ( #3284 ), #1498 ) ;
#2868 = LINE ( 'NONE', #2617, #2116 ) ;
#2869 = EDGE_CURVE ( 'NONE', #2275, #3057, #2509, .T. ) ;
#2870 = DIRECTION ( 'NONE',  ( -1.000000000000000000, -0.000000000000000000, -0.000000000000000000 ) ) ;
#2871 =( LENGTH_UNIT ( ) NAMED_UNIT ( * ) SI_UNIT ( .MILLI., .METRE. ) );
#2872 = AXIS2_PLACEMENT_3D ( 'NONE', #1157, #2287, #3422 ) ;
#2873 = EDGE_LOOP ( 'NONE', ( #2851, #1942, #996, #1956 ) ) ;
#2874 = CARTESIAN_POINT ( 'NONE',  ( 0.7724422362932771291, 1.434571554749777489, -0.07102088005596761400 ) ) ;
#2875 = PRESENTATION_LAYER_ASSIGNMENT (  '', '', ( #1853 ) ) ;
#2876 = DIRECTION ( 'NONE',  ( 0.000000000000000000, 1.000000000000000000, -0.000000000000000000 ) ) ;
#2877 = LINE ( 'NONE', #349, #225 ) ;
#2878 = VECTOR ( 'NONE', #1384, 1000.000000000000000 ) ;
#2879 = ORIENTED_EDGE ( 'NONE', *, *, #923, .F. ) ;
#2880 = DIRECTION ( 'NONE',  ( 1.000000000000000000, -0.000000000000000000, 0.000000000000000000 ) ) ;
#2881 = CARTESIAN_POINT ( 'NONE',  ( -1.000000000000000000, 2.500000000000000000, -0.5074999999999999512 ) ) ;
#2882 = DIRECTION ( 'NONE',  ( 0.000000000000000000, 1.000000000000000000, -0.000000000000000000 ) ) ;
#2883 = CIRCLE ( 'NONE', #3052, 0.5499999999999997113 ) ;
#2884 = ORIENTED_EDGE ( 'NONE', *, *, #54, .F. ) ;
#2885 = DIRECTION ( 'NONE',  ( -1.000000000000000000, -0.000000000000000000, 0.000000000000000000 ) ) ;
#2886 = CARTESIAN_POINT ( 'NONE',  ( -0.5000000000000000000, -2.041421356237309581, -0.4074999999999998068 ) ) ;
#2887 = CARTESIAN_POINT ( 'NONE',  ( -0.6600000000000000311, 1.399999999999999911, -0.1000000000000000056 ) ) ;
#2888 = CARTESIAN_POINT ( 'NONE',  ( 0.5000000000000000000, -2.000000000000000000, -0.5074999999999999512 ) ) ;
#2889 = EDGE_CURVE ( 'NONE', #108, #3151, #974, .T. ) ;
#2890 = ORIENTED_EDGE ( 'NONE', *, *, #1863, .T. ) ;
#2891 = SURFACE_STYLE_USAGE ( .BOTH. , #3170 ) ;
#2892 = CARTESIAN_POINT ( 'NONE',  ( -1.000000000000000000, -1.500000000000000000, -4.315000000000000391 ) ) ;
#2893 =( NAMED_UNIT ( * ) SI_UNIT ( $, .STERADIAN. ) SOLID_ANGLE_UNIT ( ) );
#2894 = ADVANCED_FACE ( 'NONE', ( #3374, #291 ), #3417, .T. ) ;
#2895 = EDGE_LOOP ( 'NONE', ( #1615, #823, #1321, #3084, #1651 ) ) ;
#2896 = CARTESIAN_POINT ( 'NONE',  ( 0.9999999999999997780, 0.000000000000000000, -4.065000000000001279 ) ) ;
#2897 = EDGE_CURVE ( 'NONE', #3325, #511, #886, .T. ) ;
#2898 = DIRECTION ( 'NONE',  ( -0.000000000000000000, -0.000000000000000000, 1.000000000000000000 ) ) ;
#2899 = PRESENTATION_STYLE_ASSIGNMENT (( #629 ) ) ;
#2900 = DIRECTION ( 'NONE',  ( -0.7071067811865474617, 0.000000000000000000, 0.7071067811865475727 ) ) ;
#2901 = SURFACE_STYLE_FILL_AREA ( #3165 ) ;
#2902 = CARTESIAN_POINT ( 'NONE',  ( 0.7190173355495108609, -1.446264897318923603, -0.004843541081614082498 ) ) ;
#2903 = VERTEX_POINT ( 'NONE', #1737 ) ;
#2904 = PRESENTATION_LAYER_ASSIGNMENT (  '', '', ( #9 ) ) ;
#2905 = VECTOR ( 'NONE', #3145, 1000.000000000000000 ) ;
#2906 = FILL_AREA_STYLE ('',( #1227 ) ) ;
#2907 = VECTOR ( 'NONE', #423, 1000.000000000000000 ) ;
#2908 = COLOUR_RGB ( '',0.6901960784313725394, 0.6117647058823529882, 0.5294117647058823595 ) ;
#2909 = EDGE_CURVE ( 'NONE', #570, #2151, #2877, .T. ) ;
#2910 = DIRECTION ( 'NONE',  ( 1.000000000000000000, 0.000000000000000000, 0.000000000000000000 ) ) ;
#2911 = ORIENTED_EDGE ( 'NONE', *, *, #2499, .T. ) ;
#2912 = AXIS2_PLACEMENT_3D ( 'NONE', #2933, #96, #1216 ) ;
#2913 = EDGE_CURVE ( 'NONE', #207, #2903, #67, .T. ) ;
#2914 = DIRECTION ( 'NONE',  ( -1.000000000000000000, 0.000000000000000000, -0.000000000000000000 ) ) ;
#2915 = VERTEX_POINT ( 'NONE', #904 ) ;
#2916 = DIRECTION ( 'NONE',  ( -0.000000000000000000, 1.000000000000000000, 0.000000000000000000 ) ) ;
#2917 = CARTESIAN_POINT ( 'NONE',  ( -0.6945715547497796072, 1.512442236293276343, -0.07102088005596642051 ) ) ;
#2918 = AXIS2_PLACEMENT_3D ( 'NONE', #825, #2267, #2291 ) ;
#2919 = DIRECTION ( 'NONE',  ( -1.000000000000000000, -0.000000000000000000, 0.000000000000000000 ) ) ;
#2920 = CARTESIAN_POINT ( 'NONE',  ( 0.6599999999999999201, -1.369962439680784572, 0.01216412468090237800 ) ) ;
#2921 = ORIENTED_EDGE ( 'NONE', *, *, #2696, .F. ) ;
#2922 = STYLED_ITEM ( 'NONE', ( #3077 ), #2484 ) ;
#2923 = DIRECTION ( 'NONE',  ( -0.000000000000000000, -1.000000000000000000, -0.000000000000000000 ) ) ;
#2924 = LINE ( 'NONE', #2351, #2367 ) ;
#2925 = EDGE_CURVE ( 'NONE', #2119, #2793, #344, .T. ) ;
#2926 = PRESENTATION_LAYER_ASSIGNMENT (  '', '', ( #1622 ) ) ;
#2927 = ORIENTED_EDGE ( 'NONE', *, *, #2520, .F. ) ;
#2928 = DIRECTION ( 'NONE',  ( 1.000000000000000000, 0.000000000000000000, 0.000000000000000000 ) ) ;
#2929 = CARTESIAN_POINT ( 'NONE',  ( 1.000000000000000000, -2.500000000000000888, -0.5074999999999999512 ) ) ;
#2930 = EDGE_CURVE ( 'NONE', #1842, #1674, #1451, .T. ) ;
#2931 = EDGE_CURVE ( 'NONE', #1331, #3661, #2814, .T. ) ;
#2932 = CARTESIAN_POINT ( 'NONE',  ( 0.6600000000000000311, 1.399999999999999911, -0.1000000000000000056 ) ) ;
#2933 = CARTESIAN_POINT ( 'NONE',  ( -0.5000000000000000000, 0.000000000000000000, 0.000000000000000000 ) ) ;
#2934 = CARTESIAN_POINT ( 'NONE',  ( 0.9000000000000000222, -2.999999999999999556, -0.4074999999999999734 ) ) ;
#2935 = CARTESIAN_POINT ( 'NONE',  ( 0.6600000000000000311, -1.399999999999999911, -0.1000000000000000056 ) ) ;
#2936 = STYLED_ITEM ( 'NONE', ( #97 ), #889 ) ;
#2937 =( NAMED_UNIT ( * ) SI_UNIT ( $, .STERADIAN. ) SOLID_ANGLE_UNIT ( ) );
#2938 = CARTESIAN_POINT ( 'NONE',  ( 0.5000000000000000000, -4.269999999999999574, -3.865000000000000213 ) ) ;
#2939 = ORIENTED_EDGE ( 'NONE', *, *, #649, .T. ) ;
#2940 = DIRECTION ( 'NONE',  ( 0.000000000000000000, -1.000000000000000000, 0.000000000000000000 ) ) ;
#2941 = DIRECTION ( 'NONE',  ( 0.000000000000000000, 1.000000000000000000, 0.000000000000000000 ) ) ;
#2942 = DIRECTION ( 'NONE',  ( -1.000000000000000000, 0.000000000000000000, 0.000000000000000000 ) ) ;
#2943 = ORIENTED_EDGE ( 'NONE', *, *, #1614, .F. ) ;
#2944 = DIRECTION ( 'NONE',  ( 0.000000000000000000, -0.7071067811865475727, 0.7071067811865475727 ) ) ;
#2945 = CARTESIAN_POINT ( 'NONE',  ( 0.8999999999999998002, -2.500000000000000888, -0.4074999999999999178 ) ) ;
#2946 = ADVANCED_FACE ( 'NONE', ( #1833 ), #2363, .T. ) ;
#2947 = PLANE ( 'NONE',  #2691 ) ;
#2948 = ORIENTED_EDGE ( 'NONE', *, *, #1497, .F. ) ;
#2949 = CARTESIAN_POINT ( 'NONE',  ( -0.6594133729404615396, -1.500551775759736417, -0.01728680857877441454 ) ) ;
#2950 = SURFACE_STYLE_FILL_AREA ( #1268 ) ;
#2951 = ORIENTED_EDGE ( 'NONE', *, *, #625, .F. ) ;
#2952 = PRESENTATION_STYLE_ASSIGNMENT (( #971 ) ) ;
#2953 = LINE ( 'NONE', #1526, #476 ) ;
#2954 = STYLED_ITEM ( 'NONE', ( #2332 ), #2058 ) ;
#2955 = DIRECTION ( 'NONE',  ( -1.000000000000000000, 0.000000000000000000, -0.000000000000000000 ) ) ;
#2956 = CIRCLE ( 'NONE', #2786, 0.1000000000000000056 ) ;
#2957 = VERTEX_POINT ( 'NONE', #138 ) ;
#2958 = DIRECTION ( 'NONE',  ( 1.000000000000000000, 0.000000000000000000, -0.000000000000000000 ) ) ;
#2959 = FACE_OUTER_BOUND ( 'NONE', #1872, .T. ) ;
#2960 = STYLED_ITEM ( 'NONE', ( #2899 ), #17 ) ;
#2961 = EDGE_CURVE ( 'NONE', #1301, #749, #119, .T. ) ;
#2962 = CARTESIAN_POINT ( 'NONE',  ( -0.6889791199440332692, -1.434571554749778599, 0.01244223629327612622 ) ) ;
#2963 = CARTESIAN_POINT ( 'NONE',  ( -0.7190173355495111940, 1.470710678118654746, -0.02928932188134519832 ) ) ;
#2964 = FACE_OUTER_BOUND ( 'NONE', #2694, .T. ) ;
#2965 = DIRECTION ( 'NONE',  ( 2.120005421213377872E-10, -1.000000000000000000, -0.000000000000000000 ) ) ;
#2966 = UNCERTAINTY_MEASURE_WITH_UNIT (LENGTH_MEASURE( 1.000000000000000082E-05 ), #2373, 'distance_accuracy_value', 'NONE');
#2967 = EDGE_LOOP ( 'NONE', ( #516, #3339, #2839, #2319 ) ) ;
#2968 = CYLINDRICAL_SURFACE ( 'NONE', #90, 0.5500000000000001554 ) ;
#2969 = EDGE_CURVE ( 'NONE', #2347, #108, #2074, .T. ) ;
#2970 = FILL_AREA_STYLE_COLOUR ( '', #79 ) ;
#2971 = COLOUR_RGB ( '',0.4274509803921568429, 0.4470588235294117307, 0.4274509803921568429 ) ;
#2972 = FILL_AREA_STYLE_COLOUR ( '', #2213 ) ;
#2973 =( GEOMETRIC_REPRESENTATION_CONTEXT ( 3 ) GLOBAL_UNCERTAINTY_ASSIGNED_CONTEXT ( ( #3041 ) ) GLOBAL_UNIT_ASSIGNED_CONTEXT ( ( #1098, #3637, #2986 ) ) REPRESENTATION_CONTEXT ( 'NONE', 'WORKASPACE' ) );
#2974 = ORIENTED_EDGE ( 'NONE', *, *, #3350, .F. ) ;
#2975 = MECHANICAL_DESIGN_GEOMETRIC_PRESENTATION_REPRESENTATION (  '', ( #622 ), #1613 ) ;
#2976 = DIRECTION ( 'NONE',  ( 1.000000000000000000, 0.000000000000000000, 0.000000000000000000 ) ) ;
#2977 = ORIENTED_EDGE ( 'NONE', *, *, #2337, .T. ) ;
#2978 = DIRECTION ( 'NONE',  ( -1.000000000000000000, -0.000000000000000000, -0.000000000000000000 ) ) ;
#2979 = CARTESIAN_POINT ( 'NONE',  ( -0.9000000000000001332, 2.500000000000000444, -0.4074999999999999178 ) ) ;
#2980 = CARTESIAN_POINT ( 'NONE',  ( -1.750000000000000000, -3.000000000000000000, -3.464999999999999414 ) ) ;
#2981 = VERTEX_POINT ( 'NONE', #689 ) ;
#2982 = DIRECTION ( 'NONE',  ( -1.000000000000000000, -0.000000000000000000, -0.000000000000000000 ) ) ;
#2983 =( GEOMETRIC_REPRESENTATION_CONTEXT ( 3 ) GLOBAL_UNCERTAINTY_ASSIGNED_CONTEXT ( ( #1053 ) ) GLOBAL_UNIT_ASSIGNED_CONTEXT ( ( #913, #2636, #3071 ) ) REPRESENTATION_CONTEXT ( 'NONE', 'WORKASPACE' ) );
#2984 = LINE ( 'NONE', #1575, #2680 ) ;
#2985 = AXIS2_PLACEMENT_3D ( 'NONE', #461, #2923, #3192 ) ;
#2986 =( NAMED_UNIT ( * ) SI_UNIT ( $, .STERADIAN. ) SOLID_ANGLE_UNIT ( ) );
#2987 = LINE ( 'NONE', #1850, #1619 ) ;
#2988 = ORIENTED_EDGE ( 'NONE', *, *, #2049, .F. ) ;
#2989 =( LENGTH_UNIT ( ) NAMED_UNIT ( * ) SI_UNIT ( .MILLI., .METRE. ) );
#2990 = AXIS2_PLACEMENT_3D ( 'NONE', #1580, #1618, #1011 ) ;
#2991 = ADVANCED_FACE ( 'NONE', ( #2627 ), #2349, .T. ) ;
#2992 = FACE_OUTER_BOUND ( 'NONE', #3560, .T. ) ;
#2993 = CARTESIAN_POINT ( 'NONE',  ( -1.750000000000000000, 1.500000000000000000, -4.065000000000001279 ) ) ;
#2994 = CARTESIAN_POINT ( 'NONE',  ( -1.500000000000000000, 3.000000000000000000, -0.8149999999999998357 ) ) ;
#2995 = EDGE_LOOP ( 'NONE', ( #6, #1915, #1032, #2420 ) ) ;
#2996 = UNCERTAINTY_MEASURE_WITH_UNIT (LENGTH_MEASURE( 1.000000000000000082E-05 ), #3610, 'distance_accuracy_value', 'NONE');
#2997 = ORIENTED_EDGE ( 'NONE', *, *, #1051, .T. ) ;
#2998 =( NAMED_UNIT ( * ) PLANE_ANGLE_UNIT ( ) SI_UNIT ( $, .RADIAN. ) );
#2999 = VERTEX_POINT ( 'NONE', #3227 ) ;
#3000 = CARTESIAN_POINT ( 'NONE',  ( 6.312599999999999767, 1.399999999999999911, -0.1000000000000000056 ) ) ;
#3001 = ADVANCED_FACE ( 'NONE', ( #2677 ), #2416, .T. ) ;
#3002 = CARTESIAN_POINT ( 'NONE',  ( -0.7600000000000000089, -1.500000000000000000, -0.8149999999999999467 ) ) ;
#3003 = ORIENTED_EDGE ( 'NONE', *, *, #1894, .F. ) ;
#3004 =( NAMED_UNIT ( * ) PLANE_ANGLE_UNIT ( ) SI_UNIT ( $, .RADIAN. ) );
#3005 = FILL_AREA_STYLE_COLOUR ( '', #740 ) ;
#3006 =( NAMED_UNIT ( * ) SI_UNIT ( $, .STERADIAN. ) SOLID_ANGLE_UNIT ( ) );
#3007 = CARTESIAN_POINT ( 'NONE',  ( -0.6600000000000000311, 1.470710678118654746, -0.02928932188134527811 ) ) ;
#3008 = ORIENTED_EDGE ( 'NONE', *, *, #3172, .T. ) ;
#3009 = CARTESIAN_POINT ( 'NONE',  ( 1.000000000000000000, 2.500000000000000000, -0.8149999999999999467 ) ) ;
#3010 = CARTESIAN_POINT ( 'NONE',  ( 0.7190173355495110830, -1.495156458918386333, -0.05373510268107654919 ) ) ;
#3011 = DIRECTION ( 'NONE',  ( 1.000000000000000000, -0.000000000000000000, 0.000000000000000000 ) ) ;
#3012 = SURFACE_SIDE_STYLE ('',( #2754 ) ) ;
#3013 = ORIENTED_EDGE ( 'NONE', *, *, #2375, .F. ) ;
#3014 = EDGE_CURVE ( 'NONE', #3397, #1789, #390, .T. ) ;
#3015 = DIRECTION ( 'NONE',  ( -1.000000000000000000, -0.000000000000000000, -0.000000000000000000 ) ) ;
#3016 = ORIENTED_EDGE ( 'NONE', *, *, #3295, .F. ) ;
#3017 = FILL_AREA_STYLE ('',( #2191 ) ) ;
#3018 = ORIENTED_EDGE ( 'NONE', *, *, #3471, .T. ) ;
#3019 = EDGE_CURVE ( 'NONE', #543, #1065, #3207, .T. ) ;
#3020 = STYLED_ITEM ( 'NONE', ( #3514 ), #1873 ) ;
#3021 = EDGE_LOOP ( 'NONE', ( #1491, #1928, #255 ) ) ;
#3022 = CARTESIAN_POINT ( 'NONE',  ( 0.6600000000000000311, -17.98008839999999964, -0.1000000000000000056 ) ) ;
#3023 = SURFACE_STYLE_FILL_AREA ( #2140 ) ;
#3024 = ORIENTED_EDGE ( 'NONE', *, *, #509, .T. ) ;
#3025 = SURFACE_SIDE_STYLE ('',( #3608 ) ) ;
#3026 = CARTESIAN_POINT ( 'NONE',  ( 0.5000000000000000000, 4.984500000000000597, 0.000000000000000000 ) ) ;
#3027 = PRESENTATION_STYLE_ASSIGNMENT (( #3625 ) ) ;
#3028 = VERTEX_POINT ( 'NONE', #1275 ) ;
#3029 = AXIS2_PLACEMENT_3D ( 'NONE', #1167, #2870, #2294 ) ;
#3030 = CARTESIAN_POINT ( 'NONE',  ( -0.8275422839046588930, -2.267357881506189887, -0.4074999999999998623 ) ) ;
#3031 = PRESENTATION_LAYER_ASSIGNMENT (  '', '', ( #2135 ) ) ;
#3032 = CARTESIAN_POINT ( 'NONE',  ( -1.000000000000000000, 1.500000000000000000, -4.315000000000000391 ) ) ;
#3033 = ORIENTED_EDGE ( 'NONE', *, *, #2913, .F. ) ;
#3034 = ORIENTED_EDGE ( 'NONE', *, *, #1837, .F. ) ;
#3035 = EDGE_CURVE ( 'NONE', #701, #316, #1817, .T. ) ;
#3036 = VECTOR ( 'NONE', #3479, 1000.000000000000000 ) ;
#3037 = DIRECTION ( 'NONE',  ( -0.000000000000000000, -0.000000000000000000, 1.000000000000000000 ) ) ;
#3038 = ORIENTED_EDGE ( 'NONE', *, *, #3540, .T. ) ;
#3039 = SURFACE_STYLE_USAGE ( .BOTH. , #1358 ) ;
#3040 = AXIS2_PLACEMENT_3D ( 'NONE', #932, #2965, #2050 ) ;
#3041 = UNCERTAINTY_MEASURE_WITH_UNIT (LENGTH_MEASURE( 1.000000000000000082E-05 ), #1098, 'distance_accuracy_value', 'NONE');
#3042 = CARTESIAN_POINT ( 'NONE',  ( -0.7721641246809048953, -1.458901866519352941, -0.1300375603192176210 ) ) ;
#3043 = ORIENTED_EDGE ( 'NONE', *, *, #1458, .T. ) ;
#3044 =( LENGTH_UNIT ( ) NAMED_UNIT ( * ) SI_UNIT ( .MILLI., .METRE. ) );
#3045 = VECTOR ( 'NONE', #2339, 1000.000000000000000 ) ;
#3046 = AXIS2_PLACEMENT_3D ( 'NONE', #3115, #3435, #2533 ) ;
#3047 = AXIS2_PLACEMENT_3D ( 'NONE', #2708, #3272, #2652 ) ;
#3048 = DIRECTION ( 'NONE',  ( 0.000000000000000000, 1.000000000000000000, -0.000000000000000000 ) ) ;
#3049 = AXIS2_PLACEMENT_3D ( 'NONE', #3107, #3166, #1671 ) ;
#3050 = DIRECTION ( 'NONE',  ( 0.000000000000000000, 0.000000000000000000, -1.000000000000000000 ) ) ;
#3051 = ADVANCED_FACE ( 'NONE', ( #1511 ), #2107, .T. ) ;
#3052 = AXIS2_PLACEMENT_3D ( 'NONE', #2854, #1463, #2513 ) ;
#3053 = PLANE ( 'NONE',  #76 ) ;
#3054 = DIRECTION ( 'NONE',  ( 1.000000000000000000, 0.000000000000000000, 0.000000000000000000 ) ) ;
#3055 = ORIENTED_EDGE ( 'NONE', *, *, #2869, .T. ) ;
#3056 = CYLINDRICAL_SURFACE ( 'NONE', #1333, 0.1000000000000000056 ) ;
#3057 = VERTEX_POINT ( 'NONE', #3609 ) ;
#3058 = CARTESIAN_POINT ( 'NONE',  ( -1.000000000000000000, 0.000000000000000000, -4.065000000000001279 ) ) ;
#3059 = ORIENTED_EDGE ( 'NONE', *, *, #1988, .F. ) ;
#3060 = LINE ( 'NONE', #3364, #2091 ) ;
#3061 = EDGE_CURVE ( 'NONE', #3309, #3028, #2148, .T. ) ;
#3062 =( NAMED_UNIT ( * ) SI_UNIT ( $, .STERADIAN. ) SOLID_ANGLE_UNIT ( ) );
#3063 = ORIENTED_EDGE ( 'NONE', *, *, #1020, .F. ) ;
#3064 = ORIENTED_EDGE ( 'NONE', *, *, #1192, .T. ) ;
#3065 = CARTESIAN_POINT ( 'NONE',  ( -1.750000000000000000, -3.000000000000000000, -0.4074999999999999734 ) ) ;
#3066 = CARTESIAN_POINT ( 'NONE',  ( 0.6600000000000000311, -1.500000000000000000, -0.8149999999999999467 ) ) ;
#3067 =( NAMED_UNIT ( * ) SI_UNIT ( $, .STERADIAN. ) SOLID_ANGLE_UNIT ( ) );
#3068 = FILL_AREA_STYLE ('',( #2211 ) ) ;
#3069 = ADVANCED_FACE ( 'NONE', ( #1067 ), #1050, .T. ) ;
#3070 = FACE_OUTER_BOUND ( 'NONE', #1038, .T. ) ;
#3071 =( NAMED_UNIT ( * ) SI_UNIT ( $, .STERADIAN. ) SOLID_ANGLE_UNIT ( ) );
#3072 =( NAMED_UNIT ( * ) PLANE_ANGLE_UNIT ( ) SI_UNIT ( $, .RADIAN. ) );
#3073 = ORIENTED_EDGE ( 'NONE', *, *, #242, .T. ) ;
#3074 = SURFACE_STYLE_USAGE ( .BOTH. , #237 ) ;
#3075 = VERTEX_POINT ( 'NONE', #2167 ) ;
#3076 = LINE ( 'NONE', #1633, #284 ) ;
#3077 = PRESENTATION_STYLE_ASSIGNMENT (( #3365 ) ) ;
#3078 = VECTOR ( 'NONE', #1280, 1000.000000000000000 ) ;
#3079 = COLOUR_RGB ( '',0.4274509803921568429, 0.4470588235294117307, 0.4274509803921568429 ) ;
#3080 = CARTESIAN_POINT ( 'NONE',  ( 1.500000000000000000, -3.000000000000000000, -0.8149999999999999467 ) ) ;
#3081 = ORIENTED_EDGE ( 'NONE', *, *, #911, .T. ) ;
#3082 = EDGE_CURVE ( 'NONE', #1530, #520, #1330, .T. ) ;
#3083 = CIRCLE ( 'NONE', #1368, 0.09999999999999982514 ) ;
#3084 = ORIENTED_EDGE ( 'NONE', *, *, #3014, .F. ) ;
#3085 = LINE ( 'NONE', #3105, #2434 ) ;
#3086 = VECTOR ( 'NONE', #2464, 1000.000000000000000 ) ;
#3087 = DIRECTION ( 'NONE',  ( -0.000000000000000000, 0.000000000000000000, 1.000000000000000000 ) ) ;
#3088 =( NAMED_UNIT ( * ) PLANE_ANGLE_UNIT ( ) SI_UNIT ( $, .RADIAN. ) );
#3089 = ORIENTED_EDGE ( 'NONE', *, *, #1587, .F. ) ;
#3090 =( GEOMETRIC_REPRESENTATION_CONTEXT ( 3 ) GLOBAL_UNCERTAINTY_ASSIGNED_CONTEXT ( ( #1093 ) ) GLOBAL_UNIT_ASSIGNED_CONTEXT ( ( #3563, #2136, #1337 ) ) REPRESENTATION_CONTEXT ( 'NONE', 'WORKASPACE' ) );
#3091 = EDGE_CURVE ( 'NONE', #2999, #3430, #3312, .T. ) ;
#3092 = CARTESIAN_POINT ( 'NONE',  ( -0.5000000000000000000, 4.519999999999999574, -4.115000000000000213 ) ) ;
#3093 = DIRECTION ( 'NONE',  ( 0.000000000000000000, 0.000000000000000000, -1.000000000000000000 ) ) ;
#3094 = CARTESIAN_POINT ( 'NONE',  ( -0.5000000000000000000, -2.500000000000000000, -0.5074999999999999512 ) ) ;
#3095 = AXIS2_PLACEMENT_3D ( 'NONE', #1724, #336, #1453 ) ;
#3096 = CARTESIAN_POINT ( 'NONE',  ( 1.000000000000000000, 3.000000000000000000, -0.5074999999999999512 ) ) ;
#3097 = PRESENTATION_LAYER_ASSIGNMENT (  '', '', ( #1023 ) ) ;
#3098 = ORIENTED_EDGE ( 'NONE', *, *, #2233, .T. ) ;
#3099 = LINE ( 'NONE', #1467, #2815 ) ;
#3100 = CARTESIAN_POINT ( 'NONE',  ( 0.9585786437626904188, 2.500000000097218678, -0.4074999999999995848 ) ) ;
#3101 = CIRCLE ( 'NONE', #3630, 0.1000000000000000333 ) ;
#3102 = CARTESIAN_POINT ( 'NONE',  ( 1.500000000000000000, -3.000000000000000000, -4.315000000000000391 ) ) ;
#3103 = ORIENTED_EDGE ( 'NONE', *, *, #93, .T. ) ;
#3104 = ORIENTED_EDGE ( 'NONE', *, *, #2219, .T. ) ;
#3105 = CARTESIAN_POINT ( 'NONE',  ( -1.750000000000000000, 2.750000000000000000, 0.000000000000000000 ) ) ;
#3106 = DIRECTION ( 'NONE',  ( 1.000000000000000000, -0.000000000000000000, -0.000000000000000000 ) ) ;
#3107 = CARTESIAN_POINT ( 'NONE',  ( 0.000000000000000000, 0.000000000000000000, 0.000000000000000000 ) ) ;
#3108 = STYLED_ITEM ( 'NONE', ( #2264 ), #3423 ) ;
#3109 = EDGE_LOOP ( 'NONE', ( #177, #1577, #874, #1509 ) ) ;
#3110 = CARTESIAN_POINT ( 'NONE',  ( -0.6599999999999996980, 1.328626039772357714, -0.02995888492161977168 ) ) ;
#3111 = EDGE_CURVE ( 'NONE', #2780, #2368, #1889, .T. ) ;
#3112 = PRESENTATION_LAYER_ASSIGNMENT (  '', '', ( #3521 ) ) ;
#3113 = CARTESIAN_POINT ( 'NONE',  ( 0.6589064997627562814, -2.132765459504200045, -0.4074999999999999734 ) ) ;
#3114 = CARTESIAN_POINT ( 'NONE',  ( 1.000000000000000000, 2.500000000053000271, -0.5074999999999999512 ) ) ;
#3115 = CARTESIAN_POINT ( 'NONE',  ( -1.750000000000000000, -3.000000000000000000, -0.8149999999999999467 ) ) ;
#3116 = AXIS2_PLACEMENT_3D ( 'NONE', #2573, #1985, #1132 ) ;
#3117 = SURFACE_SIDE_STYLE ('',( #1409 ) ) ;
#3118 = EDGE_LOOP ( 'NONE', ( #2133, #2285, #1621, #1223, #561 ) ) ;
#3119 = DIRECTION ( 'NONE',  ( -0.000000000000000000, 1.000000000000000000, 0.000000000000000000 ) ) ;
#3120 = CARTESIAN_POINT ( 'NONE',  ( 0.8999999999999998002, 2.500000000084799723, -0.4074999999999998623 ) ) ;
#3121 = EDGE_CURVE ( 'NONE', #570, #2915, #803, .T. ) ;
#3122 = CARTESIAN_POINT ( 'NONE',  ( 1.500000000000000000, -2.750000000000000000, -0.8030401349054999693 ) ) ;
#3123 = VERTEX_POINT ( 'NONE', #1366 ) ;
#3124 = CARTESIAN_POINT ( 'NONE',  ( -1.000000000000000000, -3.000000000000000000, -4.315000000000000391 ) ) ;
#3125 = DIRECTION ( 'NONE',  ( -0.000000000000000000, -0.000000000000000000, 1.000000000000000000 ) ) ;
#3126 =( NAMED_UNIT ( * ) PLANE_ANGLE_UNIT ( ) SI_UNIT ( $, .RADIAN. ) );
#3127 = FILL_AREA_STYLE ('',( #789 ) ) ;
#3128 = LINE ( 'NONE', #3665, #2695 ) ;
#3129 = ORIENTED_EDGE ( 'NONE', *, *, #585, .F. ) ;
#3130 = CARTESIAN_POINT ( 'NONE',  ( -0.6599999999999998090, 1.470710678118654968, -0.02928932188134545853 ) ) ;
#3131 = CARTESIAN_POINT ( 'NONE',  ( 1.750000000000000000, 0.000000000000000000, -4.315000000000000391 ) ) ;
#3132 = EDGE_CURVE ( 'NONE', #891, #2957, #790, .T. ) ;
#3133 = CYLINDRICAL_SURFACE ( 'NONE', #697, 0.09999999999999999167 ) ;
#3134 = DIRECTION ( 'NONE',  ( 0.000000000000000000, 0.000000000000000000, 1.000000000000000000 ) ) ;
#3135 = CARTESIAN_POINT ( 'NONE',  ( -0.4999999998945010571, 2.000000000000000000, -0.4489213562373094435 ) ) ;
#3136 = ORIENTED_EDGE ( 'NONE', *, *, #1572, .F. ) ;
#3137 = CARTESIAN_POINT ( 'NONE',  ( 0.5000000000000000000, 4.519999999999999574, -4.115000000000000213 ) ) ;
#3138 = EDGE_CURVE ( 'NONE', #1134, #792, #2790, .T. ) ;
#3139 = LINE ( 'NONE', #1398, #339 ) ;
#3140 = ORIENTED_EDGE ( 'NONE', *, *, #3318, .T. ) ;
#3141 = SURFACE_STYLE_FILL_AREA ( #1755 ) ;
#3142 = COLOUR_RGB ( '',0.6901960784313725394, 0.6117647058823529882, 0.5294117647058823595 ) ;
#3143 = FACE_OUTER_BOUND ( 'NONE', #2463, .T. ) ;
#3144 = ORIENTED_EDGE ( 'NONE', *, *, #2143, .F. ) ;
#3145 = DIRECTION ( 'NONE',  ( -0.000000000000000000, 1.000000000000000000, 0.000000000000000000 ) ) ;
#3146 = SURFACE_SIDE_STYLE ('',( #1405 ) ) ;
#3147 = VECTOR ( 'NONE', #1609, 1000.000000000000000 ) ;
#3148 = DIRECTION ( 'NONE',  ( 0.000000000000000000, -1.000000000000000000, 0.000000000000000000 ) ) ;
#3149 = CARTESIAN_POINT ( 'NONE',  ( -1.750000000000000000, -3.000000000000000000, -4.065000000000001279 ) ) ;
#3150 = PLANE ( 'NONE',  #2366 ) ;
#3151 = VERTEX_POINT ( 'NONE', #1905 ) ;
#3152 = LINE ( 'NONE', #565, #283 ) ;
#3153 = COLOUR_RGB ( '',0.6901960784313725394, 0.6117647058823529882, 0.5294117647058823595 ) ;
#3154 = CARTESIAN_POINT ( 'NONE',  ( 1.000000000000000000, 2.500000000105999653, -0.4489213562373091659 ) ) ;
#3155 = EDGE_CURVE ( 'NONE', #951, #198, #2752, .T. ) ;
#3156 = CIRCLE ( 'NONE', #1543, 0.2500000000000002220 ) ;
#3157 = AXIS2_PLACEMENT_3D ( 'NONE', #1269, #736, #1535 ) ;
#3158 = LINE ( 'NONE', #1761, #3174 ) ;
#3159 = ORIENTED_EDGE ( 'NONE', *, *, #2520, .T. ) ;
#3160 = FACE_OUTER_BOUND ( 'NONE', #82, .T. ) ;
#3161 = CARTESIAN_POINT ( 'NONE',  ( 1.500000000000000222, -3.000000000000000000, -0.8149999999999999467 ) ) ;
#3162 = AXIS2_PLACEMENT_3D ( 'NONE', #3461, #841, #861 ) ;
#3163 = EDGE_CURVE ( 'NONE', #489, #1115, #2397, .T. ) ;
#3164 =( NAMED_UNIT ( * ) PLANE_ANGLE_UNIT ( ) SI_UNIT ( $, .RADIAN. ) );
#3165 = FILL_AREA_STYLE ('',( #2016 ) ) ;
#3166 = DIRECTION ( 'NONE',  ( 0.000000000000000000, 0.000000000000000000, 1.000000000000000000 ) ) ;
#3167 =( GEOMETRIC_REPRESENTATION_CONTEXT ( 3 ) GLOBAL_UNCERTAINTY_ASSIGNED_CONTEXT ( ( #2103 ) ) GLOBAL_UNIT_ASSIGNED_CONTEXT ( ( #3562, #2705, #499 ) ) REPRESENTATION_CONTEXT ( 'NONE', 'WORKASPACE' ) );
#3168 = AXIS2_PLACEMENT_3D ( 'NONE', #2519, #1177, #2840 ) ;
#3169 = ORIENTED_EDGE ( 'NONE', *, *, #814, .F. ) ;
#3170 = SURFACE_SIDE_STYLE ('',( #2568 ) ) ;
#3171 = EDGE_CURVE ( 'NONE', #501, #3477, #1748, .T. ) ;
#3172 = EDGE_CURVE ( 'NONE', #2259, #1901, #2714, .T. ) ;
#3173 = DIRECTION ( 'NONE',  ( -0.000000000000000000, -0.000000000000000000, -1.000000000000000000 ) ) ;
#3174 = VECTOR ( 'NONE', #2046, 1000.000000000000000 ) ;
#3175 = FACE_OUTER_BOUND ( 'NONE', #1601, .T. ) ;
#3176 = MECHANICAL_DESIGN_GEOMETRIC_PRESENTATION_REPRESENTATION (  '', ( #867 ), #3413 ) ;
#3177 = DIRECTION ( 'NONE',  ( 0.000000000000000000, -1.000000000000000000, -0.000000000000000000 ) ) ;
#3178 = CARTESIAN_POINT ( 'NONE',  ( 1.000000000000000000, -3.000000000000000000, -0.8149999999999999467 ) ) ;
#3179 = MECHANICAL_DESIGN_GEOMETRIC_PRESENTATION_REPRESENTATION (  '', ( #2152 ), #640 ) ;
#3180 = MECHANICAL_DESIGN_GEOMETRIC_PRESENTATION_REPRESENTATION (  '', ( #3236 ), #1164 ) ;
#3181 = ORIENTED_EDGE ( 'NONE', *, *, #724, .T. ) ;
#3182 = DIRECTION ( 'NONE',  ( 0.000000000000000000, 0.000000000000000000, -1.000000000000000000 ) ) ;
#3183 = CARTESIAN_POINT ( 'NONE',  ( 0.4999999999999998890, 2.000000000000000000, -0.5074999999999999512 ) ) ;
#3184 = LINE ( 'NONE', #2370, #502 ) ;
#3185 = VECTOR ( 'NONE', #338, 1000.000000000000000 ) ;
#3186 = PLANE ( 'NONE',  #2804 ) ;
#3187 = FACE_OUTER_BOUND ( 'NONE', #2266, .T. ) ;
#3188 = CARTESIAN_POINT ( 'NONE',  ( 0.7185760421157667555, -1.328626039772357270, -0.02995888492161963984 ) ) ;
#3189 = ORIENTED_EDGE ( 'NONE', *, *, #51, .F. ) ;
#3190 = CARTESIAN_POINT ( 'NONE',  ( 0.5000000000000000000, -3.720000000000000195, -3.464999999999999858 ) ) ;
#3191 = EDGE_CURVE ( 'NONE', #1247, #1314, #2769, .T. ) ;
#3192 = DIRECTION ( 'NONE',  ( -2.168404344971008868E-15, 0.000000000000000000, 1.000000000000000000 ) ) ;
#3193 = SURFACE_STYLE_FILL_AREA ( #976 ) ;
#3194 = ADVANCED_FACE ( 'NONE', ( #2432 ), #3574, .T. ) ;
#3195 = ORIENTED_EDGE ( 'NONE', *, *, #1525, .F. ) ;
#3196 = CARTESIAN_POINT ( 'NONE',  ( -0.7600000000000000089, 1.500000000000000000, -0.8149999999999999467 ) ) ;
#3197 = FILL_AREA_STYLE_COLOUR ( '', #1902 ) ;
#3198 = DIRECTION ( 'NONE',  ( 0.7071067811865474617, 0.000000000000000000, 0.7071067811865475727 ) ) ;
#3199 = ORIENTED_EDGE ( 'NONE', *, *, #527, .F. ) ;
#3200 = LINE ( 'NONE', #413, #1510 ) ;
#3201 = LINE ( 'NONE', #947, #2202 ) ;
#3202 = FACE_OUTER_BOUND ( 'NONE', #623, .T. ) ;
#3203 = ORIENTED_EDGE ( 'NONE', *, *, #279, .F. ) ;
#3204 = FILL_AREA_STYLE_COLOUR ( '', #2908 ) ;
#3205 = EDGE_CURVE ( 'NONE', #3224, #1447, #3128, .T. ) ;
#3206 = PRESENTATION_LAYER_ASSIGNMENT (  '', '', ( #1423 ) ) ;
#3207 = LINE ( 'NONE', #1256, #160 ) ;
#3208 = CIRCLE ( 'NONE', #1597, 0.2499999999999997780 ) ;
#3209 = COLOUR_RGB ( '',0.6901960784313725394, 0.6117647058823529882, 0.5294117647058823595 ) ;
#3210 = EDGE_CURVE ( 'NONE', #3057, #970, #897, .T. ) ;
#3211 = FACE_OUTER_BOUND ( 'NONE', #1689, .T. ) ;
#3212 = ORIENTED_EDGE ( 'NONE', *, *, #3035, .T. ) ;
#3213 = DIRECTION ( 'NONE',  ( -0.000000000000000000, 1.000000000000000000, -0.000000000000000000 ) ) ;
#3214 = AXIS2_PLACEMENT_3D ( 'NONE', #1040, #1265, #3585 ) ;
#3215 = LINE ( 'NONE', #998, #3517 ) ;
#3216 = CARTESIAN_POINT ( 'NONE',  ( 0.5000000000000000000, 0.000000000000000000, -3.165000000000000480 ) ) ;
#3217 = ORIENTED_EDGE ( 'NONE', *, *, #2889, .F. ) ;
#3218 = DIRECTION ( 'NONE',  ( 0.000000000000000000, 0.000000000000000000, -1.000000000000000000 ) ) ;
#3219 = CARTESIAN_POINT ( 'NONE',  ( -0.6599999999999996980, 1.470710678118654968, -0.02928932188134531628 ) ) ;
#3220 = VECTOR ( 'NONE', #1231, 1000.000000000000000 ) ;
#3221 = MECHANICAL_DESIGN_GEOMETRIC_PRESENTATION_REPRESENTATION (  '', ( #2263 ), #2075 ) ;
#3222 = PRESENTATION_STYLE_ASSIGNMENT (( #1749 ) ) ;
#3223 = CARTESIAN_POINT ( 'NONE',  ( 0.7190173355495108609, -1.470710678118654968, -0.02928932188134529199 ) ) ;
#3224 = VERTEX_POINT ( 'NONE', #826 ) ;
#3225 = CARTESIAN_POINT ( 'NONE',  ( -0.5000000000000000000, -2.500000000000000000, -0.8149999999999999467 ) ) ;
#3226 = MECHANICAL_DESIGN_GEOMETRIC_PRESENTATION_REPRESENTATION (  '', ( #2742 ), #3167 ) ;
#3227 = CARTESIAN_POINT ( 'NONE',  ( -0.5000000000000000000, -3.000000000000000000, -3.464999999999999858 ) ) ;
#3228 = DIRECTION ( 'NONE',  ( -0.000000000000000000, 0.000000000000000000, 1.000000000000000000 ) ) ;
#3229 = EDGE_CURVE ( 'NONE', #2298, #1706, #2810, .T. ) ;
#3230 = DIRECTION ( 'NONE',  ( -1.000000000000000000, -0.000000000000000000, -0.000000000000000000 ) ) ;
#3231 =( GEOMETRIC_REPRESENTATION_CONTEXT ( 3 ) GLOBAL_UNCERTAINTY_ASSIGNED_CONTEXT ( ( #1555 ) ) GLOBAL_UNIT_ASSIGNED_CONTEXT ( ( #1183, #2311, #1438 ) ) REPRESENTATION_CONTEXT ( 'NONE', 'WORKASPACE' ) );
#3232 = AXIS2_PLACEMENT_3D ( 'NONE', #954, #373, #406 ) ;
#3233 = VERTEX_POINT ( 'NONE', #3449 ) ;
#3234 = CARTESIAN_POINT ( 'NONE',  ( -0.5000000000000000000, -2.000000000000000000, -0.5074999999999999512 ) ) ;
#3235 = PRESENTATION_LAYER_ASSIGNMENT (  '', '', ( #2447 ) ) ;
#3236 = STYLED_ITEM ( 'NONE', ( #1940 ), #3255 ) ;
#3237 = DIRECTION ( 'NONE',  ( 0.000000000000000000, 0.000000000000000000, 1.000000000000000000 ) ) ;
#3238 = EDGE_LOOP ( 'NONE', ( #3008, #2239, #371, #2044 ) ) ;
#3239 = FACE_BOUND ( 'NONE', #553, .T. ) ;
#3240 = EDGE_CURVE ( 'NONE', #316, #1643, #2035, .T. ) ;
#3241 = CIRCLE ( 'NONE', #1631, 0.1000000000000000056 ) ;
#3242 = PRESENTATION_STYLE_ASSIGNMENT (( #1592 ) ) ;
#3243 = FILL_AREA_STYLE ('',( #2603 ) ) ;
#3244 = UNCERTAINTY_MEASURE_WITH_UNIT (LENGTH_MEASURE( 1.000000000000000082E-05 ), #3292, 'distance_accuracy_value', 'NONE');
#3245 = ORIENTED_EDGE ( 'NONE', *, *, #3350, .T. ) ;
#3246 = SURFACE_STYLE_USAGE ( .BOTH. , #919 ) ;
#3247 = CARTESIAN_POINT ( 'NONE',  ( 0.7600000000000000089, 1.500000000000000000, -0.1000000000000000472 ) ) ;
#3248 = DIRECTION ( 'NONE',  ( 1.000000000000000000, 0.000000000000000000, 0.000000000000000000 ) ) ;
#3249 = ADVANCED_FACE ( 'NONE', ( #2273 ), #595, .F. ) ;
#3250 = CARTESIAN_POINT ( 'NONE',  ( -0.5000000000000000000, -3.720000000000000195, -3.464999999999999858 ) ) ;
#3251 = ORIENTED_EDGE ( 'NONE', *, *, #1465, .T. ) ;
#3252 = FILL_AREA_STYLE ('',( #2098 ) ) ;
#3253 = FACE_OUTER_BOUND ( 'NONE', #3384, .T. ) ;
#3254 = DIRECTION ( 'NONE',  ( -1.000000000000000000, -0.000000000000000000, -0.000000000000000000 ) ) ;
#3255 = ADVANCED_FACE ( 'NONE', ( #1168 ), #3391, .T. ) ;
#3256 = DIRECTION ( 'NONE',  ( 1.000000000000000000, 0.000000000000000000, -0.000000000000000000 ) ) ;
#3257 = DIRECTION ( 'NONE',  ( -1.000000000000000000, -0.000000000000000000, -0.000000000000000000 ) ) ;
#3258 = VERTEX_POINT ( 'NONE', #636 ) ;
#3259 = CARTESIAN_POINT ( 'NONE',  ( -0.4999999999578002563, 2.100000000000000089, -0.4074999999999999178 ) ) ;
#3260 = CARTESIAN_POINT ( 'NONE',  ( 0.6945715547497796072, -1.512442236293276343, -0.07102088005596642051 ) ) ;
#3261 =( LENGTH_UNIT ( ) NAMED_UNIT ( * ) SI_UNIT ( .MILLI., .METRE. ) );
#3262 = VECTOR ( 'NONE', #2928, 1000.000000000000000 ) ;
#3263 = ORIENTED_EDGE ( 'NONE', *, *, #165, .F. ) ;
#3264 = CIRCLE ( 'NONE', #1774, 0.5000000000000000000 ) ;
#3265 =( GEOMETRIC_REPRESENTATION_CONTEXT ( 3 ) GLOBAL_UNCERTAINTY_ASSIGNED_CONTEXT ( ( #1583 ) ) GLOBAL_UNIT_ASSIGNED_CONTEXT ( ( #2674, #1523, #989 ) ) REPRESENTATION_CONTEXT ( 'NONE', 'WORKASPACE' ) );
#3266 = UNCERTAINTY_MEASURE_WITH_UNIT (LENGTH_MEASURE( 1.000000000000000082E-05 ), #2034, 'distance_accuracy_value', 'NONE');
#3267 = ORIENTED_EDGE ( 'NONE', *, *, #1430, .T. ) ;
#3268 = FACE_OUTER_BOUND ( 'NONE', #1762, .T. ) ;
#3269 = LINE ( 'NONE', #2614, #3036 ) ;
#3270 = FILL_AREA_STYLE_COLOUR ( '', #1602 ) ;
#3271 = VECTOR ( 'NONE', #3600, 1000.000000000000000 ) ;
#3272 = DIRECTION ( 'NONE',  ( 0.000000000000000000, 1.000000000000000000, 0.000000000000000000 ) ) ;
#3273 = ADVANCED_FACE ( 'NONE', ( #881 ), #1459, .F. ) ;
#3274 = CARTESIAN_POINT ( 'NONE',  ( -0.7185760421157670885, 1.470041115078380090, -0.1713739602276427021 ) ) ;
#3275 = ORIENTED_EDGE ( 'NONE', *, *, #54, .T. ) ;
#3276 = CARTESIAN_POINT ( 'NONE',  ( -0.5000000000000000000, 3.720000000000000195, -3.464999999999999858 ) ) ;
#3277 = VECTOR ( 'NONE', #575, 1000.000000000000000 ) ;
#3278 = DIRECTION ( 'NONE',  ( -1.000000000000000000, -0.000000000000000000, -0.000000000000000000 ) ) ;
#3279 = AXIS2_PLACEMENT_3D ( 'NONE', #2704, #763, #3054 ) ;
#3280 = PRESENTATION_STYLE_ASSIGNMENT (( #3552 ) ) ;
#3281 = PRESENTATION_LAYER_ASSIGNMENT (  '', '', ( #330 ) ) ;
#3282 = CARTESIAN_POINT ( 'NONE',  ( 0.7307106781186549771, 1.399999999999999911, -0.02928932188134540995 ) ) ;
#3283 = VERTEX_POINT ( 'NONE', #2938 ) ;
#3284 = STYLED_ITEM ( 'NONE', ( #2326 ), #2316 ) ;
#3285 = ADVANCED_FACE ( 'NONE', ( #1796 ), #322, .T. ) ;
#3286 = CARTESIAN_POINT ( 'NONE',  ( -1.000000000000000000, -3.000000000000000444, -4.315000000000000391 ) ) ;
#3287 = ORIENTED_EDGE ( 'NONE', *, *, #536, .T. ) ;
#3288 = ORIENTED_EDGE ( 'NONE', *, *, #3171, .F. ) ;
#3289 = LINE ( 'NONE', #752, #967 ) ;
#3290 = CIRCLE ( 'NONE', #3646, 0.2500000000000000000 ) ;
#3291 = ORIENTED_EDGE ( 'NONE', *, *, #3172, .F. ) ;
#3292 =( LENGTH_UNIT ( ) NAMED_UNIT ( * ) SI_UNIT ( .MILLI., .METRE. ) );
#3293 =( GEOMETRIC_REPRESENTATION_CONTEXT ( 3 ) GLOBAL_UNCERTAINTY_ASSIGNED_CONTEXT ( ( #172 ) ) GLOBAL_UNIT_ASSIGNED_CONTEXT ( ( #2157, #2777, #1057 ) ) REPRESENTATION_CONTEXT ( 'NONE', 'WORKASPACE' ) );
#3294 = LINE ( 'NONE', #2730, #2678 ) ;
#3295 = EDGE_CURVE ( 'NONE', #792, #1898, #1272, .T. ) ;
#3296 = VERTEX_POINT ( 'NONE', #1521 ) ;
#3297 = DIRECTION ( 'NONE',  ( 1.000000000000000000, 0.000000000000000000, 0.000000000000000000 ) ) ;
#3298 = DIRECTION ( 'NONE',  ( 1.000000000000000000, 0.000000000000000000, 0.000000000000000000 ) ) ;
#3299 = ADVANCED_FACE ( 'NONE', ( #3202 ), #2656, .T. ) ;
#3300 = ADVANCED_FACE ( 'NONE', ( #969 ), #2090, .T. ) ;
#3301 = ORIENTED_EDGE ( 'NONE', *, *, #1948, .F. ) ;
#3302 = CARTESIAN_POINT ( 'NONE',  ( -0.5990235972908847240, -2.111701949822927915, -0.4075000000000000289 ) ) ;
#3303 = EDGE_LOOP ( 'NONE', ( #2732, #1499, #3420, #3666, #2163 ) ) ;
#3304 =( LENGTH_UNIT ( ) NAMED_UNIT ( * ) SI_UNIT ( .MILLI., .METRE. ) );
#3305 = CARTESIAN_POINT ( 'NONE',  ( -1.750000000000000000, 3.000000000000000000, -4.065000000000001279 ) ) ;
#3306 = ORIENTED_EDGE ( 'NONE', *, *, #414, .F. ) ;
#3307 = FILL_AREA_STYLE ('',( #2426 ) ) ;
#3308 = PLANE ( 'NONE',  #2333 ) ;
#3309 = VERTEX_POINT ( 'NONE', #1869 ) ;
#3310 = DIRECTION ( 'NONE',  ( 1.000000000000000000, 0.000000000000000000, 0.000000000000000000 ) ) ;
#3311 = CARTESIAN_POINT ( 'NONE',  ( 0.5000000000000000000, 4.269999999999999574, -3.714999999999999858 ) ) ;
#3312 = LINE ( 'NONE', #772, #3351 ) ;
#3313 = CARTESIAN_POINT ( 'NONE',  ( 0.6594133729404615396, 1.500551775759736417, -0.01728680857877441454 ) ) ;
#3314 = EDGE_LOOP ( 'NONE', ( #1356, #3392, #88, #898, #3606 ) ) ;
#3315 = UNCERTAINTY_MEASURE_WITH_UNIT (LENGTH_MEASURE( 1.000000000000000082E-05 ), #3403, 'distance_accuracy_value', 'NONE');
#3316 = ADVANCED_FACE ( 'NONE', ( #3548 ), #3308, .F. ) ;
#3317 = FILL_AREA_STYLE_COLOUR ( '', #2661 ) ;
#3318 = EDGE_CURVE ( 'NONE', #1143, #3346, #2710, .T. ) ;
#3319 = DIRECTION ( 'NONE',  ( 1.000000000000000000, 0.000000000000000000, 0.000000000000000000 ) ) ;
#3320 = PRESENTATION_STYLE_ASSIGNMENT (( #780 ) ) ;
#3321 = EDGE_LOOP ( 'NONE', ( #590, #1193, #404, #1907 ) ) ;
#3322 = AXIS2_PLACEMENT_3D ( 'NONE', #1768, #2910, #2055 ) ;
#3323 = VECTOR ( 'NONE', #2125, 1000.000000000000000 ) ;
#3324 = LINE ( 'NONE', #3305, #3271 ) ;
#3325 = VERTEX_POINT ( 'NONE', #1025 ) ;
#3326 = FILL_AREA_STYLE ('',( #1932 ) ) ;
#3327 = CARTESIAN_POINT ( 'NONE',  ( 0.5000000000000000000, -3.970000000000000639, 0.000000000000000000 ) ) ;
#3328 = VERTEX_POINT ( 'NONE', #3007 ) ;
#3329 = DIRECTION ( 'NONE',  ( 0.000000000000000000, 0.000000000000000000, -1.000000000000000000 ) ) ;
#3330 = CARTESIAN_POINT ( 'NONE',  ( -0.9000000000000001332, -3.000000000000000000, -0.4074999999999999734 ) ) ;
#3331 = DIRECTION ( 'NONE',  ( 1.000000000000000000, 0.000000000000000000, 0.000000000000000000 ) ) ;
#3332 = STYLED_ITEM ( 'NONE', ( #1936 ), #1485 ) ;
#3333 = EDGE_LOOP ( 'NONE', ( #800, #1017, #1875, #1537, #3275, #3181, #324, #2828, #2302, #2460, #1077, #3251 ) ) ;
#3334 = VECTOR ( 'NONE', #3213, 1000.000000000000000 ) ;
#3335 = CARTESIAN_POINT ( 'NONE',  ( 1.750000000000000000, 3.000000000000000000, -0.8149999999999999467 ) ) ;
#3336 = EDGE_CURVE ( 'NONE', #3346, #3296, #2987, .T. ) ;
#3337 =( NAMED_UNIT ( * ) PLANE_ANGLE_UNIT ( ) SI_UNIT ( $, .RADIAN. ) );
#3338 = PRESENTATION_STYLE_ASSIGNMENT (( #3614 ) ) ;
#3339 = ORIENTED_EDGE ( 'NONE', *, *, #1187, .T. ) ;
#3340 = MECHANICAL_DESIGN_GEOMETRIC_PRESENTATION_REPRESENTATION (  '', ( #1735 ), #1267 ) ;
#3341 = ORIENTED_EDGE ( 'NONE', *, *, #2659, .F. ) ;
#3342 = DIRECTION ( 'NONE',  ( -0.000000000000000000, 1.000000000000000000, -0.000000000000000000 ) ) ;
#3343 =( NAMED_UNIT ( * ) PLANE_ANGLE_UNIT ( ) SI_UNIT ( $, .RADIAN. ) );
#3344 = UNCERTAINTY_MEASURE_WITH_UNIT (LENGTH_MEASURE( 1.000000000000000082E-05 ), #1381, 'distance_accuracy_value', 'NONE');
#3345 = CARTESIAN_POINT ( 'NONE',  ( -0.7307106781186548661, -1.400000000000000133, -0.02928932188134476117 ) ) ;
#3346 = VERTEX_POINT ( 'NONE', #510 ) ;
#3347 = ORIENTED_EDGE ( 'NONE', *, *, #3575, .T. ) ;
#3348 = LINE ( 'NONE', #3065, #2619 ) ;
#3349 = AXIS2_PLACEMENT_3D ( 'NONE', #3488, #1799, #1524 ) ;
#3350 = EDGE_CURVE ( 'NONE', #3430, #2981, #1064, .T. ) ;
#3351 = VECTOR ( 'NONE', #2450, 1000.000000000000000 ) ;
#3352 = CARTESIAN_POINT ( 'NONE',  ( -1.750000000000000000, -3.000000000000000000, -4.315000000000000391 ) ) ;
#3353 = SURFACE_SIDE_STYLE ('',( #773 ) ) ;
#3354 = AXIS2_PLACEMENT_3D ( 'NONE', #1322, #2441, #1880 ) ;
#3355 = CARTESIAN_POINT ( 'NONE',  ( -0.5000000000000000000, -4.984500000000000597, -4.415000000000000924 ) ) ;
#3356 = APPLICATION_PROTOCOL_DEFINITION ( 'draft international standard', 'automotive_design', 1998, #999 ) ;
#3357 = UNCERTAINTY_MEASURE_WITH_UNIT (LENGTH_MEASURE( 1.000000000000000082E-05 ), #1532, 'distance_accuracy_value', 'NONE');
#3358 = ORIENTED_EDGE ( 'NONE', *, *, #3593, .F. ) ;
#3359 = DIRECTION ( 'NONE',  ( -1.000000000000000000, -0.000000000000000000, -0.000000000000000000 ) ) ;
#3360 = ORIENTED_EDGE ( 'NONE', *, *, #3595, .T. ) ;
#3361 = DIRECTION ( 'NONE',  ( 1.000000000000000000, 0.000000000000000000, 0.000000000000000000 ) ) ;
#3362 = CARTESIAN_POINT ( 'NONE',  ( -0.7307106781186547551, -1.399999999999999911, -0.02928932188134525383 ) ) ;
#3363 = ORIENTED_EDGE ( 'NONE', *, *, #957, .T. ) ;
#3364 = CARTESIAN_POINT ( 'NONE',  ( 0.9000000000000001332, 2.482392879353000126, -0.4074999999999999178 ) ) ;
#3365 = SURFACE_STYLE_USAGE ( .BOTH. , #2223 ) ;
#3366 = DIRECTION ( 'NONE',  ( 1.000000000000000000, 0.000000000000000000, 0.000000000000000000 ) ) ;
#3367 = ORIENTED_EDGE ( 'NONE', *, *, #3061, .T. ) ;
#3368 = VERTEX_POINT ( 'NONE', #737 ) ;
#3369 = DIRECTION ( 'NONE',  ( 0.000000000000000000, 0.000000000000000000, -1.000000000000000000 ) ) ;
#3370 = CARTESIAN_POINT ( 'NONE',  ( 1.750000000000000000, -1.500000000000000000, -4.315000000000000391 ) ) ;
#3371 = DIRECTION ( 'NONE',  ( 1.000000000000000000, 0.000000000000000000, 0.000000000000000000 ) ) ;
#3372 = ORIENTED_EDGE ( 'NONE', *, *, #1355, .F. ) ;
#3373 =( LENGTH_UNIT ( ) NAMED_UNIT ( * ) SI_UNIT ( .MILLI., .METRE. ) );
#3374 = FACE_BOUND ( 'NONE', #2494, .T. ) ;
#3375 = EDGE_LOOP ( 'NONE', ( #1950, #128, #1814, #1896 ) ) ;
#3376 = DIRECTION ( 'NONE',  ( 0.000000000000000000, 0.000000000000000000, -1.000000000000000000 ) ) ;
#3377 = ORIENTED_EDGE ( 'NONE', *, *, #1785, .F. ) ;
#3378 = DIRECTION ( 'NONE',  ( 0.000000000000000000, 1.000000000000000000, -0.000000000000000000 ) ) ;
#3379 = DIRECTION ( 'NONE',  ( 0.000000000000000000, 0.000000000000000000, -1.000000000000000000 ) ) ;
#3380 = VECTOR ( 'NONE', #1034, 1000.000000000000000 ) ;
#3381 = AXIS2_PLACEMENT_3D ( 'NONE', #2379, #3228, #3248 ) ;
#3382 = ORIENTED_EDGE ( 'NONE', *, *, #1108, .F. ) ;
#3383 = PRESENTATION_LAYER_ASSIGNMENT (  '', '', ( #1825 ) ) ;
#3384 = EDGE_LOOP ( 'NONE', ( #1481, #2812, #2951, #261, #332, #2948 ) ) ;
#3385 = FILL_AREA_STYLE ('',( #1107 ) ) ;
#3386 = ADVANCED_FACE ( 'NONE', ( #1360 ), #2186, .T. ) ;
#3387 =( GEOMETRIC_REPRESENTATION_CONTEXT ( 3 ) GLOBAL_UNCERTAINTY_ASSIGNED_CONTEXT ( ( #2702 ) ) GLOBAL_UNIT_ASSIGNED_CONTEXT ( ( #952, #2396, #3470 ) ) REPRESENTATION_CONTEXT ( 'NONE', 'WORKASPACE' ) );
#3388 = CARTESIAN_POINT ( 'NONE',  ( -0.5000000000000000000, 4.269999999999999574, 0.000000000000000000 ) ) ;
#3389 = CARTESIAN_POINT ( 'NONE',  ( 1.000000000000000000, -2.499999999999999556, -0.8149999999999999467 ) ) ;
#3390 = DIRECTION ( 'NONE',  ( -1.000000000000000000, 0.000000000000000000, 0.000000000000000000 ) ) ;
#3391 = PLANE ( 'NONE',  #3049 ) ;
#3392 = ORIENTED_EDGE ( 'NONE', *, *, #500, .T. ) ;
#3393 = FILL_AREA_STYLE_COLOUR ( '', #1071 ) ;
#3394 = AXIS2_PLACEMENT_3D ( 'NONE', #2689, #1549, #2439 ) ;
#3395 = CARTESIAN_POINT ( 'NONE',  ( -1.000000000000000000, 2.500000000000000000, -0.8149999999999999467 ) ) ;
#3396 = EDGE_CURVE ( 'NONE', #386, #1134, #1378, .T. ) ;
#3397 = VERTEX_POINT ( 'NONE', #3102 ) ;
#3398 = DIRECTION ( 'NONE',  ( -1.000000000000000000, 0.000000000000000000, 0.000000000000000000 ) ) ;
#3399 = ORIENTED_EDGE ( 'NONE', *, *, #3014, .T. ) ;
#3400 = LINE ( 'NONE', #646, #3475 ) ;
#3401 = CARTESIAN_POINT ( 'NONE',  ( 1.000000000000000000, 2.500000000106000098, -0.5074999999999999512 ) ) ;
#3402 = MECHANICAL_DESIGN_GEOMETRIC_PRESENTATION_REPRESENTATION (  '', ( #2135 ), #2077 ) ;
#3403 =( LENGTH_UNIT ( ) NAMED_UNIT ( * ) SI_UNIT ( .MILLI., .METRE. ) );
#3404 = ORIENTED_EDGE ( 'NONE', *, *, #266, .T. ) ;
#3405 = LINE ( 'NONE', #526, #1784 ) ;
#3406 = FILL_AREA_STYLE_COLOUR ( '', #212 ) ;
#3407 = EDGE_CURVE ( 'NONE', #1663, #718, #1432, .T. ) ;
#3408 = DIRECTION ( 'NONE',  ( 1.000000000000000000, 0.000000000000000000, 0.000000000000000000 ) ) ;
#3409 = SURFACE_STYLE_USAGE ( .BOTH. , #2848 ) ;
#3410 = ORIENTED_EDGE ( 'NONE', *, *, #2375, .T. ) ;
#3411 = CARTESIAN_POINT ( 'NONE',  ( -0.7605517757597369810, 1.441063282180843341, -0.05893671781915667957 ) ) ;
#3412 =( GEOMETRIC_REPRESENTATION_CONTEXT ( 3 ) GLOBAL_UNCERTAINTY_ASSIGNED_CONTEXT ( ( #326 ) ) GLOBAL_UNIT_ASSIGNED_CONTEXT ( ( #2763, #3004, #2474 ) ) REPRESENTATION_CONTEXT ( 'NONE', 'WORKASPACE' ) );
#3413 =( GEOMETRIC_REPRESENTATION_CONTEXT ( 3 ) GLOBAL_UNCERTAINTY_ASSIGNED_CONTEXT ( ( #2672 ) ) GLOBAL_UNIT_ASSIGNED_CONTEXT ( ( #2482, #1348, #3067 ) ) REPRESENTATION_CONTEXT ( 'NONE', 'WORKASPACE' ) );
#3414 = EDGE_CURVE ( 'NONE', #2126, #779, #3139, .T. ) ;
#3415 = CARTESIAN_POINT ( 'NONE',  ( 0.8497570546942276870, -2.303742830711484224, -0.4074999999999999734 ) ) ;
#3416 = LINE ( 'NONE', #642, #871 ) ;
#3417 = PLANE ( 'NONE',  #3046 ) ;
#3418 = AXIS2_PLACEMENT_3D ( 'NONE', #866, #1979, #2292 ) ;
#3419 = FACE_OUTER_BOUND ( 'NONE', #1728, .T. ) ;
#3420 = ORIENTED_EDGE ( 'NONE', *, *, #120, .T. ) ;
#3421 = DIRECTION ( 'NONE',  ( 0.000000000000000000, 0.000000000000000000, -1.000000000000000000 ) ) ;
#3422 = DIRECTION ( 'NONE',  ( 1.000000000000000000, 0.000000000000000000, -0.000000000000000000 ) ) ;
#3423 = ADVANCED_FACE ( 'NONE', ( #568 ), #334, .T. ) ;
#3424 = LINE ( 'NONE', #842, #2506 ) ;
#3425 = VERTEX_POINT ( 'NONE', #2224 ) ;
#3426 = DIRECTION ( 'NONE',  ( 1.000000000000000000, 0.000000000000000000, 0.000000000000000000 ) ) ;
#3427 = CARTESIAN_POINT ( 'NONE',  ( 0.5000000000000000000, -4.519999999999999574, -4.415000000000000924 ) ) ;
#3428 = CARTESIAN_POINT ( 'NONE',  ( 0.9000000000496748420, 2.265685424994650976, -0.4074999999999998623 ) ) ;
#3429 = SURFACE_STYLE_USAGE ( .BOTH. , #402 ) ;
#3430 = VERTEX_POINT ( 'NONE', #589 ) ;
#3431 = CARTESIAN_POINT ( 'NONE',  ( 0.7010632821808433501, 1.500551775759737083, -0.05893671781915643670 ) ) ;
#3432 = SURFACE_STYLE_USAGE ( .BOTH. , #3146 ) ;
#3433 = ADVANCED_FACE ( 'NONE', ( #315 ), #2582, .F. ) ;
#3434 = DIRECTION ( 'NONE',  ( 0.000000000000000000, -0.000000000000000000, -1.000000000000000000 ) ) ;
#3435 = DIRECTION ( 'NONE',  ( 0.000000000000000000, -1.000000000000000000, 0.000000000000000000 ) ) ;
#3436 = CARTESIAN_POINT ( 'NONE',  ( 0.9000000000000002442, 2.500000000042399861, -0.4074999999999999178 ) ) ;
#3437 = EDGE_CURVE ( 'NONE', #1115, #2199, #2540, .T. ) ;
#3438 = ORIENTED_EDGE ( 'NONE', *, *, #3111, .F. ) ;
#3439 = CARTESIAN_POINT ( 'NONE',  ( -0.5000000000000000000, -3.720000000000000195, -3.714999999999999858 ) ) ;
#3440 = FACE_OUTER_BOUND ( 'NONE', #3321, .T. ) ;
#3441 = DIRECTION ( 'NONE',  ( 0.000000000000000000, 0.000000000000000000, -1.000000000000000000 ) ) ;
#3442 = FILL_AREA_STYLE ('',( #2085 ) ) ;
#3443 = CARTESIAN_POINT ( 'NONE',  ( 0.5000000000000000000, -4.519999999999999574, -3.865000000000000213 ) ) ;
#3444 = MECHANICAL_DESIGN_GEOMETRIC_PRESENTATION_REPRESENTATION (  '', ( #3615 ), #192 ) ;
#3445 = SURFACE_STYLE_USAGE ( .BOTH. , #321 ) ;
#3446 = EDGE_CURVE ( 'NONE', #960, #2174, #56, .T. ) ;
#3447 = VECTOR ( 'NONE', #1560, 1000.000000000000000 ) ;
#3448 = PLANE ( 'NONE',  #2493 ) ;
#3449 = CARTESIAN_POINT ( 'NONE',  ( -0.5000000000000000000, -4.984500000000000597, -4.115000000000000213 ) ) ;
#3450 = VECTOR ( 'NONE', #3173, 1000.000000000000000 ) ;
#3451 = ORIENTED_EDGE ( 'NONE', *, *, #977, .T. ) ;
#3452 = CARTESIAN_POINT ( 'NONE',  ( 0.7307106781186547551, 1.400000000000000133, -0.02928932188134541342 ) ) ;
#3453 = DIRECTION ( 'NONE',  ( -0.000000000000000000, 1.000000000000000000, -0.000000000000000000 ) ) ;
#3454 = MECHANICAL_DESIGN_GEOMETRIC_PRESENTATION_REPRESENTATION (  '', ( #2960 ), #671 ) ;
#3455 = DIRECTION ( 'NONE',  ( -0.000000000000000000, -1.000000000000000000, -0.000000000000000000 ) ) ;
#3456 = DIRECTION ( 'NONE',  ( 0.000000000000000000, 0.000000000000000000, -1.000000000000000000 ) ) ;
#3457 = CARTESIAN_POINT ( 'NONE',  ( -0.9000000000000001332, 2.500000000000000444, -0.5074999999999999512 ) ) ;
#3458 = VERTEX_POINT ( 'NONE', #2305 ) ;
#3459 = CARTESIAN_POINT ( 'NONE',  ( -0.5000000000000000000, -3.970000000000000639, -3.714999999999999858 ) ) ;
#3460 = VECTOR ( 'NONE', #1126, 1000.000000000000000 ) ;
#3461 = CARTESIAN_POINT ( 'NONE',  ( -0.6600000000000000311, 1.399999999999999911, -0.8149999999999997247 ) ) ;
#3462 = AXIS2_PLACEMENT_3D ( 'NONE', #2171, #3319, #778 ) ;
#3463 = ORIENTED_EDGE ( 'NONE', *, *, #279, .T. ) ;
#3464 = CARTESIAN_POINT ( 'NONE',  ( -0.9000000000000000222, -2.265685424949237525, -0.4074999999999998068 ) ) ;
#3465 = VECTOR ( 'NONE', #3256, 1000.000000000000000 ) ;
#3466 = CARTESIAN_POINT ( 'NONE',  ( 0.7343145750901487467, 2.100000000000000089, -0.4074999999999998623 ) ) ;
#3467 =( BOUNDED_SURFACE ( )  B_SPLINE_SURFACE ( 3, 3, ( 
 ( #3650, #883, #3130, #2251 ),
 ( #1113, #1128, #597, #2231 ),
 ( #3411, #1696, #899, #1420 ),
 ( #1730, #2549, #2850, #3110 ) ),
 .UNSPECIFIED., .F., .F., .F. ) 
 B_SPLINE_SURFACE_WITH_KNOTS ( ( 4, 4 ),
 ( 4, 4 ),
 ( 0.000000000000000000, 1.000000000000000000 ),
 ( 0.000000000000000000, 1.000000000000000000 ),
 .UNSPECIFIED. ) 
 GEOMETRIC_REPRESENTATION_ITEM ( )  RATIONAL_B_SPLINE_SURFACE ( (
 ( 1.000000000000000000, 0.8047378541243649375, 0.8047378541243649375, 1.000000000000000000),
 ( 0.8025111867385922304, 0.6458111303268122549, 0.6458111303268122549, 0.8025111867385922304),
 ( 0.8025111867385922304, 0.6458111303268122549, 0.6458111303268122549, 0.8025111867385922304),
 ( 1.000000000000000000, 0.8047378541243649375, 0.8047378541243649375, 1.000000000000000000) ) ) 
 REPRESENTATION_ITEM ( '' )  SURFACE ( )  );
#3468 = CARTESIAN_POINT ( 'NONE',  ( 0.7189018665193553925, -1.369962439680784350, 0.01216412468090242310 ) ) ;
#3469 = ORIENTED_EDGE ( 'NONE', *, *, #1187, .F. ) ;
#3470 =( NAMED_UNIT ( * ) SI_UNIT ( $, .STERADIAN. ) SOLID_ANGLE_UNIT ( ) );
#3471 = EDGE_CURVE ( 'NONE', #1851, #1301, #632, .T. ) ;
#3472 = VECTOR ( 'NONE', #1104, 1000.000000000000000 ) ;
#3473 = CIRCLE ( 'NONE', #1559, 0.2500000000000000000 ) ;
#3474 = VECTOR ( 'NONE', #1389, 1000.000000000000000 ) ;
#3475 = VECTOR ( 'NONE', #2303, 1000.000000000000000 ) ;
#3476 =( GEOMETRIC_REPRESENTATION_CONTEXT ( 3 ) GLOBAL_UNCERTAINTY_ASSIGNED_CONTEXT ( ( #1712 ) ) GLOBAL_UNIT_ASSIGNED_CONTEXT ( ( #239, #3587, #1664 ) ) REPRESENTATION_CONTEXT ( 'NONE', 'WORKASPACE' ) );
#3477 = VERTEX_POINT ( 'NONE', #3080 ) ;
#3478 =( LENGTH_UNIT ( ) NAMED_UNIT ( * ) SI_UNIT ( .MILLI., .METRE. ) );
#3479 = DIRECTION ( 'NONE',  ( 0.000000000000000000, -1.000000000000000000, -0.000000000000000000 ) ) ;
#3480 = PLANE ( 'NONE',  #1742 ) ;
#3481 = ORIENTED_EDGE ( 'NONE', *, *, #466, .T. ) ;
#3482 = CARTESIAN_POINT ( 'NONE',  ( -0.7010632821808437942, -1.500551775759737083, -0.05893671781915656854 ) ) ;
#3483 = CARTESIAN_POINT ( 'NONE',  ( 0.6600000000000000311, -1.500000000000000000, -0.1000000000000001305 ) ) ;
#3484 =( NAMED_UNIT ( * ) PLANE_ANGLE_UNIT ( ) SI_UNIT ( $, .RADIAN. ) );
#3485 = EDGE_LOOP ( 'NONE', ( #3169, #3623, #482, #1466, #3347, #2775, #2169, #2716, #3064, #2524, #1013, #1518 ) ) ;
#3486 = CYLINDRICAL_SURFACE ( 'NONE', #370, 0.5000000000000000000 ) ;
#3487 = ADVANCED_FACE ( 'NONE', ( #545 ), #1666, .T. ) ;
#3488 = CARTESIAN_POINT ( 'NONE',  ( -1.750000000000000000, -3.000000000000000000, -4.315000000000000391 ) ) ;
#3489 = DIRECTION ( 'NONE',  ( 0.000000000000000000, -1.000000000000000000, 0.000000000000000000 ) ) ;
#3490 = CARTESIAN_POINT ( 'NONE',  ( -1.000000000000000000, 3.000000000000000000, -0.8149999999999999467 ) ) ;
#3491 = ORIENTED_EDGE ( 'NONE', *, *, #563, .T. ) ;
#3492 = CARTESIAN_POINT ( 'NONE',  ( 0.7343145750055632970, -2.099999999950560081, -0.4074999999999999734 ) ) ;
#3493 = DIRECTION ( 'NONE',  ( 0.000000000000000000, -0.000000000000000000, -1.000000000000000000 ) ) ;
#3494 = SURFACE_SIDE_STYLE ('',( #2306 ) ) ;
#3495 = LINE ( 'NONE', #1251, #3465 ) ;
#3496 = EDGE_CURVE ( 'NONE', #2981, #2109, #3424, .T. ) ;
#3497 = ORIENTED_EDGE ( 'NONE', *, *, #2610, .F. ) ;
#3498 = CIRCLE ( 'NONE', #2180, 0.5500000000000001554 ) ;
#3499 =( GEOMETRIC_REPRESENTATION_CONTEXT ( 3 ) GLOBAL_UNCERTAINTY_ASSIGNED_CONTEXT ( ( #2996 ) ) GLOBAL_UNIT_ASSIGNED_CONTEXT ( ( #3610, #3577, #1088 ) ) REPRESENTATION_CONTEXT ( 'NONE', 'WORKASPACE' ) );
#3500 = CARTESIAN_POINT ( 'NONE',  ( -0.9000000000000001332, 17.98008839999999964, -0.5074999999999999512 ) ) ;
#3501 = MECHANICAL_DESIGN_GEOMETRIC_PRESENTATION_REPRESENTATION (  '', ( #2369 ), #3265 ) ;
#3502 = CARTESIAN_POINT ( 'NONE',  ( -1.750000000000000000, -2.750000000000000000, 0.000000000000000000 ) ) ;
#3503 = ORIENTED_EDGE ( 'NONE', *, *, #2409, .F. ) ;
#3504 = CARTESIAN_POINT ( 'NONE',  ( -1.500000000000000000, 3.000000000000000000, -0.8024633285509000791 ) ) ;
#3505 = ADVANCED_FACE ( 'NONE', ( #298 ), #877, .F. ) ;
#3506 = CARTESIAN_POINT ( 'NONE',  ( -1.750000000000000000, 0.000000000000000000, -4.315000000000000391 ) ) ;
#3507 = CARTESIAN_POINT ( 'NONE',  ( 1.500000000000000000, 2.750000000000000000, -0.8149999999999997247 ) ) ;
#3508 = ORIENTED_EDGE ( 'NONE', *, *, #3595, .F. ) ;
#3509 = CARTESIAN_POINT ( 'NONE',  ( -0.6299624396807850246, -1.399999999999997025, 0.01216412468090237453 ) ) ;
#3510 = EDGE_CURVE ( 'NONE', #2383, #3075, #3290, .T. ) ;
#3511 = DIRECTION ( 'NONE',  ( -1.000000000000000000, -0.000000000000000000, -0.000000000000000000 ) ) ;
#3512 = VECTOR ( 'NONE', #961, 1000.000000000000000 ) ;
#3513 = COLOUR_RGB ( '',0.6901960784313725394, 0.6117647058823529882, 0.5294117647058823595 ) ;
#3514 = PRESENTATION_STYLE_ASSIGNMENT (( #1811 ) ) ;
#3515 = ORIENTED_EDGE ( 'NONE', *, *, #1948, .T. ) ;
#3516 = EDGE_CURVE ( 'NONE', #839, #3057, #2355, .T. ) ;
#3517 = VECTOR ( 'NONE', #2111, 1000.000000000000000 ) ;
#3518 =( NAMED_UNIT ( * ) SI_UNIT ( $, .STERADIAN. ) SOLID_ANGLE_UNIT ( ) );
#3519 = MECHANICAL_DESIGN_GEOMETRIC_PRESENTATION_REPRESENTATION (  '', ( #3108 ), #1219 ) ;
#3520 = EDGE_CURVE ( 'NONE', #428, #819, #2030, .T. ) ;
#3521 = STYLED_ITEM ( 'NONE', ( #2399 ), #2946 ) ;
#3522 = ORIENTED_EDGE ( 'NONE', *, *, #1046, .F. ) ;
#3523 = CARTESIAN_POINT ( 'NONE',  ( 1.750000000000000000, -1.500000000000000222, -4.315000000000000391 ) ) ;
#3524 = CARTESIAN_POINT ( 'NONE',  ( 0.7686291500497063334, -2.041421356180629143, -0.4074999999999996403 ) ) ;
#3525 = AXIS2_PLACEMENT_3D ( 'NONE', #521, #756, #2200 ) ;
#3526 = PRESENTATION_LAYER_ASSIGNMENT (  '', '', ( #3236 ) ) ;
#3527 = DIRECTION ( 'NONE',  ( -0.000000000000000000, 1.000000000000000000, 0.000000000000000000 ) ) ;
#3528 = CARTESIAN_POINT ( 'NONE',  ( -0.7307106781186549771, -1.399999999999999911, -0.02928932188134541342 ) ) ;
#3529 = LINE ( 'NONE', #931, #152 ) ;
#3530 = AXIS2_PLACEMENT_3D ( 'NONE', #66, #3148, #3434 ) ;
#3531 = CYLINDRICAL_SURFACE ( 'NONE', #3157, 0.5499999999999997113 ) ;
#3532 =( LENGTH_UNIT ( ) NAMED_UNIT ( * ) SI_UNIT ( .MILLI., .METRE. ) );
#3533 = UNCERTAINTY_MEASURE_WITH_UNIT (LENGTH_MEASURE( 1.000000000000000082E-05 ), #1881, 'distance_accuracy_value', 'NONE');
#3534 = EDGE_LOOP ( 'NONE', ( #1913, #908, #1667, #2824 ) ) ;
#3535 = SURFACE_STYLE_FILL_AREA ( #2038 ) ;
#3536 = CARTESIAN_POINT ( 'NONE',  ( 0.6600000000000000311, -1.470710678118654968, -0.02928932188134519832 ) ) ;
#3537 = SURFACE_SIDE_STYLE ('',( #1767 ) ) ;
#3538 = ORIENTED_EDGE ( 'NONE', *, *, #466, .F. ) ;
#3539 = DIRECTION ( 'NONE',  ( -1.000000000000000000, 0.000000000000000000, 0.000000000000000000 ) ) ;
#3540 = EDGE_CURVE ( 'NONE', #603, #3258, #3158, .T. ) ;
#3541 = ORIENTED_EDGE ( 'NONE', *, *, #1234, .F. ) ;
#3542 = FILL_AREA_STYLE_COLOUR ( '', #1729 ) ;
#3543 = DIRECTION ( 'NONE',  ( -1.000000000000000000, 0.000000000000000000, -0.000000000000000000 ) ) ;
#3544 = DIRECTION ( 'NONE',  ( 0.000000000000000000, 1.000000000000000000, -0.000000000000000000 ) ) ;
#3545 = CYLINDRICAL_SURFACE ( 'NONE', #2394, 0.2500000000000002220 ) ;
#3546 = DIRECTION ( 'NONE',  ( 0.000000000000000000, 0.000000000000000000, 1.000000000000000000 ) ) ;
#3547 = PLANE ( 'NONE',  #2478 ) ;
#3548 = FACE_OUTER_BOUND ( 'NONE', #3109, .T. ) ;
#3549 = ORIENTED_EDGE ( 'NONE', *, *, #3407, .F. ) ;
#3550 = EDGE_CURVE ( 'NONE', #486, #951, #356, .T. ) ;
#3551 = DIRECTION ( 'NONE',  ( -1.000000000000000000, -2.110000230093334039E-10, -0.000000000000000000 ) ) ;
#3552 = SURFACE_STYLE_USAGE ( .BOTH. , #1561 ) ;
#3553 = CARTESIAN_POINT ( 'NONE',  ( 0.7062648973189230572, 1.459017335549510852, -0.004843541081613562949 ) ) ;
#3554 = ORIENTED_EDGE ( 'NONE', *, *, #2389, .T. ) ;
#3555 = AXIS2_PLACEMENT_3D ( 'NONE', #2435, #2485, #1603 ) ;
#3556 = MECHANICAL_DESIGN_GEOMETRIC_PRESENTATION_REPRESENTATION (  '', ( #2113 ), #832 ) ;
#3557 = CARTESIAN_POINT ( 'NONE',  ( -1.750000000000000000, -2.000000000000000000, -0.8149999999999999467 ) ) ;
#3558 = MECHANICAL_DESIGN_GEOMETRIC_PRESENTATION_REPRESENTATION (  '', ( #2727 ), #1135 ) ;
#3559 = UNCERTAINTY_MEASURE_WITH_UNIT (LENGTH_MEASURE( 1.000000000000000082E-05 ), #3304, 'distance_accuracy_value', 'NONE');
#3560 = EDGE_LOOP ( 'NONE', ( #1127, #1999, #2725, #1504 ) ) ;
#3561 = LINE ( 'NONE', #1877, #1669 ) ;
#3562 =( LENGTH_UNIT ( ) NAMED_UNIT ( * ) SI_UNIT ( .MILLI., .METRE. ) );
#3563 =( LENGTH_UNIT ( ) NAMED_UNIT ( * ) SI_UNIT ( .MILLI., .METRE. ) );
#3564 = VECTOR ( 'NONE', #3544, 1000.000000000000000 ) ;
#3565 = EDGE_LOOP ( 'NONE', ( #363, #3662, #2612, #2879 ) ) ;
#3566 = PRESENTATION_STYLE_ASSIGNMENT (( #3039 ) ) ;
#3567 = SURFACE_STYLE_USAGE ( .BOTH. , #1359 ) ;
#3568 =( NAMED_UNIT ( * ) PLANE_ANGLE_UNIT ( ) SI_UNIT ( $, .RADIAN. ) );
#3569 = EDGE_CURVE ( 'NONE', #2243, #870, #2323, .T. ) ;
#3570 = CARTESIAN_POINT ( 'NONE',  ( -0.7307106781186548661, -1.400000000000000133, -0.02928932188134501097 ) ) ;
#3571 = EDGE_LOOP ( 'NONE', ( #2541, #613, #2312, #1581 ) ) ;
#3572 = VECTOR ( 'NONE', #2013, 1000.000000000000000 ) ;
#3573 =( NAMED_UNIT ( * ) SI_UNIT ( $, .STERADIAN. ) SOLID_ANGLE_UNIT ( ) );
#3574 = CYLINDRICAL_SURFACE ( 'NONE', #2512, 0.2500000000000000000 ) ;
#3575 = EDGE_CURVE ( 'NONE', #3123, #3309, #397, .T. ) ;
#3576 = MECHANICAL_DESIGN_GEOMETRIC_PRESENTATION_REPRESENTATION (  '', ( #1209 ), #905 ) ;
#3577 =( NAMED_UNIT ( * ) PLANE_ANGLE_UNIT ( ) SI_UNIT ( $, .RADIAN. ) );
#3578 = VERTEX_POINT ( 'NONE', #1264 ) ;
#3579 =( GEOMETRIC_REPRESENTATION_CONTEXT ( 3 ) GLOBAL_UNCERTAINTY_ASSIGNED_CONTEXT ( ( #3533 ) ) GLOBAL_UNIT_ASSIGNED_CONTEXT ( ( #1881, #3343, #204 ) ) REPRESENTATION_CONTEXT ( 'NONE', 'WORKASPACE' ) );
#3580 = LINE ( 'NONE', #3335, #136 ) ;
#3581 = ORIENTED_EDGE ( 'NONE', *, *, #537, .T. ) ;
#3582 = CARTESIAN_POINT ( 'NONE',  ( 0.6600000000000000311, 1.399999999999999911, -0.8149999999999997247 ) ) ;
#3583 = VERTEX_POINT ( 'NONE', #2598 ) ;
#3584 = DIRECTION ( 'NONE',  ( -0.000000000000000000, -1.000000000000000000, -0.000000000000000000 ) ) ;
#3585 = DIRECTION ( 'NONE',  ( 0.000000000000000000, 0.000000000000000000, -1.000000000000000000 ) ) ;
#3586 = ORIENTED_EDGE ( 'NONE', *, *, #3446, .T. ) ;
#3587 =( NAMED_UNIT ( * ) PLANE_ANGLE_UNIT ( ) SI_UNIT ( $, .RADIAN. ) );
#3588 = CARTESIAN_POINT ( 'NONE',  ( -0.5000000000000000000, -3.720000000000000195, -3.714999999999999858 ) ) ;
#3589 = FILL_AREA_STYLE_COLOUR ( '', #443 ) ;
#3590 = STYLED_ITEM ( 'NONE', ( #2781 ), #314 ) ;
#3591 = ORIENTED_EDGE ( 'NONE', *, *, #1070, .T. ) ;
#3592 = DIRECTION ( 'NONE',  ( 0.000000000000000000, 0.000000000000000000, -1.000000000000000000 ) ) ;
#3593 = EDGE_CURVE ( 'NONE', #2981, #2760, #1517, .T. ) ;
#3594 = DIRECTION ( 'NONE',  ( 0.000000000000000000, 0.000000000000000000, -1.000000000000000000 ) ) ;
#3595 = EDGE_CURVE ( 'NONE', #755, #1862, #2615, .T. ) ;
#3596 = EDGE_LOOP ( 'NONE', ( #1244, #3658, #2849 ) ) ;
#3597 = CARTESIAN_POINT ( 'NONE',  ( 0.5000000000000001110, -3.000000000000000000, -3.464999999999999414 ) ) ;
#3598 = CARTESIAN_POINT ( 'NONE',  ( -0.5000000000000000000, 4.519999999999999574, -3.865000000000000213 ) ) ;
#3599 = ORIENTED_EDGE ( 'NONE', *, *, #2930, .T. ) ;
#3600 = DIRECTION ( 'NONE',  ( 1.000000000000000000, -0.000000000000000000, 0.000000000000000000 ) ) ;
#3601 = ORIENTED_EDGE ( 'NONE', *, *, #1795, .F. ) ;
#3602 = PLANE ( 'NONE',  #3525 ) ;
#3603 = CYLINDRICAL_SURFACE ( 'NONE', #1732, 0.2499999999999997780 ) ;
#3604 = UNCERTAINTY_MEASURE_WITH_UNIT (LENGTH_MEASURE( 1.000000000000000082E-05 ), #1303, 'distance_accuracy_value', 'NONE');
#3605 = DIRECTION ( 'NONE',  ( -0.000000000000000000, 0.000000000000000000, 1.000000000000000000 ) ) ;
#3606 = ORIENTED_EDGE ( 'NONE', *, *, #1988, .T. ) ;
#3607 = EDGE_CURVE ( 'NONE', #288, #1335, #3184, .T. ) ;
#3608 = SURFACE_STYLE_FILL_AREA ( #2146 ) ;
#3609 = CARTESIAN_POINT ( 'NONE',  ( 1.500000000000000000, 3.000000000000000000, -4.315000000000000391 ) ) ;
#3610 =( LENGTH_UNIT ( ) NAMED_UNIT ( * ) SI_UNIT ( .MILLI., .METRE. ) );
#3611 = ORIENTED_EDGE ( 'NONE', *, *, #2072, .F. ) ;
#3612 = LINE ( 'NONE', #1861, #1938 ) ;
#3613 = PRODUCT_CONTEXT ( 'NONE', #2729, 'mechanical' ) ;
#3614 = SURFACE_STYLE_USAGE ( .BOTH. , #1606 ) ;
#3615 = STYLED_ITEM ( 'NONE', ( #1839 ), #2105 ) ;
#3616 = CIRCLE ( 'NONE', #2789, 0.2500000000000000000 ) ;
#3617 = PRESENTATION_STYLE_ASSIGNMENT (( #3074 ) ) ;
#3618 = EDGE_CURVE ( 'NONE', #1674, #316, #2508, .T. ) ;
#3619 = ORIENTED_EDGE ( 'NONE', *, *, #3061, .F. ) ;
#3620 = DIRECTION ( 'NONE',  ( 1.000000000000000000, 0.000000000000000000, 0.000000000000000000 ) ) ;
#3621 = PRESENTATION_STYLE_ASSIGNMENT (( #1635 ) ) ;
#3622 = CARTESIAN_POINT ( 'NONE',  ( -0.7307106781186549771, -1.400000000000000577, -0.02928932188134485484 ) ) ;
#3623 = ORIENTED_EDGE ( 'NONE', *, *, #3132, .F. ) ;
#3624 = LINE ( 'NONE', #1086, #3460 ) ;
#3625 = SURFACE_STYLE_USAGE ( .BOTH. , #3353 ) ;
#3626 =( GEOMETRIC_REPRESENTATION_CONTEXT ( 3 ) GLOBAL_UNCERTAINTY_ASSIGNED_CONTEXT ( ( #3344 ) ) GLOBAL_UNIT_ASSIGNED_CONTEXT ( ( #1381, #2808, #1401 ) ) REPRESENTATION_CONTEXT ( 'NONE', 'WORKASPACE' ) );
#3627 = ADVANCED_FACE ( 'NONE', ( #1806 ), #2947, .T. ) ;
#3628 = MECHANICAL_DESIGN_GEOMETRIC_PRESENTATION_REPRESENTATION (  '', ( #330 ), #2801 ) ;
#3629 = DIRECTION ( 'NONE',  ( -0.000000000000000000, -0.000000000000000000, 1.000000000000000000 ) ) ;
#3630 = AXIS2_PLACEMENT_3D ( 'NONE', #2935, #703, #2692 ) ;
#3631 = CARTESIAN_POINT ( 'NONE',  ( -0.5000000000000000000, -4.269999999999999574, -3.714999999999999858 ) ) ;
#3632 = LINE ( 'NONE', #1095, #2088 ) ;
#3633 = EDGE_CURVE ( 'NONE', #1065, #1643, #2650, .T. ) ;
#3634 = ORIENTED_EDGE ( 'NONE', *, *, #3191, .T. ) ;
#3635 = STYLED_ITEM ( 'NONE', ( #3338 ), #2746 ) ;
#3636 = VECTOR ( 'NONE', #53, 1000.000000000000000 ) ;
#3637 =( NAMED_UNIT ( * ) PLANE_ANGLE_UNIT ( ) SI_UNIT ( $, .RADIAN. ) );
#3638 = VERTEX_POINT ( 'NONE', #2064 ) ;
#3639 = CARTESIAN_POINT ( 'NONE',  ( -1.000000000000000000, 3.000000000000000444, -4.315000000000000391 ) ) ;
#3640 = FILL_AREA_STYLE ('',( #1062 ) ) ;
#3641 = PRESENTATION_LAYER_ASSIGNMENT (  '', '', ( #156 ) ) ;
#3642 = CARTESIAN_POINT ( 'NONE',  ( -0.5000000000000000000, -4.519999999999999574, -4.415000000000000924 ) ) ;
#3643 = VERTEX_POINT ( 'NONE', #127 ) ;
#3644 = EDGE_LOOP ( 'NONE', ( #1759, #2037, #1149, #1169 ) ) ;
#3645 = CARTESIAN_POINT ( 'NONE',  ( -1.000000000000000000, -3.000000000000000000, -4.315000000000000391 ) ) ;
#3646 = AXIS2_PLACEMENT_3D ( 'NONE', #964, #2898, #2084 ) ;
#3647 = STYLED_ITEM ( 'NONE', ( #1001 ), #233 ) ;
#3648 = VECTOR ( 'NONE', #1655, 1000.000000000000000 ) ;
#3649 = CARTESIAN_POINT ( 'NONE',  ( 0.9999999999999997780, 3.000000000000000000, -0.8149999999999999467 ) ) ;
#3650 = CARTESIAN_POINT ( 'NONE',  ( -0.6600000000000000311, 1.470710678118654746, -0.02928932188134530587 ) ) ;
#3651 = CIRCLE ( 'NONE', #1283, 0.09999999999999999167 ) ;
#3652 = PLANE ( 'NONE',  #3530 ) ;
#3653 = LINE ( 'NONE', #816, #3474 ) ;
#3654 = EDGE_LOOP ( 'NONE', ( #203, #1977, #3619, #2468 ) ) ;
#3655 = ADVANCED_FACE ( 'NONE', ( #1246 ), #3480, .T. ) ;
#3656 = DIRECTION ( 'NONE',  ( -0.000000000000000000, -0.000000000000000000, 1.000000000000000000 ) ) ;
#3657 = CARTESIAN_POINT ( 'NONE',  ( 0.5000000000000000000, 2.500000000000000000, -0.8149999999999999467 ) ) ;
#3658 = ORIENTED_EDGE ( 'NONE', *, *, #3618, .T. ) ;
#3659 = CARTESIAN_POINT ( 'NONE',  ( -0.5000000000000000000, 4.269999999999999574, -3.865000000000000213 ) ) ;
#3660 = CARTESIAN_POINT ( 'NONE',  ( 0.7928932188626856004, 2.000000000000000000, -0.4489213562373092770 ) ) ;
#3661 = VERTEX_POINT ( 'NONE', #628 ) ;
#3662 = ORIENTED_EDGE ( 'NONE', *, *, #813, .T. ) ;
#3663 = DIRECTION ( 'NONE',  ( -0.000000000000000000, 0.000000000000000000, -1.000000000000000000 ) ) ;
#3664 =( NAMED_UNIT ( * ) SI_UNIT ( $, .STERADIAN. ) SOLID_ANGLE_UNIT ( ) );
#3665 = CARTESIAN_POINT ( 'NONE',  ( -1.750000000000000000, 1.500000000000000000, -0.8149999999999999467 ) ) ;
#3666 = ORIENTED_EDGE ( 'NONE', *, *, #2297, .T. ) ;
#3667 = CARTESIAN_POINT ( 'NONE',  ( 0.6593335774253690218, 1.499995558710894850, -0.1006664225746310148 ) ) ;
#3668 = EDGE_CURVE ( 'NONE', #839, #3368, #3473, .T. ) ;
#3669 = EDGE_CURVE ( 'NONE', #1115, #412, #2666, .T. ) ;
ENDSEC;
END-ISO-10303-21;
